uri,metadata
https://synthetic.leread.ca/silver/G0000,"[
  {
    ""id"": ""silver-G0000"",
    ""docType"": ""DECISION"",
    ""path"": ""/synthetic/silver/G0000"",
    ""docTitle"": ""40 N.B.R. (2d) 172"",
    ""autoCompletions"": ""[{\""type\"":\""MAIN_TITLE\"",\""text\"":\""40 N.B.R. (2d) 172\""},{\""type\"":\""DECISION_OTHER_REFERENCES\"",\""text\"":\""[40 N.B.R. (2d) 172]\""}]"",
    ""jurisdictionId"": ""unspecified"",
    ""citedCount"": 1
  }
]"
https://synthetic.leread.ca/silver/G0001,"[
  {
    ""id"": ""silver-G0001"",
    ""docType"": ""DECISION"",
    ""path"": ""/synthetic/silver/G0001"",
    ""docTitle"": ""Attorney-General ex rel. Whitechapel Board of Works v. Homer"",
    ""autoCompletions"": ""[{\""type\"":\""MAIN_TITLE\"",\""text\"":\""Attorney-General ex rel. Whitechapel Board of Works v. Homer\""},{\""type\"":\""DECISION_OTHER_REFERENCES\"",\""text\"":\""(1884), 14 Q.B.D. 245\""},{\""type\"":\""DECISION_OTHER_REFERENCES\"",\""text\"":\""11 App. Cas. 66\""}]"",
    ""jurisdictionId"": ""unspecified"",
    ""citedCount"": 2
  }
]"
https://synthetic.leread.ca/silver/G0002,"[
  {
    ""id"": ""silver-G0002"",
    ""docType"": ""DECISION"",
    ""path"": ""/synthetic/silver/G0002"",
    ""docTitle"": ""Attorney-General v. De Keyser"",
    ""autoCompletions"": ""[{\""type\"":\""MAIN_TITLE\"",\""text\"":\""Attorney-General v. De Keyser\""},{\""type\"":\""DECISION_ALTERNATE_TITLE\"",\""text\"":\""Attorney-General v. De Keyser's Royal Hotel, Ltd.\""},{\""type\"":\""DECISION_OTHER_REFERENCES\"",\""text\"":\""[1920] A.C. 508\""}]"",
    ""jurisdictionId"": ""unspecified"",
    ""citedCount"": 1
  }
]"
https://synthetic.leread.ca/silver/G0003,"[
  {
    ""id"": ""silver-G0003"",
    ""docType"": ""DECISION"",
    ""path"": ""/synthetic/silver/G0003"",
    ""docTitle"": ""Belfast Corp. v. O. D. Cars Ltd."",
    ""autoCompletions"": ""[{\""type\"":\""MAIN_TITLE\"",\""text\"":\""Belfast Corp. v. O. D. Cars Ltd.\""},{\""type\"":\""DECISION_OTHER_REFERENCES\"",\""text\"":\""[1960] A.C. 490\""}]"",
    ""jurisdictionId"": ""unspecified"",
    ""citedCount"": 1
  }
]"
https://synthetic.leread.ca/silver/G0005,"[
  {
    ""id"": ""silver-G0005"",
    ""docType"": ""DOCTRINE"",
    ""path"": ""/synthetic/silver/G0005"",
    ""docTitle"": ""Maxwell on the Interpretation of Statutes"",
    ""autoCompletions"": ""[{\""type\"":\""MAIN_TITLE\"",\""text\"":\""Maxwell on the Interpretation of Statutes\""},{\""type\"":\""MAIN_TITLE\"",\""text\"":\""The Interpretation of Statutes\""},{\""type\"":\""DOCTRINE_AUTHOR\"",\""text\"":\""Corry\""},{\""type\"":\""DOCTRINE_AUTHOR\"",\""text\"":\""Maxwell\""}]"",
    ""jurisdictionId"": ""unspecified"",
    ""citedCount"": 3
  }
]"
https://synthetic.leread.ca/silver/G0006,"[
  {
    ""id"": ""silver-G0006"",
    ""docType"": ""DECISION"",
    ""path"": ""/synthetic/silver/G0006"",
    ""docTitle"": ""Crown Trust Co. et al. v. Workmen"",
    ""autoCompletions"": ""[{\""type\"":\""MAIN_TITLE\"",\""text\"":\""Crown Trust Co. et al. v. Workmen\""},{\""type\"":\""DECISION_ALTERNATE_TITLE\"",\""text\"":\""Crown Trust Co. et al. v. Workmen's Compensation Board et al.\""},{\""type\"":\""DECISION_ALTERNATE_TITLE\"",\""text\"":\""Crown Trust Co. v. Workmen's Compensation Board\""},{\""type\"":\""DECISION_OTHER_REFERENCES\"",\""text\"":\""(1975), 55 D.L.R. (3d) 498\""},{\""type\"":\""DECISION_OTHER_REFERENCES\"",\""text\"":\""7 O.R. (2d) 466\""}]"",
    ""jurisdictionId"": ""unspecified"",
    ""citedCount"": 2
  }
]"
https://synthetic.leread.ca/silver/G0007,"[
  {
    ""id"": ""silver-G0007"",
    ""docType"": ""DECISION"",
    ""path"": ""/synthetic/silver/G0007"",
    ""docTitle"": ""Dinning v. Workmen"",
    ""autoCompletions"": ""[{\""type\"":\""MAIN_TITLE\"",\""text\"":\""Dinning v. Workmen\""},{\""type\"":\""DECISION_ALTERNATE_TITLE\"",\""text\"":\""Dinning v. Workmen's Compensation Bd.\""},{\""type\"":\""DECISION_OTHER_REFERENCES\"",\""text\"":\""13 C.B.R. 256\""},{\""type\"":\""DECISION_OTHER_REFERENCES\"",\""text\"":\""[1932] 1 D.L.R. 373\""},{\""type\"":\""DECISION_OTHER_REFERENCES\"",\""text\"":\""[1932] 1 W.W.R. 136\""}]"",
    ""jurisdictionId"": ""unspecified"",
    ""citedCount"": 1
  }
]"
https://synthetic.leread.ca/silver/G0008,"[
  {
    ""id"": ""silver-G0008"",
    ""docType"": ""DOCTRINE"",
    ""path"": ""/synthetic/silver/G0008"",
    ""docTitle"": ""Driedger, Construction of Statutes"",
    ""autoCompletions"": ""[{\""type\"":\""MAIN_TITLE\"",\""text\"":\""Driedger, Construction of Statutes\""},{\""type\"":\""MAIN_TITLE\"",\""text\"":\""Construction of Statutes\""},{\""type\"":\""MAIN_TITLE\"",\""text\"":\""Driedger\""},{\""type\"":\""MAIN_TITLE\"",\""text\"":\""Driedger on The Construction of Statutes\""},{\""type\"":\""MAIN_TITLE\"",\""text\"":\""Driedger on the Construction of Statutes\""},{\""type\"":\""MAIN_TITLE\"",\""text\"":\""The Construction of Statutes\""},{\""type\"":\""DOCTRINE_AUTHOR\"",\""text\"":\""Dreidger\""},{\""type\"":\""DOCTRINE_AUTHOR\"",\""text\"":\""Driedger\""},{\""type\"":\""DOCTRINE_AUTHOR\"",\""text\"":\""E. A. Driedger\""},{\""type\"":\""DOCTRINE_AUTHOR\"",\""text\"":\""E.A. Dreidger\""},{\""type\"":\""DOCTRINE_AUTHOR\"",\""text\"":\""E.A. Driedger\""},{\""type\"":\""DOCTRINE_AUTHOR\"",\""text\"":\""Elmer A. Driedger\""},{\""type\"":\""DOCTRINE_AUTHOR\"",\""text\"":\""Elmer Driedger\""},{\""type\"":\""DOCTRINE_AUTHOR\"",\""text\"":\""Professor Sullivan\""},{\""type\"":\""DOCTRINE_AUTHOR\"",\""text\"":\""R. Sullivan\""},{\""type\"":\""DOCTRINE_AUTHOR\"",\""text\"":\""Ruth Sullivan\""}]"",
    ""jurisdictionId"": ""unspecified"",
    ""citedCount"": 21
  }
]"
https://synthetic.leread.ca/silver/G0009,"[
  {
    ""id"": ""silver-G0009"",
    ""docType"": ""DECISION"",
    ""path"": ""/synthetic/silver/G0009"",
    ""docTitle"": ""East Coast Amusement Co. Ltd. v. British Transport Board"",
    ""autoCompletions"": ""[{\""type\"":\""MAIN_TITLE\"",\""text\"":\""East Coast Amusement Co. Ltd. v. British Transport Board\""},{\""type\"":\""DECISION_OTHER_REFERENCES\"",\""text\"":\""[1965] A.C. 58\""}]"",
    ""jurisdictionId"": ""unspecified"",
    ""citedCount"": 1
  }
]"
https://synthetic.leread.ca/silver/G0010,"[
  {
    ""id"": ""silver-G0010"",
    ""docType"": ""LEGISLATION"",
    ""path"": ""/synthetic/silver/G0010"",
    ""docTitle"": ""Fresh Water Fish Marketing Act"",
    ""autoCompletions"": ""[{\""type\"":\""MAIN_TITLE\"",\""text\"":\""Fresh Water Fish Marketing Act\""},{\""type\"":\""LEGISLATION_ALTERNATE_TITLE\"",\""text\"":\""Act\""}]"",
    ""jurisdictionId"": ""unspecified"",
    ""citedCount"": 2
  }
]"
https://synthetic.leread.ca/silver/G0011,"[
  {
    ""id"": ""silver-G0011"",
    ""docType"": ""DECISION"",
    ""path"": ""/synthetic/silver/G0011"",
    ""docTitle"": ""Homeplan Realty Ltd. v. Avco Financial Services Realty Ltd. et al"",
    ""autoCompletions"": ""[{\""type\"":\""MAIN_TITLE\"",\""text\"":\""Homeplan Realty Ltd. v. Avco Financial Services Realty Ltd. et al\""},{\""type\"":\""DECISION_OTHER_REFERENCES\"",\""text\"":\""5 B.C.L.R. 289\""},{\""type\"":\""DECISION_OTHER_REFERENCES\"",\""text\"":\""81 D.L.R. (3d) 289\""}]"",
    ""jurisdictionId"": ""unspecified"",
    ""citedCount"": 1
  }
]"
https://synthetic.leread.ca/silver/G0013,"[
  {
    ""id"": ""silver-G0013"",
    ""docType"": ""DOCTRINE"",
    ""path"": ""/synthetic/silver/G0013"",
    ""docTitle"": ""Keir and Lawson, Cases in Constitutional Law"",
    ""autoCompletions"": ""[{\""type\"":\""MAIN_TITLE\"",\""text\"":\""Keir and Lawson, Cases in Constitutional Law\""},{\""type\"":\""MAIN_TITLE\"",\""text\"":\""Cases in Constitutional Law\""},{\""type\"":\""DOCTRINE_AUTHOR\"",\""text\"":\""D. L. Keir and F. H. Lawson\""},{\""type\"":\""DOCTRINE_AUTHOR\"",\""text\"":\""Keir and Lawson\""}]"",
    ""jurisdictionId"": ""unspecified"",
    ""citedCount"": 3
  }
]"
https://synthetic.leread.ca/silver/G0014,"[
  {
    ""id"": ""silver-G0014"",
    ""docType"": ""DECISION"",
    ""path"": ""/synthetic/silver/G0014"",
    ""docTitle"": ""Le Gassick et al. v. Continental Automotive Inc."",
    ""autoCompletions"": ""[{\""type\"":\""MAIN_TITLE\"",\""text\"":\""Le Gassick et al. v. Continental Automotive Inc.\""},{\""type\"":\""DECISION_ALTERNATE_TITLE\"",\""text\"":\""Continental Automotive\""},{\""type\"":\""DECISION_OTHER_REFERENCES\"",\""text\"":\""1981), 127 D.L.R. (3d) 675\""},{\""type\"":\""DECISION_OTHER_REFERENCES\"",\""text\"":\""35 N.B.R. (2d) 657\""},{\""type\"":\""DECISION_OTHER_REFERENCES\"",\""text\"":\""37 N.B.R. (2d) 284\""}]"",
    ""jurisdictionId"": ""unspecified"",
    ""citedCount"": 3
  }
]"
https://synthetic.leread.ca/silver/G0015,"[
  {
    ""id"": ""silver-G0015"",
    ""docType"": ""DECISION"",
    ""path"": ""/synthetic/silver/G0015"",
    ""docTitle"": ""London and North Western Ry. Co. v. Evans"",
    ""autoCompletions"": ""[{\""type\"":\""MAIN_TITLE\"",\""text\"":\""London and North Western Ry. Co. v. Evans\""},{\""type\"":\""DECISION_OTHER_REFERENCES\"",\""text\"":\""[1893] 1 Ch. 16\""}]"",
    ""jurisdictionId"": ""unspecified"",
    ""citedCount"": 1
  }
]"
https://synthetic.leread.ca/silver/G0017,"[
  {
    ""id"": ""silver-G0017"",
    ""docType"": ""DOCTRINE"",
    ""path"": ""/synthetic/silver/G0017"",
    ""docTitle"": ""Maxwell on the Interpretation of Statutes"",
    ""autoCompletions"": ""[{\""type\"":\""MAIN_TITLE\"",\""text\"":\""Maxwell on the Interpretation of Statutes\""}]"",
    ""jurisdictionId"": ""unspecified"",
    ""citedCount"": 1
  }
]"
https://synthetic.leread.ca/silver/G0018,"[
  {
    ""id"": ""silver-G0018"",
    ""docType"": ""LEGISLATION"",
    ""path"": ""/synthetic/silver/G0018"",
    ""docTitle"": ""Official Languages of New Brunswick Act"",
    ""autoCompletions"": ""[{\""type\"":\""MAIN_TITLE\"",\""text\"":\""Official Languages of New Brunswick Act\""},{\""type\"":\""LEGISLATION_REFERENCE\"",\""text\"":\""R.S.N.B. 1973, c. O-1\""},{\""type\"":\""LEGISLATION_ALTERNATE_REFERENCE\"",\""text\"":\""R.S.N.B. 1973,\""},{\""type\"":\""LEGISLATION_ALTERNATE_REFERENCE\"",\""text\"":\""c. O<span style=\\\""text-transform:uppercase\\\"">-1</span>\""}]"",
    ""jurisdictionId"": ""unspecified"",
    ""citedCount"": 2
  }
]"
https://synthetic.leread.ca/silver/G0019,"[
  {
    ""id"": ""silver-G0019"",
    ""docType"": ""LEGISLATION"",
    ""path"": ""/synthetic/silver/G0019"",
    ""docTitle"": ""Payment of Wages Act (BC)"",
    ""autoCompletions"": ""[{\""type\"":\""MAIN_TITLE\"",\""text\"":\""Payment of Wages Act (BC)\""},{\""type\"":\""LEGISLATION_ALTERNATE_TITLE\"",\""text\"":\""Payment of Wages Act\""}]"",
    ""jurisdictionId"": ""unspecified"",
    ""citedCount"": 5
  }
]"
https://synthetic.leread.ca/silver/G0020,"[
  {
    ""id"": ""silver-G0020"",
    ""docType"": ""DECISION"",
    ""path"": ""/synthetic/silver/G0020"",
    ""docTitle"": ""R. v. Popovic and Askov"",
    ""autoCompletions"": ""[{\""type\"":\""MAIN_TITLE\"",\""text\"":\""R. v. Popovic and Askov\""},{\""type\"":\""DECISION_OTHER_REFERENCES\"",\""text\"":\""(1975), 62 D.L.R. (3d) 56\""},{\""type\"":\""DECISION_OTHER_REFERENCES\"",\""text\"":\""25 C.C.C. (2d) 161\""},{\""type\"":\""DECISION_OTHER_REFERENCES\"",\""text\"":\""32 C.R.N.S. 54 (S.C.C.)\""}]"",
    ""jurisdictionId"": ""unspecified"",
    ""citedCount"": 1
  }
]"
https://synthetic.leread.ca/silver/G0021,"[
  {
    ""id"": ""silver-G0021"",
    ""docType"": ""LEGISLATION"",
    ""path"": ""/synthetic/silver/G0021"",
    ""docTitle"": ""Real Property Tax Act"",
    ""autoCompletions"": ""[{\""type\"":\""MAIN_TITLE\"",\""text\"":\""Real Property Tax Act\""},{\""type\"":\""LEGISLATION_ALTERNATE_TITLE\"",\""text\"":\""Loi sur l'impôt foncier\""}]"",
    ""jurisdictionId"": ""unspecified"",
    ""citedCount"": 4
  }
]"
https://synthetic.leread.ca/silver/G0022,"[
  {
    ""id"": ""silver-G0022"",
    ""docType"": ""DECISION"",
    ""path"": ""/synthetic/silver/G0022"",
    ""docTitle"": ""Salmon v. Buncombe et al."",
    ""autoCompletions"": ""[{\""type\"":\""MAIN_TITLE\"",\""text\"":\""Salmon v. Buncombe et al.\""},{\""type\"":\""DECISION_OTHER_REFERENCES\"",\""text\"":\""(1886), 11 App. Cas. 627\""}]"",
    ""jurisdictionId"": ""unspecified"",
    ""citedCount"": 1
  }
]"
https://synthetic.leread.ca/silver/G0023,"[
  {
    ""id"": ""silver-G0023"",
    ""docType"": ""LEGISLATION"",
    ""path"": ""/synthetic/silver/G0023"",
    ""docTitle"": ""Social Services and Education Tax Act"",
    ""autoCompletions"": ""[{\""type\"":\""MAIN_TITLE\"",\""text\"":\""Social Services and Education Tax Act\""},{\""type\"":\""LEGISLATION_ALTERNATE_TITLE\"",\""text\"":\""Act\""},{\""type\"":\""LEGISLATION_ALTERNATE_TITLE\"",\""text\"":\""Social Services and Education Tax\""},{\""type\"":\""LEGISLATION_REFERENCE\"",\""text\"":\""1955, c. 75\""},{\""type\"":\""LEGISLATION_ALTERNATE_REFERENCE\"",\""text\"":\""1980, c. 52\""},{\""type\"":\""LEGISLATION_ALTERNATE_REFERENCE\"",\""text\"":\""<span style=\\\""text-transform:uppercase\\\"">R.S.N.B. 1973, </span>c. <span style=\\\""text-transform:uppercase\\\"">S-10</span>\""},{\""type\"":\""LEGISLATION_ALTERNATE_REFERENCE\"",\""text\"":\""R.<span lang=\\\""DE\\\"">S.N.B. </span>1973, c. S-10\""},{\""type\"":\""LEGISLATION_ALTERNATE_REFERENCE\"",\""text\"":\""R.S.N.B. 1973, c. S-10\""},{\""type\"":\""LEGISLATION_ALTERNATE_REFERENCE\"",\""text\"":\""c. 55\""},{\""type\"":\""LEGISLATION_ALTERNATE_REFERENCE\"",\""text\"":\""c. 67\""}]"",
    ""jurisdictionId"": ""unspecified"",
    ""citedCount"": 35
  }
]"
https://synthetic.leread.ca/silver/G0024,"[
  {
    ""id"": ""silver-G0024"",
    ""docType"": ""DECISION"",
    ""path"": ""/synthetic/silver/G0024"",
    ""docTitle"": ""The Queen in right of New Brunswick v. Fisherman"",
    ""autoCompletions"": ""[{\""type\"":\""MAIN_TITLE\"",\""text\"":\""The Queen in right of New Brunswick v. Fisherman\""},{\""type\"":\""DECISION_ALTERNATE_TITLE\"",\""text\"":\""Fisherman's Wharf\""},{\""type\"":\""DECISION_ALTERNATE_TITLE\"",\""text\"":\""Fisherman's Wharf Inc.\""},{\""type\"":\""DECISION_ALTERNATE_TITLE\"",\""text\"":\""The Queen in right of New Brunswick v. Fisherman's Wharf Ltd.\""},{\""type\"":\""DECISION_OTHER_REFERENCES\"",\""text\"":\""1982), 135 D.L.R. (3d) 307\""},{\""type\"":\""DECISION_OTHER_REFERENCES\"",\""text\"":\""40 N.B.R. (2d) 42\""}]"",
    ""jurisdictionId"": ""unspecified"",
    ""citedCount"": 3
  }
]"
https://synthetic.leread.ca/silver/G0025,"[
  {
    ""id"": ""silver-G0025"",
    ""docType"": ""DECISION"",
    ""path"": ""/synthetic/silver/G0025"",
    ""docTitle"": ""The Queen v. Bank of Nova Scotia et al."",
    ""autoCompletions"": ""[{\""type\"":\""MAIN_TITLE\"",\""text\"":\""The Queen v. Bank of Nova Scotia et al.\""},{\""type\"":\""DECISION_OTHER_REFERENCES\"",\""text\"":\""(1885), 11 S.C.R. 1\""}]"",
    ""jurisdictionId"": ""unspecified"",
    ""citedCount"": 1
  }
]"
https://synthetic.leread.ca/silver/G0026,"[
  {
    ""id"": ""silver-G0026"",
    ""docType"": ""DECISION"",
    ""path"": ""/synthetic/silver/G0026"",
    ""docTitle"": ""Turton v. Turnbull"",
    ""autoCompletions"": ""[{\""type\"":\""MAIN_TITLE\"",\""text\"":\""Turton v. Turnbull\""},{\""type\"":\""DECISION_OTHER_REFERENCES\"",\""text\"":\""[1934] 2 K.B. 197\""}]"",
    ""jurisdictionId"": ""unspecified"",
    ""citedCount"": 1
  }
]"
https://synthetic.leread.ca/silver/G0028,"[
  {
    ""id"": ""silver-G0028"",
    ""docType"": ""LEGISLATION"",
    ""path"": ""/synthetic/silver/G0028"",
    ""docTitle"": ""Workmen"",
    ""autoCompletions"": ""[{\""type\"":\""MAIN_TITLE\"",\""text\"":\""Workmen\""},{\""type\"":\""LEGISLATION_ALTERNATE_TITLE\"",\""text\"":\""White Motor\""},{\""type\"":\""LEGISLATION_ALTERNATE_TITLE\"",\""text\"":\""Workmen's Compensation Board v. White Motor Co. of Canada Ltd. et al.\""},{\""type\"":\""LEGISLATION_ALTERNATE_TITLE\"",\""text\"":\""Workmen's Compensation Act\""},{\""type\"":\""LEGISLATION_ALTERNATE_TITLE\"",\""text\"":\""Workmen's Compensation Board v. Sumas Oil &amp; Gas Co.\""},{\""type\"":\""LEGISLATION_REFERENCE\"",\""text\"":\""(1971), 19 D.L.R. (3d) 551\""},{\""type\"":\""LEGISLATION_ALTERNATE_REFERENCE\"",\""text\"":\""3 N.B.R. (2d) 565\""},{\""type\"":\""LEGISLATION_ALTERNATE_REFERENCE\"",\""text\"":\""47 B.C.R. 12\""},{\""type\"":\""LEGISLATION_ALTERNATE_REFERENCE\"",\""text\"":\""[1933] 2 W.W.R. 121\""},{\""type\"":\""LEGISLATION_ALTERNATE_REFERENCE\"",\""text\"":\""[1933] 3 D.L.R. 489\""}]"",
    ""jurisdictionId"": ""unspecified"",
    ""citedCount"": 5
  }
]"
https://synthetic.leread.ca/silver/G0029,"[
  {
    ""id"": ""silver-G0029"",
    ""docType"": ""DOCTRINE"",
    ""path"": ""/synthetic/silver/G0029"",
    ""docTitle"": ""Arthurs, Labour Law-Secondary Picketing-Per Se Illegality-Public Policy"",
    ""autoCompletions"": ""[{\""type\"":\""MAIN_TITLE\"",\""text\"":\""Arthurs, Labour Law-Secondary Picketing-Per Se Illegality-Public Policy\""},{\""type\"":\""MAIN_TITLE\"",\""text\"":\""Labour Law-Secondary Picketing-Per Se Illegality-Public Policy\""},{\""type\"":\""DOCTRINE_AUTHOR\"",\""text\"":\""Arthurs\""}]"",
    ""jurisdictionId"": ""unspecified"",
    ""citedCount"": 1
  }
]"
https://synthetic.leread.ca/silver/G0030,"[
  {
    ""id"": ""silver-G0030"",
    ""docType"": ""DOCTRINE"",
    ""path"": ""/synthetic/silver/G0030"",
    ""docTitle"": ""Beatty, Secondary Boycotts. A Functional Analysis"",
    ""autoCompletions"": ""[{\""type\"":\""MAIN_TITLE\"",\""text\"":\""Beatty, Secondary Boycotts. A Functional Analysis\""},{\""type\"":\""MAIN_TITLE\"",\""text\"":\""Secondary Boycotts. A Functional Analysis\""},{\""type\"":\""DOCTRINE_AUTHOR\"",\""text\"":\""Beatty\""}]"",
    ""jurisdictionId"": ""unspecified"",
    ""citedCount"": 1
  }
]"
https://synthetic.leread.ca/silver/G0031,"[
  {
    ""id"": ""silver-G0031"",
    ""docType"": ""DOCTRINE"",
    ""path"": ""/synthetic/silver/G0031"",
    ""docTitle"": ""Brown, Picketing: Canadian Courts and The Labour Relations Board of British Columbia"",
    ""autoCompletions"": ""[{\""type\"":\""MAIN_TITLE\"",\""text\"":\""Brown, Picketing: Canadian Courts and The Labour Relations Board of British Columbia\""},{\""type\"":\""MAIN_TITLE\"",\""text\"":\""Picketing: Canadian Courts and The Labour Relations Board of British Columbia\""},{\""type\"":\""DOCTRINE_AUTHOR\"",\""text\"":\""Brown\""}]"",
    ""jurisdictionId"": ""unspecified"",
    ""citedCount"": 1
  }
]"
https://synthetic.leread.ca/silver/G0032,"[
  {
    ""id"": ""silver-G0032"",
    ""docType"": ""DECISION"",
    ""path"": ""/synthetic/silver/G0032"",
    ""docTitle"": ""Canadian Elevator Manufacturers"",
    ""autoCompletions"": ""[{\""type\"":\""MAIN_TITLE\"",\""text\"":\""Canadian Elevator Manufacturers\""},{\""type\"":\""DECISION_OTHER_REFERENCES\"",\""text\"":\""[1975] OLRB Rep. Nov. 868\""}]"",
    ""jurisdictionId"": ""unspecified"",
    ""citedCount"": 1
  }
]"
https://synthetic.leread.ca/silver/G0033,"[
  {
    ""id"": ""silver-G0033"",
    ""docType"": ""DECISION"",
    ""path"": ""/synthetic/silver/G0033"",
    ""docTitle"": ""Canteen of Canada Limited"",
    ""autoCompletions"": ""[{\""type\"":\""MAIN_TITLE\"",\""text\"":\""Canteen of Canada Limited\""},{\""type\"":\""DECISION_ALTERNATE_TITLE\"",\""text\"":\""Canteen of Canada\""},{\""type\"":\""DECISION_ALTERNATE_TITLE\"",\""text\"":\""Canteen of Canada Ltd.\""},{\""type\"":\""DECISION_OTHER_REFERENCES\"",\""text\"":\""[1978] OLRB Rep. Mar. 207\""}]"",
    ""jurisdictionId"": ""unspecified"",
    ""citedCount"": 5
  }
]"
https://synthetic.leread.ca/silver/G0034,"[
  {
    ""id"": ""silver-G0034"",
    ""docType"": ""DECISION"",
    ""path"": ""/synthetic/silver/G0034"",
    ""docTitle"": ""Ford Motor Co. of Canada Ltd. v. Browning"",
    ""autoCompletions"": ""[{\""type\"":\""MAIN_TITLE\"",\""text\"":\""Ford Motor Co. of Canada Ltd. v. Browning\""},{\""type\"":\""DECISION_ALTERNATE_TITLE\"",\""text\"":\""Ford Motor Co. of Canada Ltd. v. Browning(1978)\""},{\""type\"":\""DECISION_OTHER_REFERENCES\"",\""text\"":\""86 D.L.R. (3d) 579\""}]"",
    ""jurisdictionId"": ""unspecified"",
    ""citedCount"": 1
  }
]"
https://synthetic.leread.ca/silver/G0035,"[
  {
    ""id"": ""silver-G0035"",
    ""docType"": ""DECISION"",
    ""path"": ""/synthetic/silver/G0035"",
    ""docTitle"": ""George Wimpey (Canada) Limited"",
    ""autoCompletions"": ""[{\""type\"":\""MAIN_TITLE\"",\""text\"":\""George Wimpey (Canada) Limited\""},{\""type\"":\""DECISION_OTHER_REFERENCES\"",\""text\"":\""[1978] OLRB Rep. Dec. 1096\""}]"",
    ""jurisdictionId"": ""unspecified"",
    ""citedCount"": 2
  }
]"
https://synthetic.leread.ca/silver/G0036,"[
  {
    ""id"": ""silver-G0036"",
    ""docType"": ""LEGISLATION"",
    ""path"": ""/synthetic/silver/G0036"",
    ""docTitle"": ""Labour Relations Act"",
    ""autoCompletions"": ""[{\""type\"":\""MAIN_TITLE\"",\""text\"":\""Labour Relations Act\""},{\""type\"":\""LEGISLATION_ALTERNATE_TITLE\"",\""text\"":\""Act\""},{\""type\"":\""LEGISLATION_ALTERNATE_TITLE\"",\""text\"":\""legislation\""},{\""type\"":\""LEGISLATION_ALTERNATE_TITLE\"",\""text\"":\""statute\""}]"",
    ""jurisdictionId"": ""unspecified"",
    ""citedCount"": 48
  }
]"
https://synthetic.leread.ca/silver/G0037,"[
  {
    ""id"": ""silver-G0037"",
    ""docType"": ""DOCTRINE"",
    ""path"": ""/synthetic/silver/G0037"",
    ""docTitle"": ""Laskin, The Labour Relations Amendment Act, 1960"",
    ""autoCompletions"": ""[{\""type\"":\""MAIN_TITLE\"",\""text\"":\""Laskin, The Labour Relations Amendment Act, 1960\""},{\""type\"":\""MAIN_TITLE\"",\""text\"":\""The Labour Relations Amendment Act, 1960,\""},{\""type\"":\""DOCTRINE_AUTHOR\"",\""text\"":\""Laskin\""}]"",
    ""jurisdictionId"": ""unspecified"",
    ""citedCount"": 1
  }
]"
https://synthetic.leread.ca/silver/G0038,"[
  {
    ""id"": ""silver-G0038"",
    ""docType"": ""DECISION"",
    ""path"": ""/synthetic/silver/G0038"",
    ""docTitle"": ""Local 273, International Longshoremen"",
    ""autoCompletions"": ""[{\""type\"":\""MAIN_TITLE\"",\""text\"":\""Local 273, International Longshoremen\""},{\""type\"":\""DECISION_ALTERNATE_TITLE\"",\""text\"":\""Local 273, International Longshoremen's Ass'n v. Maritime Employers' Ass'n\""},{\""type\"":\""DECISION_OTHER_REFERENCES\"",\""text\"":\""[1979] 1 S.C.R. 120\""}]"",
    ""jurisdictionId"": ""unspecified"",
    ""citedCount"": 1
  }
]"
https://synthetic.leread.ca/silver/G0039,"[
  {
    ""id"": ""silver-G0039"",
    ""docType"": ""DECISION"",
    ""path"": ""/synthetic/silver/G0039"",
    ""docTitle"": ""Local 761, I. U.E. v. N.L.R.B."",
    ""autoCompletions"": ""[{\""type\"":\""MAIN_TITLE\"",\""text\"":\""Local 761, I. U.E. v. N.L.R.B.\""},{\""type\"":\""DECISION_OTHER_REFERENCES\"",\""text\"":\""(1961), 48 LRRM 2210\""}]"",
    ""jurisdictionId"": ""unspecified"",
    ""citedCount"": 1
  }
]"
https://synthetic.leread.ca/silver/G0040,"[
  {
    ""id"": ""silver-G0040"",
    ""docType"": ""DECISION"",
    ""path"": ""/synthetic/silver/G0040"",
    ""docTitle"": ""Nelson Crushed Stone"",
    ""autoCompletions"": ""[{\""type\"":\""MAIN_TITLE\"",\""text\"":\""Nelson Crushed Stone\""},{\""type\"":\""DECISION_OTHER_REFERENCES\"",\""text\"":\""[1977] OLRB Rep. Nov. 713\""}]"",
    ""jurisdictionId"": ""unspecified"",
    ""citedCount"": 1
  }
]"
https://synthetic.leread.ca/silver/G0041,"[
  {
    ""id"": ""silver-G0041"",
    ""docType"": ""DOCTRINE"",
    ""path"": ""/synthetic/silver/G0041"",
    ""docTitle"": ""Paterson, Union Secondary Conduct: A Comparative Study of the American and Ontario Positions"",
    ""autoCompletions"": ""[{\""type\"":\""MAIN_TITLE\"",\""text\"":\""Paterson, Union Secondary Conduct: A Comparative Study of the American and Ontario Positions\""},{\""type\"":\""MAIN_TITLE\"",\""text\"":\""Union Secondary Conduct: A Comparative Study of the American and Ontario Positions\""},{\""type\"":\""DOCTRINE_AUTHOR\"",\""text\"":\""Paterson\""}]"",
    ""jurisdictionId"": ""unspecified"",
    ""citedCount"": 1
  }
]"
https://synthetic.leread.ca/silver/G0042,"[
  {
    ""id"": ""silver-G0042"",
    ""docType"": ""DECISION"",
    ""path"": ""/synthetic/silver/G0042"",
    ""docTitle"": ""Sailors"",
    ""autoCompletions"": ""[{\""type\"":\""MAIN_TITLE\"",\""text\"":\""Sailors\""},{\""type\"":\""DECISION_ALTERNATE_TITLE\"",\""text\"":\""Sailors' Union of the Pacific (Moore Drydock Co.)\""},{\""type\"":\""DECISION_OTHER_REFERENCES\"",\""text\"":\""(1950), 27 LRRM 1109\""}]"",
    ""jurisdictionId"": ""unspecified"",
    ""citedCount"": 1
  }
]"
https://synthetic.leread.ca/silver/G0043,"[
  {
    ""id"": ""silver-G0043"",
    ""docType"": ""DECISION"",
    ""path"": ""/synthetic/silver/G0043"",
    ""docTitle"": ""Wescraft Manufacturing Ltd."",
    ""autoCompletions"": ""[{\""type\"":\""MAIN_TITLE\"",\""text\"":\""Wescraft Manufacturing Ltd.\""},{\""type\"":\""DECISION_OTHER_REFERENCES\"",\""text\"":\""[1975] 2 Can. LRBR 324\""}]"",
    ""jurisdictionId"": ""unspecified"",
    ""citedCount"": 1
  }
]"
https://synthetic.leread.ca/silver/G0044,"[
  {
    ""id"": ""silver-G0044"",
    ""docType"": ""DOCTRINE"",
    ""path"": ""/synthetic/silver/G0044"",
    ""docTitle"": ""Whether Honouring Picket Lines Constitutes a"",
    ""autoCompletions"": ""[{\""type\"":\""MAIN_TITLE\"",\""text\"":\""Whether Honouring Picket Lines Constitutes a\""},{\""type\"":\""MAIN_TITLE\"",\""text\"":\""Whether Honouring Picket Lines Constitutes a \\\""Strike\\\""\""}]"",
    ""jurisdictionId"": ""unspecified"",
    ""citedCount"": 1
  }
]"
https://synthetic.leread.ca/silver/G0045,"[
  {
    ""id"": ""silver-G0045"",
    ""docType"": ""DECISION"",
    ""path"": ""/synthetic/silver/G0045"",
    ""docTitle"": ""Williams v. Aristocratic Restaurants Ltd."",
    ""autoCompletions"": ""[{\""type\"":\""MAIN_TITLE\"",\""text\"":\""Williams v. Aristocratic Restaurants Ltd.\""},{\""type\"":\""DECISION_OTHER_REFERENCES\"",\""text\"":\""[1951] S.C.R. 762\""}]"",
    ""jurisdictionId"": ""unspecified"",
    ""citedCount"": 1
  }
]"
https://synthetic.leread.ca/silver/G0046,"[
  {
    ""id"": ""silver-G0046"",
    ""docType"": ""DECISION"",
    ""path"": ""/synthetic/silver/G0046"",
    ""docTitle"": ""Attorney General of Manitoba v. Manitoba (1983)"",
    ""autoCompletions"": ""[{\""type\"":\""MAIN_TITLE\"",\""text\"":\""Attorney General of Manitoba v. Manitoba (1983)\""},{\""type\"":\""DECISION_ALTERNATE_TITLE\"",\""text\"":\""Manitoba, Attorney General of\""},{\""type\"":\""DECISION_OTHER_REFERENCES\"",\""text\"":\""(1983), 19 Man. R.(2d) 321\""},{\""type\"":\""DECISION_OTHER_REFERENCES\"",\""text\"":\""2 C.C.C. (3d) 37 (Manitoba Q.B.)\""}]"",
    ""jurisdictionId"": ""unspecified"",
    ""citedCount"": 1
  }
]"
https://synthetic.leread.ca/silver/G0047,"[
  {
    ""id"": ""silver-G0047"",
    ""docType"": ""DECISION"",
    ""path"": ""/synthetic/silver/G0047"",
    ""docTitle"": ""Balderstone v. R."",
    ""autoCompletions"": ""[{\""type\"":\""MAIN_TITLE\"",\""text\"":\""Balderstone v. R.\""},{\""type\"":\""DECISION_ALTERNATE_TITLE\"",\""text\"":\""Re Balderstone v. The Queen\""}]"",
    ""jurisdictionId"": ""unspecified"",
    ""citedCount"": 2
  }
]"
https://synthetic.leread.ca/silver/G0048,"[
  {
    ""id"": ""silver-G0048"",
    ""docType"": ""LEGISLATION"",
    ""path"": ""/synthetic/silver/G0048"",
    ""docTitle"": ""Bermuda Constitution Act"",
    ""autoCompletions"": ""[{\""type\"":\""MAIN_TITLE\"",\""text\"":\""Bermuda Constitution Act\""},{\""type\"":\""LEGISLATION_REFERENCE\"",\""text\"":\""1967\""}]"",
    ""jurisdictionId"": ""unspecified"",
    ""citedCount"": 1
  }
]"
https://synthetic.leread.ca/silver/G0049,"[
  {
    ""id"": ""silver-G0049"",
    ""docType"": ""LEGISLATION"",
    ""path"": ""/synthetic/silver/G0049"",
    ""docTitle"": ""Canada Evidence Act"",
    ""autoCompletions"": ""[{\""type\"":\""MAIN_TITLE\"",\""text\"":\""Canada Evidence Act\""},{\""type\"":\""LEGISLATION_REFERENCE\"",\""text\"":\""1893\""},{\""type\"":\""LEGISLATION_ALTERNATE_REFERENCE\"",\""text\"":\""R.S.C. 1970, c. E-10\""}]"",
    ""jurisdictionId"": ""unspecified"",
    ""citedCount"": 9
  }
]"
https://synthetic.leread.ca/silver/G0051,"[
  {
    ""id"": ""silver-G0051"",
    ""docType"": ""LEGISLATION"",
    ""path"": ""/synthetic/silver/G0051"",
    ""docTitle"": ""Combines Investigation Act"",
    ""autoCompletions"": ""[{\""type\"":\""MAIN_TITLE\"",\""text\"":\""Combines Investigation Act\""},{\""type\"":\""LEGISLATION_ALTERNATE_TITLE\"",\""text\"":\""Act\""},{\""type\"":\""LEGISLATION_ALTERNATE_TITLE\"",\""text\"":\""Act]\""},{\""type\"":\""LEGISLATION_REFERENCE\"",\""text\"":\""R.S.C. 1970, c. C-23\""}]"",
    ""jurisdictionId"": ""unspecified"",
    ""citedCount"": 82
  }
]"
https://synthetic.leread.ca/silver/G0052,"[
  {
    ""id"": ""silver-G0052"",
    ""docType"": ""LEGISLATION"",
    ""path"": ""/synthetic/silver/G0052"",
    ""docTitle"": ""Constitution Act, 1982"",
    ""autoCompletions"": ""[{\""type\"":\""MAIN_TITLE\"",\""text\"":\""Constitution Act, 1982\""},{\""type\"":\""LEGISLATION_ALTERNATE_TITLE\"",\""text\"":\""Constitution\""},{\""type\"":\""LEGISLATION_ALTERNATE_TITLE\"",\""text\"":\""Constitution Act\""},{\""type\"":\""LEGISLATION_ALTERNATE_TITLE\"",\""text\"":\""Constitutional Act\""},{\""type\"":\""LEGISLATION_REFERENCE\"",\""text\"":\""1982\""}]"",
    ""jurisdictionId"": ""unspecified"",
    ""citedCount"": 17
  }
]"
https://synthetic.leread.ca/silver/G0053,"[
  {
    ""id"": ""silver-G0053"",
    ""docType"": ""LEGISLATION"",
    ""path"": ""/synthetic/silver/G0053"",
    ""docTitle"": ""Constitution Act, 1867"",
    ""autoCompletions"": ""[{\""type\"":\""MAIN_TITLE\"",\""text\"":\""Constitution Act, 1867\""},{\""type\"":\""LEGISLATION_ALTERNATE_TITLE\"",\""text\"":\""British North America Act\""},{\""type\"":\""LEGISLATION_ALTERNATE_TITLE\"",\""text\"":\""British North America Act, 1867\""},{\""type\"":\""LEGISLATION_ALTERNATE_TITLE\"",\""text\"":\""Constitution of Canada\""},{\""type\"":\""LEGISLATION_ALTERNATE_TITLE\"",\""text\"":\""The British North America Act\""},{\""type\"":\""LEGISLATION_REFERENCE\"",\""text\"":\""1867\""}]"",
    ""jurisdictionId"": ""unspecified"",
    ""citedCount"": 6
  }
]"
https://synthetic.leread.ca/silver/G0054,"[
  {
    ""id"": ""silver-G0054"",
    ""docType"": ""LEGISLATION"",
    ""path"": ""/synthetic/silver/G0054"",
    ""docTitle"": ""Constitutional Questions Act"",
    ""autoCompletions"": ""[{\""type\"":\""MAIN_TITLE\"",\""text\"":\""Constitutional Questions Act\""},{\""type\"":\""LEGISLATION_ALTERNATE_TITLE\"",\""text\"":\""Constitutonal Questions Act\""},{\""type\"":\""LEGISLATION_REFERENCE\"",\""text\"":\""R.S.S. 1978, c. C-29\""}]"",
    ""jurisdictionId"": ""unspecified"",
    ""citedCount"": 1
  }
]"
https://synthetic.leread.ca/silver/G0055,"[
  {
    ""id"": ""silver-G0055"",
    ""docType"": ""LEGISLATION"",
    ""path"": ""/synthetic/silver/G0055"",
    ""docTitle"": ""Criminal Code"",
    ""autoCompletions"": ""[{\""type\"":\""MAIN_TITLE\"",\""text\"":\""Criminal Code\""},{\""type\"":\""LEGISLATION_ALTERNATE_TITLE\"",\""text\"":\""Code\""}]"",
    ""jurisdictionId"": ""unspecified"",
    ""citedCount"": 25
  }
]"
https://synthetic.leread.ca/silver/G0056,"[
  {
    ""id"": ""silver-G0056"",
    ""docType"": ""DOCTRINE"",
    ""path"": ""/synthetic/silver/G0056"",
    ""docTitle"": ""Cross, Evidence"",
    ""autoCompletions"": ""[{\""type\"":\""MAIN_TITLE\"",\""text\"":\""Cross, Evidence\""},{\""type\"":\""MAIN_TITLE\"",\""text\"":\""Evidence\""},{\""type\"":\""DOCTRINE_AUTHOR\"",\""text\"":\""Cross\""}]"",
    ""jurisdictionId"": ""unspecified"",
    ""citedCount"": 1
  }
]"
https://synthetic.leread.ca/silver/G0057,"[
  {
    ""id"": ""silver-G0057"",
    ""docType"": ""DECISION"",
    ""path"": ""/synthetic/silver/G0057"",
    ""docTitle"": ""Curr v. The Queen"",
    ""autoCompletions"": ""[{\""type\"":\""MAIN_TITLE\"",\""text\"":\""Curr v. The Queen\""},{\""type\"":\""DECISION_ALTERNATE_TITLE\"",\""text\"":\""Curr\""},{\""type\"":\""DECISION_OTHER_REFERENCES\"",\""text\"":\""(1972), 7 C.C.C.(2d) 181\""},{\""type\"":\""DECISION_OTHER_REFERENCES\"",\""text\"":\""26 D.L.R.(3d) 603 (S.C.C.)\""}]"",
    ""jurisdictionId"": ""unspecified"",
    ""citedCount"": 12
  }
]"
https://synthetic.leread.ca/silver/G0058,"[
  {
    ""id"": ""silver-G0058"",
    ""docType"": ""DECISION"",
    ""path"": ""/synthetic/silver/G0058"",
    ""docTitle"": ""Di Iorio and Fontaine v. Warden of the Common Jail of Montreal and Brunet et al."",
    ""autoCompletions"": ""[{\""type\"":\""MAIN_TITLE\"",\""text\"":\""Di Iorio and Fontaine v. Warden of the Common Jail of Montreal and Brunet et al.\""},{\""type\"":\""DECISION_OTHER_REFERENCES\"",\""text\"":\""(1977), 8 N.R. 361\""},{\""type\"":\""DECISION_OTHER_REFERENCES\"",\""text\"":\""73 D.L.R.(3d) 491 (S.C.C.)\""}]"",
    ""jurisdictionId"": ""unspecified"",
    ""citedCount"": 1
  }
]"
https://synthetic.leread.ca/silver/G0059,"[
  {
    ""id"": ""silver-G0059"",
    ""docType"": ""DECISION"",
    ""path"": ""/synthetic/silver/G0059"",
    ""docTitle"": ""Duke v. The Queen"",
    ""autoCompletions"": ""[{\""type\"":\""MAIN_TITLE\"",\""text\"":\""Duke v. The Queen\""},{\""type\"":\""DECISION_OTHER_REFERENCES\"",\""text\"":\""(1972), 28 D.L.R.(3d) 129\""}]"",
    ""jurisdictionId"": ""unspecified"",
    ""citedCount"": 1
  }
]"
https://synthetic.leread.ca/silver/G0060,"[
  {
    ""id"": ""silver-G0060"",
    ""docType"": ""DECISION"",
    ""path"": ""/synthetic/silver/G0060"",
    ""docTitle"": ""Edwards v. Attorney General for Canada"",
    ""autoCompletions"": ""[{\""type\"":\""MAIN_TITLE\"",\""text\"":\""Edwards v. Attorney General for Canada\""},{\""type\"":\""DECISION_OTHER_REFERENCES\"",\""text\"":\""[1930] A. C. 124 (P.C.)\""}]"",
    ""jurisdictionId"": ""unspecified"",
    ""citedCount"": 1
  }
]"
https://synthetic.leread.ca/silver/G0061,"[
  {
    ""id"": ""silver-G0061"",
    ""docType"": ""DOCTRINE"",
    ""path"": ""/synthetic/silver/G0061"",
    ""docTitle"": ""Except by Due Process of Law"",
    ""autoCompletions"": ""[{\""type\"":\""MAIN_TITLE\"",\""text\"":\""Except by Due Process of Law\""}]"",
    ""jurisdictionId"": ""unspecified"",
    ""citedCount"": 1
  }
]"
https://synthetic.leread.ca/silver/G0062,"[
  {
    ""id"": ""silver-G0062"",
    ""docType"": ""LEGISLATION"",
    ""path"": ""/synthetic/silver/G0062"",
    ""docTitle"": ""Federal Court Act"",
    ""autoCompletions"": ""[{\""type\"":\""MAIN_TITLE\"",\""text\"":\""Federal Court Act\""},{\""type\"":\""LEGISLATION_ALTERNATE_TITLE\"",\""text\"":\""Act\""},{\""type\"":\""LEGISLATION_REFERENCE\"",\""text\"":\""S.C. 1970-71-72, c. 1\""}]"",
    ""jurisdictionId"": ""unspecified"",
    ""citedCount"": 14
  }
]"
https://synthetic.leread.ca/silver/G0063,"[
  {
    ""id"": ""silver-G0063"",
    ""docType"": ""DECISION"",
    ""path"": ""/synthetic/silver/G0063"",
    ""docTitle"": ""Gandam v. Minister of Employment and Immigration"",
    ""autoCompletions"": ""[{\""type\"":\""MAIN_TITLE\"",\""text\"":\""Gandam v. Minister of Employment and Immigration\""},{\""type\"":\""DECISION_OTHER_REFERENCES\"",\""text\"":\""140 D.L.R.(3d) 363 (Sask. Q.B.)\""},{\""type\"":\""DECISION_OTHER_REFERENCES\"",\""text\"":\""1983), 20 Sask. R. 123\""}]"",
    ""jurisdictionId"": ""unspecified"",
    ""citedCount"": 1
  }
]"
https://synthetic.leread.ca/silver/G0064,"[
  {
    ""id"": ""silver-G0064"",
    ""docType"": ""DECISION"",
    ""path"": ""/synthetic/silver/G0064"",
    ""docTitle"": ""Howard Smith Paper Mills Limited et al. v. The Queen"",
    ""autoCompletions"": ""[{\""type\"":\""MAIN_TITLE\"",\""text\"":\""Howard Smith Paper Mills Limited et al. v. The Queen\""},{\""type\"":\""DECISION_OTHER_REFERENCES\"",\""text\"":\""[1957] S.C.R. 403\""}]"",
    ""jurisdictionId"": ""unspecified"",
    ""citedCount"": 1
  }
]"
https://synthetic.leread.ca/silver/G0065,"[
  {
    ""id"": ""silver-G0065"",
    ""docType"": ""DECISION"",
    ""path"": ""/synthetic/silver/G0065"",
    ""docTitle"": ""Howrath v. National Parole Board"",
    ""autoCompletions"": ""[{\""type\"":\""MAIN_TITLE\"",\""text\"":\""Howrath v. National Parole Board\""},{\""type\"":\""DECISION_OTHER_REFERENCES\"",\""text\"":\""(1975), 3 N.R. 391\""},{\""type\"":\""DECISION_OTHER_REFERENCES\"",\""text\"":\""50 D.L.R.(3d) 349\""}]"",
    ""jurisdictionId"": ""unspecified"",
    ""citedCount"": 1
  }
]"
https://synthetic.leread.ca/silver/G0066,"[
  {
    ""id"": ""silver-G0066"",
    ""docType"": ""LEGISLATION"",
    ""path"": ""/synthetic/silver/G0066"",
    ""docTitle"": ""Indian Act"",
    ""autoCompletions"": ""[{\""type\"":\""MAIN_TITLE\"",\""text\"":\""Indian Act\""},{\""type\"":\""LEGISLATION_REFERENCE\"",\""text\"":\""R.S.C. 1970, c. I-6\""}]"",
    ""jurisdictionId"": ""unspecified"",
    ""citedCount"": 2
  }
]"
https://synthetic.leread.ca/silver/G0067,"[
  {
    ""id"": ""silver-G0067"",
    ""docType"": ""LEGISLATION"",
    ""path"": ""/synthetic/silver/G0067"",
    ""docTitle"": ""Inquiries Act"",
    ""autoCompletions"": ""[{\""type\"":\""MAIN_TITLE\"",\""text\"":\""Inquiries Act\""},{\""type\"":\""LEGISLATION_ALTERNATE_TITLE\"",\""text\"":\""Inquiries Acta\""}]"",
    ""jurisdictionId"": ""unspecified"",
    ""citedCount"": 1
  }
]"
https://synthetic.leread.ca/silver/G0068,"[
  {
    ""id"": ""silver-G0068"",
    ""docType"": ""DECISION"",
    ""path"": ""/synthetic/silver/G0068"",
    ""docTitle"": ""Jabour v. Law Society of British Columbia"",
    ""autoCompletions"": ""[{\""type\"":\""MAIN_TITLE\"",\""text\"":\""Jabour v. Law Society of British Columbia\""},{\""type\"":\""DECISION_ALTERNATE_TITLE\"",\""text\"":\""Jabour\""},{\""type\"":\""DECISION_ALTERNATE_TITLE\"",\""text\"":\""Jabour v. Law Society of British Columbia et oil. and Attorney General of British Columbia et al.\""},{\""type\"":\""DECISION_OTHER_REFERENCES\"",\""text\"":\""43 N.R. 451\""},{\""type\"":\""DECISION_OTHER_REFERENCES\"",\""text\"":\""[1982] 5 W.W.R. 289\""}]"",
    ""jurisdictionId"": ""unspecified"",
    ""citedCount"": 2
  }
]"
https://synthetic.leread.ca/silver/G0069,"[
  {
    ""id"": ""silver-G0069"",
    ""docType"": ""DECISION"",
    ""path"": ""/synthetic/silver/G0069"",
    ""docTitle"": ""Jackson v. Minister of National Revenue"",
    ""autoCompletions"": ""[{\""type\"":\""MAIN_TITLE\"",\""text\"":\""Jackson v. Minister of National Revenue\""},{\""type\"":\""DECISION_OTHER_REFERENCES\"",\""text\"":\""(1983), 21 Sask. R. 221\""}]"",
    ""jurisdictionId"": ""unspecified"",
    ""citedCount"": 1
  }
]"
https://synthetic.leread.ca/silver/G0070,"[
  {
    ""id"": ""silver-G0070"",
    ""docType"": ""DOCTRINE"",
    ""path"": ""/synthetic/silver/G0070"",
    ""docTitle"": ""John D. Whyte, (1983), 32 C.R.(3d) 107"",
    ""autoCompletions"": ""[{\""type\"":\""MAIN_TITLE\"",\""text\"":\""John D. Whyte, (1983), 32 C.R.(3d) 107\""},{\""type\"":\""DOCTRINE_AUTHOR\"",\""text\"":\""John D. Whyte\""}]"",
    ""jurisdictionId"": ""unspecified"",
    ""citedCount"": 1
  }
]"
https://synthetic.leread.ca/silver/G0071,"[
  {
    ""id"": ""silver-G0071"",
    ""docType"": ""DECISION"",
    ""path"": ""/synthetic/silver/G0071"",
    ""docTitle"": ""Lamb v. Munster"",
    ""autoCompletions"": ""[{\""type\"":\""MAIN_TITLE\"",\""text\"":\""Lamb v. Munster\""},{\""type\"":\""DECISION_OTHER_REFERENCES\"",\""text\"":\""(1882), 10 Q.B. 110\""}]"",
    ""jurisdictionId"": ""unspecified"",
    ""citedCount"": 2
  }
]"
https://synthetic.leread.ca/silver/G0072,"[
  {
    ""id"": ""silver-G0072"",
    ""docType"": ""DOCTRINE"",
    ""path"": ""/synthetic/silver/G0072"",
    ""docTitle"": ""Levy, Origins of The Fifth Amendment"",
    ""autoCompletions"": ""[{\""type\"":\""MAIN_TITLE\"",\""text\"":\""Levy, Origins of The Fifth Amendment\""},{\""type\"":\""MAIN_TITLE\"",\""text\"":\""Origins Of The Fifth Amendment\""},{\""type\"":\""MAIN_TITLE\"",\""text\"":\""Origins of The Fifth Amendment\""},{\""type\"":\""DOCTRINE_AUTHOR\"",\""text\"":\""Levy\""}]"",
    ""jurisdictionId"": ""unspecified"",
    ""citedCount"": 2
  }
]"
https://synthetic.leread.ca/silver/G0073,"[
  {
    ""id"": ""silver-G0073"",
    ""docType"": ""DECISION"",
    ""path"": ""/synthetic/silver/G0073"",
    ""docTitle"": ""Minister of Home Affairs v. Fisher"",
    ""autoCompletions"": ""[{\""type\"":\""MAIN_TITLE\"",\""text\"":\""Minister of Home Affairs v. Fisher\""},{\""type\"":\""DECISION_ALTERNATE_TITLE\"",\""text\"":\""Minister of Home Affairs v, Fisher\""},{\""type\"":\""DECISION_OTHER_REFERENCES\"",\""text\"":\""[1979] 3 All E.R. 21\""},{\""type\"":\""DECISION_OTHER_REFERENCES\"",\""text\"":\""[1980] A.C. 319\""}]"",
    ""jurisdictionId"": ""unspecified"",
    ""citedCount"": 1
  }
]"
https://synthetic.leread.ca/silver/G0074,"[
  {
    ""id"": ""silver-G0074"",
    ""docType"": ""DECISION"",
    ""path"": ""/synthetic/silver/G0074"",
    ""docTitle"": ""Minister of Justice of Canada et al. v. Boroweki"",
    ""autoCompletions"": ""[{\""type\"":\""MAIN_TITLE\"",\""text\"":\""Minister of Justice of Canada et al. v. Boroweki\""},{\""type\"":\""DECISION_OTHER_REFERENCES\"",\""text\"":\""(1982), 39 N.R. 331\""},{\""type\"":\""DECISION_OTHER_REFERENCES\"",\""text\"":\""64 C.C.C.(2d) 97\""}]"",
    ""jurisdictionId"": ""unspecified"",
    ""citedCount"": 1
  }
]"
https://synthetic.leread.ca/silver/G0075,"[
  {
    ""id"": ""silver-G0075"",
    ""docType"": ""DECISION"",
    ""path"": ""/synthetic/silver/G0075"",
    ""docTitle"": ""Miranda v. Arizona"",
    ""autoCompletions"": ""[{\""type\"":\""MAIN_TITLE\"",\""text\"":\""Miranda v. Arizona\""},{\""type\"":\""DECISION_OTHER_REFERENCES\"",\""text\"":\""16 L. ed. (2d) 694\""},{\""type\"":\""DECISION_OTHER_REFERENCES\"",\""text\"":\""384 U.S. 436\""},{\""type\"":\""DECISION_OTHER_REFERENCES\"",\""text\"":\""86 S.Ct. 1602\""}]"",
    ""jurisdictionId"": ""unspecified"",
    ""citedCount"": 1
  }
]"
https://synthetic.leread.ca/silver/G0077,"[
  {
    ""id"": ""silver-G0077"",
    ""docType"": ""LEGISLATION"",
    ""path"": ""/synthetic/silver/G0077"",
    ""docTitle"": ""Motor Vehicle Act"",
    ""autoCompletions"": ""[{\""type\"":\""MAIN_TITLE\"",\""text\"":\""Motor Vehicle Act\""},{\""type\"":\""LEGISLATION_ALTERNATE_TITLE\"",\""text\"":\""British Columbia Motor Vehicle Act\""},{\""type\"":\""LEGISLATION_REFERENCE\"",\""text\"":\""R.S.B.C. 1979, c. 288\""}]"",
    ""jurisdictionId"": ""unspecified"",
    ""citedCount"": 3
  }
]"
https://synthetic.leread.ca/silver/G0078,"[
  {
    ""id"": ""silver-G0078"",
    ""docType"": ""LEGISLATION"",
    ""path"": ""/synthetic/silver/G0078"",
    ""docTitle"": ""Narcotics Control Act"",
    ""autoCompletions"": ""[{\""type\"":\""MAIN_TITLE\"",\""text\"":\""Narcotics Control Act\""},{\""type\"":\""LEGISLATION_REFERENCE\"",\""text\"":\""R.S.C. 1970, c. N-1\""}]"",
    ""jurisdictionId"": ""unspecified"",
    ""citedCount"": 1
  }
]"
https://synthetic.leread.ca/silver/G0079,"[
  {
    ""id"": ""silver-G0079"",
    ""docType"": ""DOCTRINE"",
    ""path"": ""/synthetic/silver/G0079"",
    ""docTitle"": ""Noble, The Struggle To Make The Accused Competent In England And Canada"",
    ""autoCompletions"": ""[{\""type\"":\""MAIN_TITLE\"",\""text\"":\""Noble, The Struggle To Make The Accused Competent In England And Canada\""},{\""type\"":\""MAIN_TITLE\"",\""text\"":\""The Struggle To Make The Accused Competent In England And Canada\""},{\""type\"":\""DOCTRINE_AUTHOR\"",\""text\"":\""Noble\""}]"",
    ""jurisdictionId"": ""unspecified"",
    ""citedCount"": 1
  }
]"
https://synthetic.leread.ca/silver/G0080,"[
  {
    ""id"": ""silver-G0080"",
    ""docType"": ""DOCTRINE"",
    ""path"": ""/synthetic/silver/G0080"",
    ""docTitle"": ""Phipson on Evidence"",
    ""autoCompletions"": ""[{\""type\"":\""MAIN_TITLE\"",\""text\"":\""Phipson on Evidence\""}]"",
    ""jurisdictionId"": ""unspecified"",
    ""citedCount"": 1
  }
]"
https://synthetic.leread.ca/silver/G0081,"[
  {
    ""id"": ""silver-G0081"",
    ""docType"": ""LEGISLATION"",
    ""path"": ""/synthetic/silver/G0081"",
    ""docTitle"": ""Queen’s Bench Rules for Saskatchewan"",
    ""autoCompletions"": ""[{\""type\"":\""MAIN_TITLE\"",\""text\"":\""Queen’s Bench Rules for Saskatchewan\""},{\""type\"":\""LEGISLATION_ALTERNATE_TITLE\"",\""text\"":\""Queen’s Bench Rules\""},{\""type\"":\""LEGISLATION_ALTERNATE_TITLE\"",\""text\"":\""Rule 441(2)\""},{\""type\"":\""LEGISLATION_ALTERNATE_TITLE\"",\""text\"":\""Rules\""}]"",
    ""jurisdictionId"": ""unspecified"",
    ""citedCount"": 21
  }
]"
https://synthetic.leread.ca/silver/G0082,"[
  {
    ""id"": ""silver-G0082"",
    ""docType"": ""DECISION"",
    ""path"": ""/synthetic/silver/G0082"",
    ""docTitle"": ""R. v. Altaeimer"",
    ""autoCompletions"": ""[{\""type\"":\""MAIN_TITLE\"",\""text\"":\""R. v. Altaeimer\""},{\""type\"":\""DECISION_ALTERNATE_TITLE\"",\""text\"":\""Altseimer case\""},{\""type\"":\""DECISION_OTHER_REFERENCES\"",\""text\"":\""(1983), 1 C.C.C.(3d) 7\""}]"",
    ""jurisdictionId"": ""unspecified"",
    ""citedCount"": 2
  }
]"
https://synthetic.leread.ca/silver/G0083,"[
  {
    ""id"": ""silver-G0083"",
    ""docType"": ""DECISION"",
    ""path"": ""/synthetic/silver/G0083"",
    ""docTitle"": ""R. v. Anthes Business Forms Ltd. et al."",
    ""autoCompletions"": ""[{\""type\"":\""MAIN_TITLE\"",\""text\"":\""R. v. Anthes Business Forms Ltd. et al.\""},{\""type\"":\""DECISION_OTHER_REFERENCES\"",\""text\"":\""(1976), 10 O.R.(2d) 153\""}]"",
    ""jurisdictionId"": ""unspecified"",
    ""citedCount"": 1
  }
]"
https://synthetic.leread.ca/silver/G0084,"[
  {
    ""id"": ""silver-G0084"",
    ""docType"": ""DECISION"",
    ""path"": ""/synthetic/silver/G0084"",
    ""docTitle"": ""R. v. Bramwell"",
    ""autoCompletions"": ""[{\""type\"":\""MAIN_TITLE\"",\""text\"":\""R. v. Bramwell\""},{\""type\"":\""DECISION_OTHER_REFERENCES\"",\""text\"":\""(1983), 46 A.R. 241 (Alta. C.A.)\""}]"",
    ""jurisdictionId"": ""unspecified"",
    ""citedCount"": 1
  }
]"
https://synthetic.leread.ca/silver/G0085,"[
  {
    ""id"": ""silver-G0085"",
    ""docType"": ""DECISION"",
    ""path"": ""/synthetic/silver/G0085"",
    ""docTitle"": ""R. v. Campagna"",
    ""autoCompletions"": ""[{\""type\"":\""MAIN_TITLE\"",\""text\"":\""R. v. Campagna\""},{\""type\"":\""DECISION_OTHER_REFERENCES\"",\""text\"":\""(1983), 70 C.C.C.(2d) 236 (B.C. Prov. Ct.)\""}]"",
    ""jurisdictionId"": ""unspecified"",
    ""citedCount"": 2
  }
]"
https://synthetic.leread.ca/silver/G0086,"[
  {
    ""id"": ""silver-G0086"",
    ""docType"": ""DECISION"",
    ""path"": ""/synthetic/silver/G0086"",
    ""docTitle"": ""R. v. Carriere"",
    ""autoCompletions"": ""[{\""type\"":\""MAIN_TITLE\"",\""text\"":\""R. v. Carriere\""},{\""type\"":\""DECISION_OTHER_REFERENCES\"",\""text\"":\""(1983), 32 C.R.(3d) 117 (Ont. Prov. Ct.)\""}]"",
    ""jurisdictionId"": ""unspecified"",
    ""citedCount"": 2
  }
]"
https://synthetic.leread.ca/silver/G0087,"[
  {
    ""id"": ""silver-G0087"",
    ""docType"": ""DECISION"",
    ""path"": ""/synthetic/silver/G0087"",
    ""docTitle"": ""R. v. Carroll"",
    ""autoCompletions"": ""[{\""type\"":\""MAIN_TITLE\"",\""text\"":\""R. v. Carroll\""},{\""type\"":\""DECISION_ALTERNATE_TITLE\"",\""text\"":\""R. V. Carroll\""},{\""type\"":\""DECISION_OTHER_REFERENCES\"",\""text\"":\""(1983), 40 Nfld. &amp; P.E.I.R. 147\""},{\""type\"":\""DECISION_OTHER_REFERENCES\"",\""text\"":\""115 A.P.R. 147 (P.E.I.C.A.)\""}]"",
    ""jurisdictionId"": ""unspecified"",
    ""citedCount"": 1
  }
]"
https://synthetic.leread.ca/silver/G0088,"[
  {
    ""id"": ""silver-G0088"",
    ""docType"": ""DECISION"",
    ""path"": ""/synthetic/silver/G0088"",
    ""docTitle"": ""R. v. Chromiak"",
    ""autoCompletions"": ""[{\""type\"":\""MAIN_TITLE\"",\""text\"":\""R. v. Chromiak\""},{\""type\"":\""DECISION_OTHER_REFERENCES\"",\""text\"":\""(1980), 29 N.R. 441\""},{\""type\"":\""DECISION_OTHER_REFERENCES\"",\""text\"":\""102 D.L.R.(3d) 368\""},{\""type\"":\""DECISION_OTHER_REFERENCES\"",\""text\"":\""12 C.R.(3d) 300\""}]"",
    ""jurisdictionId"": ""unspecified"",
    ""citedCount"": 2
  }
]"
https://synthetic.leread.ca/silver/G0090,"[
  {
    ""id"": ""silver-G0090"",
    ""docType"": ""DECISION"",
    ""path"": ""/synthetic/silver/G0090"",
    ""docTitle"": ""R. v. Dedman"",
    ""autoCompletions"": ""[{\""type\"":\""MAIN_TITLE\"",\""text\"":\""R. v. Dedman\""},{\""type\"":\""DECISION_ALTERNATE_TITLE\"",\""text\"":\""R. V. Dedman\""},{\""type\"":\""DECISION_OTHER_REFERENCES\"",\""text\"":\""(1981), 23 C.R.(3d) 228\""}]"",
    ""jurisdictionId"": ""unspecified"",
    ""citedCount"": 1
  }
]"
https://synthetic.leread.ca/silver/G0091,"[
  {
    ""id"": ""silver-G0091"",
    ""docType"": ""DECISION"",
    ""path"": ""/synthetic/silver/G0091"",
    ""docTitle"": ""R. v. Drybones"",
    ""autoCompletions"": ""[{\""type\"":\""MAIN_TITLE\"",\""text\"":\""R. v. Drybones\""},{\""type\"":\""DECISION_ALTERNATE_TITLE\"",\""text\"":\""R. v. Drybones, [1910]\""},{\""type\"":\""DECISION_OTHER_REFERENCES\"",\""text\"":\""10 C.R.W.S. 334\""},{\""type\"":\""DECISION_OTHER_REFERENCES\"",\""text\"":\""71 W.W.R. 161\""},{\""type\"":\""DECISION_OTHER_REFERENCES\"",\""text\"":\""9 D.L.R.(3d) 473\""},{\""type\"":\""DECISION_OTHER_REFERENCES\"",\""text\"":\""S.C.R. 282\""},{\""type\"":\""DECISION_OTHER_REFERENCES\"",\""text\"":\""[1970] 3 C.C.C. 355\""}]"",
    ""jurisdictionId"": ""unspecified"",
    ""citedCount"": 2
  }
]"
https://synthetic.leread.ca/silver/G0092,"[
  {
    ""id"": ""silver-G0092"",
    ""docType"": ""DECISION"",
    ""path"": ""/synthetic/silver/G0092"",
    ""docTitle"": ""R. v. Gallant"",
    ""autoCompletions"": ""[{\""type\"":\""MAIN_TITLE\"",\""text\"":\""R. v. Gallant\""},{\""type\"":\""DECISION_OTHER_REFERENCES\"",\""text\"":\""(1983), 70 C.C.C.(2d) 213 (Ont. Prov. Ct.)\""}]"",
    ""jurisdictionId"": ""unspecified"",
    ""citedCount"": 1
  }
]"
https://synthetic.leread.ca/silver/G0093,"[
  {
    ""id"": ""silver-G0093"",
    ""docType"": ""DECISION"",
    ""path"": ""/synthetic/silver/G0093"",
    ""docTitle"": ""R. v. Hayden"",
    ""autoCompletions"": ""[{\""type\"":\""MAIN_TITLE\"",\""text\"":\""R. v. Hayden\""},{\""type\"":\""DECISION_OTHER_REFERENCES\"",\""text\"":\""(1983), 33 C.R.(3d) 363 (Man. Prov. Ct.)\""}]"",
    ""jurisdictionId"": ""unspecified"",
    ""citedCount"": 2
  }
]"
https://synthetic.leread.ca/silver/G0094,"[
  {
    ""id"": ""silver-G0094"",
    ""docType"": ""DECISION"",
    ""path"": ""/synthetic/silver/G0094"",
    ""docTitle"": ""R. v. Holman"",
    ""autoCompletions"": ""[{\""type\"":\""MAIN_TITLE\"",\""text\"":\""R. v. Holman\""},{\""type\"":\""DECISION_OTHER_REFERENCES\"",\""text\"":\""(1982), 28 C.R.(3d) 378 (B.C. Prov. Ct.)\""}]"",
    ""jurisdictionId"": ""unspecified"",
    ""citedCount"": 1
  }
]"
https://synthetic.leread.ca/silver/G0095,"[
  {
    ""id"": ""silver-G0095"",
    ""docType"": ""DECISION"",
    ""path"": ""/synthetic/silver/G0095"",
    ""docTitle"": ""R. v. Marooux and Solomon"",
    ""autoCompletions"": ""[{\""type\"":\""MAIN_TITLE\"",\""text\"":\""R. v. Marooux and Solomon\""},{\""type\"":\""DECISION_OTHER_REFERENCES\"",\""text\"":\""(1976), 4 N.R. 64\""},{\""type\"":\""DECISION_OTHER_REFERENCES\"",\""text\"":\""24 C.C.C.(2d) 1\""}]"",
    ""jurisdictionId"": ""unspecified"",
    ""citedCount"": 1
  }
]"
https://synthetic.leread.ca/silver/G0097,"[
  {
    ""id"": ""silver-G0097"",
    ""docType"": ""DECISION"",
    ""path"": ""/synthetic/silver/G0097"",
    ""docTitle"": ""R. v. Rolbin"",
    ""autoCompletions"": ""[{\""type\"":\""MAIN_TITLE\"",\""text\"":\""R. v. Rolbin\""},{\""type\"":\""DECISION_OTHER_REFERENCES\"",\""text\"":\""(1983), 2 C.R.R. 166 (Que. Sup. Ct.)\""},{\""type\"":\""DECISION_OTHER_REFERENCES\"",\""text\"":\""1 C.R.R. 186 (Que. Ct. of Sess.)\""},{\""type\"":\""DECISION_OTHER_REFERENCES\"",\""text\"":\""1982\""}]"",
    ""jurisdictionId"": ""unspecified"",
    ""citedCount"": 2
  }
]"
https://synthetic.leread.ca/silver/G0098,"[
  {
    ""id"": ""silver-G0098"",
    ""docType"": ""DECISION"",
    ""path"": ""/synthetic/silver/G0098"",
    ""docTitle"": ""R. v. Sault Ste. Marie"",
    ""autoCompletions"": ""[{\""type\"":\""MAIN_TITLE\"",\""text\"":\""R. v. Sault Ste. Marie\""},{\""type\"":\""DECISION_ALTERNATE_TITLE\"",\""text\"":\""R. v. <a href=\\\""http://sau.lt/\\\""><span style=\\\""color:windowtext;text-decoration:none\\\"">Sault</span></a> Ste. Marie\""},{\""type\"":\""DECISION_ALTERNATE_TITLE\"",\""text\"":\""R. v. City of Sault Ste. Marie\""},{\""type\"":\""DECISION_OTHER_REFERENCES\"",\""text\"":\""(1978), 21 N.R. 295\""},{\""type\"":\""DECISION_OTHER_REFERENCES\"",\""text\"":\""40 C.C.C.(2d) 353\""}]"",
    ""jurisdictionId"": ""unspecified"",
    ""citedCount"": 2
  }
]"
https://synthetic.leread.ca/silver/G0099,"[
  {
    ""id"": ""silver-G0099"",
    ""docType"": ""DECISION"",
    ""path"": ""/synthetic/silver/G0099"",
    ""docTitle"": ""R. v. Stanger"",
    ""autoCompletions"": ""[{\""type\"":\""MAIN_TITLE\"",\""text\"":\""R. v. Stanger\""}]"",
    ""jurisdictionId"": ""unspecified"",
    ""citedCount"": 1
  }
]"
https://synthetic.leread.ca/silver/G0100,"[
  {
    ""id"": ""silver-G0100"",
    ""docType"": ""DECISION"",
    ""path"": ""/synthetic/silver/G0100"",
    ""docTitle"": ""R. v. Therens"",
    ""autoCompletions"": ""[{\""type\"":\""MAIN_TITLE\"",\""text\"":\""R. v. Therens\""},{\""type\"":\""DECISION_ALTERNATE_TITLE\"",\""text\"":\""R. V. Therens\""},{\""type\"":\""DECISION_OTHER_REFERENCES\"",\""text\"":\""(1983), 23 Sask. R. 81\""},{\""type\"":\""DECISION_OTHER_REFERENCES\"",\""text\"":\""(Sask. C.A.)\""},{\""type\"":\""DECISION_OTHER_REFERENCES\"",\""text\"":\""33 C.R.(3d) 204\""}]"",
    ""jurisdictionId"": ""unspecified"",
    ""citedCount"": 2
  }
]"
https://synthetic.leread.ca/silver/G0101,"[
  {
    ""id"": ""silver-G0101"",
    ""docType"": ""DECISION"",
    ""path"": ""/synthetic/silver/G0101"",
    ""docTitle"": ""Re Boyle and The Queen"",
    ""autoCompletions"": ""[{\""type\"":\""MAIN_TITLE\"",\""text\"":\""Re Boyle and The Queen\""},{\""type\"":\""DECISION_ALTERNATE_TITLE\"",\""text\"":\""Boyle\""},{\""type\"":\""DECISION_OTHER_REFERENCES\"",\""text\"":\""(1983), 41 O.R.(2d) 713\""}]"",
    ""jurisdictionId"": ""unspecified"",
    ""citedCount"": 2
  }
]"
https://synthetic.leread.ca/silver/G0102,"[
  {
    ""id"": ""silver-G0102"",
    ""docType"": ""DECISION"",
    ""path"": ""/synthetic/silver/G0102"",
    ""docTitle"": ""Re Jamieson v. The Queen"",
    ""autoCompletions"": ""[{\""type\"":\""MAIN_TITLE\"",\""text\"":\""Re Jamieson v. The Queen\""},{\""type\"":\""DECISION_OTHER_REFERENCES\"",\""text\"":\""(1983), 70 C.C.C.(2d) 430 (Que. Sup. Ct.)\""}]"",
    ""jurisdictionId"": ""unspecified"",
    ""citedCount"": 1
  }
]"
https://synthetic.leread.ca/silver/G0103,"[
  {
    ""id"": ""silver-G0103"",
    ""docType"": ""DECISION"",
    ""path"": ""/synthetic/silver/G0103"",
    ""docTitle"": ""Re PPG Industries Canada Ltd. and Attorney General of Canada"",
    ""autoCompletions"": ""[{\""type\"":\""MAIN_TITLE\"",\""text\"":\""Re PPG Industries Canada Ltd. and Attorney General of Canada\""},{\""type\"":\""DECISION_OTHER_REFERENCES\"",\""text\"":\""(1983), 3 C.C.C.(3d) 97\""}]"",
    ""jurisdictionId"": ""unspecified"",
    ""citedCount"": 1
  }
]"
https://synthetic.leread.ca/silver/G0104,"[
  {
    ""id"": ""silver-G0104"",
    ""docType"": ""DECISION"",
    ""path"": ""/synthetic/silver/G0104"",
    ""docTitle"": ""Re Regina and Brooks et al."",
    ""autoCompletions"": ""[{\""type\"":\""MAIN_TITLE\"",\""text\"":\""Re Regina and Brooks et al.\""},{\""type\"":\""DECISION_OTHER_REFERENCES\"",\""text\"":\""(1983), 1 C.C.C.(3d) 506\""},{\""type\"":\""DECISION_OTHER_REFERENCES\"",\""text\"":\""(Ont. H.C.)\""}]"",
    ""jurisdictionId"": ""unspecified"",
    ""citedCount"": 1
  }
]"
https://synthetic.leread.ca/silver/G0105,"[
  {
    ""id"": ""silver-G0105"",
    ""docType"": ""DECISION"",
    ""path"": ""/synthetic/silver/G0105"",
    ""docTitle"": ""Re State of Wisconsin and Armstrong"",
    ""autoCompletions"": ""[{\""type\"":\""MAIN_TITLE\"",\""text\"":\""Re State of Wisconsin and Armstrong\""},{\""type\"":\""DECISION_OTHER_REFERENCES\"",\""text\"":\""(1973), 32 D.L.R.(3d) 265 (F.C.A.)\""}]"",
    ""jurisdictionId"": ""unspecified"",
    ""citedCount"": 1
  }
]"
https://synthetic.leread.ca/silver/G0106,"[
  {
    ""id"": ""silver-G0106"",
    ""docType"": ""DECISION"",
    ""path"": ""/synthetic/silver/G0106"",
    ""docTitle"": ""Reference Re Section 94(2) of Motor Vehicle Act R.S.B.C. 1979, c. 288"",
    ""autoCompletions"": ""[{\""type\"":\""MAIN_TITLE\"",\""text\"":\""Reference Re Section 94(2) of Motor Vehicle Act R.S.B.C. 1979, c. 288\""},{\""type\"":\""DECISION_ALTERNATE_TITLE\"",\""text\"":\""<i>Reference Re Section</i> 94(2) of <i>Motor Vehicle Act</i>\""},{\""type\"":\""DECISION_ALTERNATE_TITLE\"",\""text\"":\""Reference Re Section 94(2) of Motor Vehicle Act\""},{\""type\"":\""DECISION_OTHER_REFERENCES\"",\""text\"":\""(1983), 33 C.R.(3d) 22\""}]"",
    ""jurisdictionId"": ""unspecified"",
    ""citedCount"": 3
  }
]"
https://synthetic.leread.ca/silver/G0107,"[
  {
    ""id"": ""silver-G0107"",
    ""docType"": ""DECISION"",
    ""path"": ""/synthetic/silver/G0107"",
    ""docTitle"": ""Restrictive Trade Practices Commission v. Irvine"",
    ""autoCompletions"": ""[{\""type\"":\""MAIN_TITLE\"",\""text\"":\""Restrictive Trade Practices Commission v. Irvine\""},{\""type\"":\""DECISION_ALTERNATE_TITLE\"",\""text\"":\""Restrictive Trade Practices Commission et al. v. Irvine et al.\""},{\""type\"":\""DECISION_OTHER_REFERENCES\"",\""text\"":\""(1982), 41 N.R. 375\""},{\""type\"":\""DECISION_OTHER_REFERENCES\"",\""text\"":\""65 C.C.C.(2d) 108\""}]"",
    ""jurisdictionId"": ""unspecified"",
    ""citedCount"": 1
  }
]"
https://synthetic.leread.ca/silver/G0108,"[
  {
    ""id"": ""silver-G0108"",
    ""docType"": ""DOCTRINE"",
    ""path"": ""/synthetic/silver/G0108"",
    ""docTitle"": ""Self-incrimination In The Canadian Criminal Process"",
    ""autoCompletions"": ""[{\""type\"":\""MAIN_TITLE\"",\""text\"":\""Self-incrimination In The Canadian Criminal Process\""},{\""type\"":\""DOCTRINE_AUTHOR\"",\""text\"":\""Professor Ratushny\""}]"",
    ""jurisdictionId"": ""unspecified"",
    ""citedCount"": 3
  }
]"
https://synthetic.leread.ca/silver/G0109,"[
  {
    ""id"": ""silver-G0109"",
    ""docType"": ""DOCTRINE"",
    ""path"": ""/synthetic/silver/G0109"",
    ""docTitle"": ""Sopinka and Lederman, The Law of Evidence In Civil Cases"",
    ""autoCompletions"": ""[{\""type\"":\""MAIN_TITLE\"",\""text\"":\""Sopinka and Lederman, The Law of Evidence In Civil Cases\""},{\""type\"":\""MAIN_TITLE\"",\""text\"":\""The Law of Evidence In Civil Cases\""},{\""type\"":\""DOCTRINE_AUTHOR\"",\""text\"":\""Sopinka and Lederman\""}]"",
    ""jurisdictionId"": ""unspecified"",
    ""citedCount"": 1
  }
]"
https://synthetic.leread.ca/silver/G0110,"[
  {
    ""id"": ""silver-G0110"",
    ""docType"": ""DECISION"",
    ""path"": ""/synthetic/silver/G0110"",
    ""docTitle"": ""Southam Inc. v. Hunter"",
    ""autoCompletions"": ""[{\""type\"":\""MAIN_TITLE\"",\""text\"":\""Southam Inc. v. Hunter\""},{\""type\"":\""DECISION_ALTERNATE_TITLE\"",\""text\"":\""Southern Inc. v. Hunter et al.\""},{\""type\"":\""DECISION_OTHER_REFERENCES\"",\""text\"":\""(1982), 42 A.R. 109\""},{\""type\"":\""DECISION_OTHER_REFERENCES\"",\""text\"":\""(1983), 42 A.R. 108\""},{\""type\"":\""DECISION_OTHER_REFERENCES\"",\""text\"":\""3 C.C.C. (3d) 497\""},{\""type\"":\""DECISION_OTHER_REFERENCES\"",\""text\"":\""68 C.C.C.(2d) 356 (Alberta Q.B.)\""}]"",
    ""jurisdictionId"": ""unspecified"",
    ""citedCount"": 2
  }
]"
https://synthetic.leread.ca/silver/G0111,"[
  {
    ""id"": ""silver-G0111"",
    ""docType"": ""DOCTRINE"",
    ""path"": ""/synthetic/silver/G0111"",
    ""docTitle"": ""Spry, Equitable Remedies"",
    ""autoCompletions"": ""[{\""type\"":\""MAIN_TITLE\"",\""text\"":\""Spry, Equitable Remedies\""},{\""type\"":\""MAIN_TITLE\"",\""text\"":\""Equitable Remedies\""},{\""type\"":\""DOCTRINE_AUTHOR\"",\""text\"":\""Spry\""}]"",
    ""jurisdictionId"": ""unspecified"",
    ""citedCount"": 1
  }
]"
https://synthetic.leread.ca/silver/G0112,"[
  {
    ""id"": ""silver-G0112"",
    ""docType"": ""DECISION"",
    ""path"": ""/synthetic/silver/G0112"",
    ""docTitle"": ""Sunbeam Corporation (Canada) Ltd. v. The Queen"",
    ""autoCompletions"": ""[{\""type\"":\""MAIN_TITLE\"",\""text\"":\""Sunbeam Corporation (Canada) Ltd. v. The Queen\""},{\""type\"":\""DECISION_ALTERNATE_TITLE\"",\""text\"":\""Appeal Court of Ontario\""},{\""type\"":\""DECISION_OTHER_REFERENCES\"",\""text\"":\""[1967] 3 CC.C. 149\""},{\""type\"":\""DECISION_OTHER_REFERENCES\"",\""text\"":\""[1969] 2 C.C.C. 189\""}]"",
    ""jurisdictionId"": ""unspecified"",
    ""citedCount"": 2
  }
]"
https://synthetic.leread.ca/silver/G0114,"[
  {
    ""id"": ""silver-G0114"",
    ""docType"": ""DECISION"",
    ""path"": ""/synthetic/silver/G0114"",
    ""docTitle"": ""Union Colliery Company of British Columbia Limited v. Bryden"",
    ""autoCompletions"": ""[{\""type\"":\""MAIN_TITLE\"",\""text\"":\""Union Colliery Company of British Columbia Limited v. Bryden\""},{\""type\"":\""DECISION_OTHER_REFERENCES\"",\""text\"":\""[1899] A.C. 580 (P.C.)\""}]"",
    ""jurisdictionId"": ""unspecified"",
    ""citedCount"": 1
  }
]"
https://synthetic.leread.ca/silver/G0115,"[
  {
    ""id"": ""silver-G0115"",
    ""docType"": ""DOCTRINE"",
    ""path"": ""/synthetic/silver/G0115"",
    ""docTitle"": ""Wigmore on Evidence"",
    ""autoCompletions"": ""[{\""type\"":\""MAIN_TITLE\"",\""text\"":\""Wigmore on Evidence\""},{\""type\"":\""DOCTRINE_AUTHOR\"",\""text\"":\""Wigmore\""}]"",
    ""jurisdictionId"": ""unspecified"",
    ""citedCount"": 5
  }
]"
https://synthetic.leread.ca/silver/G0117,"[
  {
    ""id"": ""silver-G0117"",
    ""docType"": ""DECISION"",
    ""path"": ""/synthetic/silver/G0117"",
    ""docTitle"": ""Big Valley Collieries v. MacKinnon"",
    ""autoCompletions"": ""[{\""type\"":\""MAIN_TITLE\"",\""text\"":\""Big Valley Collieries v. MacKinnon\""},{\""type\"":\""DECISION_OTHER_REFERENCES\"",\""text\"":\""(1915), 9 W.W.R. 4\""},{\""type\"":\""DECISION_OTHER_REFERENCES\"",\""text\"":\""23 D.L.R. 62 (Alta. T.D.)\""}]"",
    ""jurisdictionId"": ""unspecified"",
    ""citedCount"": 1
  }
]"
https://synthetic.leread.ca/silver/G0118,"[
  {
    ""id"": ""silver-G0118"",
    ""docType"": ""DECISION"",
    ""path"": ""/synthetic/silver/G0118"",
    ""docTitle"": ""Chernec v. Smith"",
    ""autoCompletions"": ""[{\""type\"":\""MAIN_TITLE\"",\""text\"":\""Chernec v. Smith\""},{\""type\"":\""DECISION_OTHER_REFERENCES\"",\""text\"":\""[1946] 3 D.L.R. 765\""},{\""type\"":\""DECISION_OTHER_REFERENCES\"",\""text\"":\""[1946] O.W.N. 513 (C.A.)\""}]"",
    ""jurisdictionId"": ""unspecified"",
    ""citedCount"": 1
  }
]"
https://synthetic.leread.ca/silver/G0119,"[
  {
    ""id"": ""silver-G0119"",
    ""docType"": ""LEGISLATION"",
    ""path"": ""/synthetic/silver/G0119"",
    ""docTitle"": ""Commercial Tenancy Act"",
    ""autoCompletions"": ""[{\""type\"":\""MAIN_TITLE\"",\""text\"":\""Commercial Tenancy Act\""},{\""type\"":\""LEGISLATION_ALTERNATE_TITLE\"",\""text\"":\""Act\""},{\""type\"":\""LEGISLATION_ALTERNATE_TITLE\"",\""text\"":\""Commer­cial Tenancy Act\""},{\""type\"":\""LEGISLATION_REFERENCE\"",\""text\"":\""R.S.B.C. 1979, c.54\""}]"",
    ""jurisdictionId"": ""unspecified"",
    ""citedCount"": 56
  }
]"
https://synthetic.leread.ca/silver/G0120,"[
  {
    ""id"": ""silver-G0120"",
    ""docType"": ""DECISION"",
    ""path"": ""/synthetic/silver/G0120"",
    ""docTitle"": ""Foreshore Projects Ltd. v. Warner Shelter Corp."",
    ""autoCompletions"": ""[{\""type\"":\""MAIN_TITLE\"",\""text\"":\""Foreshore Projects Ltd. v. Warner Shelter Corp.\""},{\""type\"":\""DECISION_ALTERNATE_TITLE\"",\""text\"":\""<b><i><span lang=\\\""EN-GB\\\"" style='font-family:\\\""Times New Roman\\\"";letter-spacing:-.15pt'>Foreshore Products Ltd.</span></i></b><span lang=\\\""EN-GB\\\"" style=\\\""letter-spacing:-.15pt\\\""> v.</span><b><i><span lang=\\\""EN-GB\\\"" style='font-family:\\\""Times New Roman\\\"";letter-spacing:-.15pt'> Warner Shelter Corp.</span></i></b>\""},{\""type\"":\""DECISION_ALTERNATE_TITLE\"",\""text\"":\""<b><i><span lang=\\\""EN-GB\\\"" style='font-family:\\\""Times New Roman\\\"";letter-spacing:-.15pt'>Foreshore Projects Ltd.</span></i></b><span lang=\\\""EN-GB\\\"" style=\\\""letter-spacing: -.15pt\\\""> v.</span><b><i><span lang=\\\""EN-GB\\\"" style='font-family:\\\""Times New Roman\\\""; letter-spacing:-.15pt'> Warner Shelter Corp.</span></i></b>\""},{\""type\"":\""DECISION_OTHER_REFERENCES\"",\""text\"":\""(1983), 49 B.C.L.R. 26\""},{\""type\"":\""DECISION_OTHER_REFERENCES\"",\""text\"":\""(1983), 49 B.C.L.R. 26 (B.C. Co. Ct.)\""}]"",
    ""jurisdictionId"": ""unspecified"",
    ""citedCount"": 2
  }
]"
https://synthetic.leread.ca/silver/G0121,"[
  {
    ""id"": ""silver-G0121"",
    ""docType"": ""DECISION"",
    ""path"": ""/synthetic/silver/G0121"",
    ""docTitle"": ""Gulf Oil Can. Ltd. v. Persall"",
    ""autoCompletions"": ""[{\""type\"":\""MAIN_TITLE\"",\""text\"":\""Gulf Oil Can. Ltd. v. Persall\""},{\""type\"":\""DECISION_OTHER_REFERENCES\"",\""text\"":\""(1977), 75 D.L.R. (3d) 471 (B.C. Co. Ct.)\""}]"",
    ""jurisdictionId"": ""unspecified"",
    ""citedCount"": 1
  }
]"
https://synthetic.leread.ca/silver/G0122,"[
  {
    ""id"": ""silver-G0122"",
    ""docType"": ""LEGISLATION"",
    ""path"": ""/synthetic/silver/G0122"",
    ""docTitle"": ""Landlord and Tenant Act RSBC 1911"",
    ""autoCompletions"": ""[{\""type\"":\""MAIN_TITLE\"",\""text\"":\""Landlord and Tenant Act RSBC 1911\""},{\""type\"":\""LEGISLATION_ALTERNATE_TITLE\"",\""text\"":\""Landlord and Tenant Act\""},{\""type\"":\""LEGISLATION_REFERENCE\"",\""text\"":\""R.S.B.C., 1911, ch. 126\""}]"",
    ""jurisdictionId"": ""unspecified"",
    ""citedCount"": 1
  }
]"
https://synthetic.leread.ca/silver/G0123,"[
  {
    ""id"": ""silver-G0123"",
    ""docType"": ""LEGISLATION"",
    ""path"": ""/synthetic/silver/G0123"",
    ""docTitle"": ""Landlord and Tenant Act RSO 1937"",
    ""autoCompletions"": ""[{\""type\"":\""MAIN_TITLE\"",\""text\"":\""Landlord and Tenant Act RSO 1937\""},{\""type\"":\""LEGISLATION_ALTERNATE_TITLE\"",\""text\"":\""Landlord and Tenant Act\""},{\""type\"":\""LEGISLATION_ALTERNATE_TITLE\"",\""text\"":\""Ontario Act\""},{\""type\"":\""LEGISLATION_ALTERNATE_TITLE\"",\""text\"":\""The Landlord and Tenant Act\""},{\""type\"":\""LEGISLATION_REFERENCE\"",\""text\"":\""R.S.O. 1937, c.219\""}]"",
    ""jurisdictionId"": ""unspecified"",
    ""citedCount"": 3
  }
]"
https://synthetic.leread.ca/silver/G0124,"[
  {
    ""id"": ""silver-G0124"",
    ""docType"": ""DECISION"",
    ""path"": ""/synthetic/silver/G0124"",
    ""docTitle"": ""Misarol Farms Ltd. v. Lemer"",
    ""autoCompletions"": ""[{\""type\"":\""MAIN_TITLE\"",\""text\"":\""Misarol Farms Ltd. v. Lemer\""},{\""type\"":\""DECISION_ALTERNATE_TITLE\"",\""text\"":\""Misarol Farms Ltd. v. Lemer (Prelutsky)\""},{\""type\"":\""DECISION_OTHER_REFERENCES\"",\""text\"":\""(1978), 6 B.C.L.R. 170\""},{\""type\"":\""DECISION_OTHER_REFERENCES\"",\""text\"":\""5 R.P.R. 178 (Co. Ct.)\""}]"",
    ""jurisdictionId"": ""unspecified"",
    ""citedCount"": 1
  }
]"
https://synthetic.leread.ca/silver/G0125,"[
  {
    ""id"": ""silver-G0125"",
    ""docType"": ""DECISION"",
    ""path"": ""/synthetic/silver/G0125"",
    ""docTitle"": ""Moore v. Ullcoats Mining Co."",
    ""autoCompletions"": ""[{\""type\"":\""MAIN_TITLE\"",\""text\"":\""Moore v. Ullcoats Mining Co.\""},{\""type\"":\""DECISION_ALTERNATE_TITLE\"",\""text\"":\""<b><i><span lang=\\\""EN-GB\\\"" style='font-family: \\\""Times New Roman\\\"";letter-spacing:-.15pt'>Moore</span></i></b><span lang=\\\""EN-GB\\\"" style=\\\""letter-spacing:-.15pt\\\""> v.</span><b><i><span lang=\\\""EN-GB\\\"" style='font-family:\\\""Times New Roman\\\"";letter-spacing:-.15pt'> Ullcoats Mining Co.</span></i></b>\""},{\""type\"":\""DECISION_ALTERNATE_TITLE\"",\""text\"":\""Moore v. Ullcoats Mining Company, Limited\""},{\""type\"":\""DECISION_OTHER_REFERENCES\"",\""text\"":\""77 L.J. Ch. 282\""},{\""type\"":\""DECISION_OTHER_REFERENCES\"",\""text\"":\""[1908] 1 Ch. 575\""}]"",
    ""jurisdictionId"": ""unspecified"",
    ""citedCount"": 4
  }
]"
https://synthetic.leread.ca/silver/G0126,"[
  {
    ""id"": ""silver-G0126"",
    ""docType"": ""DECISION"",
    ""path"": ""/synthetic/silver/G0126"",
    ""docTitle"": ""Pridham Estates"",
    ""autoCompletions"": ""[{\""type\"":\""MAIN_TITLE\"",\""text\"":\""Pridham Estates\""},{\""type\"":\""DECISION_ALTERNATE_TITLE\"",\""text\"":\""<b><i><span lang=\\\""EN-GB\\\"" style='font-family:\\\""Times New Roman\\\"";letter-spacing:-.15pt'>Pridham Estates Ltd.</span></i></b><span lang=\\\""EN-GB\\\"" style=\\\""letter-spacing:-.15pt\\\""> v.</span><b><i><span lang=\\\""EN-GB\\\"" style='font-family:\\\""Times New Roman\\\"";letter-spacing:-.15pt'> Janowski</span></i></b>\""},{\""type\"":\""DECISION_OTHER_REFERENCES\"",\""text\"":\""[1968] 66 W.W.R. 695 (B.C. Co. Ct.)\""}]"",
    ""jurisdictionId"": ""unspecified"",
    ""citedCount"": 2
  }
]"
https://synthetic.leread.ca/silver/G0127,"[
  {
    ""id"": ""silver-G0127"",
    ""docType"": ""DECISION"",
    ""path"": ""/synthetic/silver/G0127"",
    ""docTitle"": ""Prudential Ins. Co. of Amer. v. McLean"",
    ""autoCompletions"": ""[{\""type\"":\""MAIN_TITLE\"",\""text\"":\""Prudential Ins. Co. of Amer. v. McLean\""},{\""type\"":\""DECISION_ALTERNATE_TITLE\"",\""text\"":\""<b><i><span lang=\\\""EN-GB\\\"" style='font-family:\\\""Times New Roman\\\"";letter-spacing:-.15pt'>Prudential Insurance Co.</span></i></b><span lang=\\\""EN-GB\\\"" style=\\\""letter-spacing: -.15pt\\\""> v.</span><b><i><span lang=\\\""EN-GB\\\"" style='font-family:\\\""Times New Roman\\\""; letter-spacing:-.15pt'> McLean</span></i></b>\""},{\""type\"":\""DECISION_ALTERNATE_TITLE\"",\""text\"":\""Prudential\""},{\""type\"":\""DECISION_ALTERNATE_TITLE\"",\""text\"":\""Prudential Ins. Co. v. McLean\""},{\""type\"":\""DECISION_OTHER_REFERENCES\"",\""text\"":\""[1943] 3 D.L.R. 307\""},{\""type\"":\""DECISION_OTHER_REFERENCES\"",\""text\"":\""[1943] 3 D.L.R. 307 (C.A.)\""},{\""type\"":\""DECISION_OTHER_REFERENCES\"",\""text\"":\""[1943] O.R. 377\""}]"",
    ""jurisdictionId"": ""unspecified"",
    ""citedCount"": 4
  }
]"
https://synthetic.leread.ca/silver/G0128,"[
  {
    ""id"": ""silver-G0128"",
    ""docType"": ""DECISION"",
    ""path"": ""/synthetic/silver/G0128"",
    ""docTitle"": ""Re Anderson"",
    ""autoCompletions"": ""[{\""type\"":\""MAIN_TITLE\"",\""text\"":\""Re Anderson\""},{\""type\"":\""DECISION_OTHER_REFERENCES\"",\""text\"":\""(1966), 56 W.W.R. 30\""},{\""type\"":\""DECISION_OTHER_REFERENCES\"",\""text\"":\""57 D.L.R. (2d) 561 (B.C. Co. Ct.)\""}]"",
    ""jurisdictionId"": ""unspecified"",
    ""citedCount"": 1
  }
]"
https://synthetic.leread.ca/silver/G0129,"[
  {
    ""id"": ""silver-G0129"",
    ""docType"": ""DECISION"",
    ""path"": ""/synthetic/silver/G0129"",
    ""docTitle"": ""Re Simpson and Young & Biggins Ltd."",
    ""autoCompletions"": ""[{\""type\"":\""MAIN_TITLE\"",\""text\"":\""Re Simpson and Young & Biggins Ltd.\""},{\""type\"":\""DECISION_ALTERNATE_TITLE\"",\""text\"":\""Re Simpson and Young &amp; Biggins Ltd.\""},{\""type\"":\""DECISION_ALTERNATE_TITLE\"",\""text\"":\""Re Simpson and Young &amp; Biggin Ltd.\""},{\""type\"":\""DECISION_OTHER_REFERENCES\"",\""text\"":\""(1971), 22 D.L.R. (3d) 291 (Ont. C.A.)\""},{\""type\"":\""DECISION_OTHER_REFERENCES\"",\""text\"":\""[1972] 1 O.R. 103 (C.A.)\""}]"",
    ""jurisdictionId"": ""unspecified"",
    ""citedCount"": 2
  }
]"
https://synthetic.leread.ca/silver/G0130,"[
  {
    ""id"": ""silver-G0130"",
    ""docType"": ""DECISION"",
    ""path"": ""/synthetic/silver/G0130"",
    ""docTitle"": ""Robinson, Little & Co. (Trustees of) v. Marlowe Yeoman Ltd."",
    ""autoCompletions"": ""[{\""type\"":\""MAIN_TITLE\"",\""text\"":\""Robinson, Little & Co. (Trustees of) v. Marlowe Yeoman Ltd.\""},{\""type\"":\""DECISION_ALTERNATE_TITLE\"",\""text\"":\""<b><i><span lang=\\\""EN-GB\\\"" style='font-family:\\\""Times New Roman\\\""; letter-spacing:-.15pt'>Robinson, Little &amp; Co. (Trustees of)</span></i></b><span lang=\\\""EN-GB\\\"" style=\\\""letter-spacing:-.15pt\\\""> v.</span><b><i><span lang=\\\""EN-GB\\\"" style='font-family:\\\""Times New Roman\\\"";letter-spacing:-.15pt'> Marlowe Yeoman Ltd.</span></i></b>\""},{\""type\"":\""DECISION_OTHER_REFERENCES\"",\""text\"":\""(1986), 5 B.C.L.R. (2d) 67 (B.C.C.A.)\""}]"",
    ""jurisdictionId"": ""unspecified"",
    ""citedCount"": 1
  }
]"
https://synthetic.leread.ca/silver/G0131,"[
  {
    ""id"": ""silver-G0131"",
    ""docType"": ""DECISION"",
    ""path"": ""/synthetic/silver/G0131"",
    ""docTitle"": ""Standard Trusts v. David Steele Ltd."",
    ""autoCompletions"": ""[{\""type\"":\""MAIN_TITLE\"",\""text\"":\""Standard Trusts v. David Steele Ltd.\""},{\""type\"":\""DECISION_ALTERNATE_TITLE\"",\""text\"":\""Standard Trusts\""},{\""type\"":\""DECISION_OTHER_REFERENCES\"",\""text\"":\""(1921), 2 C.B.R. 183 (B.C.S.C.)\""},{\""type\"":\""DECISION_OTHER_REFERENCES\"",\""text\"":\""(1922), 3 C.B.R. 141\""}]"",
    ""jurisdictionId"": ""unspecified"",
    ""citedCount"": 3
  }
]"
https://synthetic.leread.ca/silver/G0132,"[
  {
    ""id"": ""silver-G0132"",
    ""docType"": ""DECISION"",
    ""path"": ""/synthetic/silver/G0132"",
    ""docTitle"": ""Winbaum v. Ginou"",
    ""autoCompletions"": ""[{\""type\"":\""MAIN_TITLE\"",\""text\"":\""Winbaum v. Ginou\""},{\""type\"":\""DECISION_OTHER_REFERENCES\"",\""text\"":\""[1947] 2 D.L.R. 619\""},{\""type\"":\""DECISION_OTHER_REFERENCES\"",\""text\"":\""[1947] O.R. 242\""}]"",
    ""jurisdictionId"": ""unspecified"",
    ""citedCount"": 1
  }
]"
https://synthetic.leread.ca/silver/G0133,"[
  {
    ""id"": ""silver-G0133"",
    ""docType"": ""DECISION"",
    ""path"": ""/synthetic/silver/G0133"",
    ""docTitle"": ""Canada v. Beauregard"",
    ""autoCompletions"": ""[{\""type\"":\""MAIN_TITLE\"",\""text\"":\""Canada v. Beauregard\""},{\""type\"":\""DECISION_ALTERNATE_TITLE\"",\""text\"":\""Beauregard\""},{\""type\"":\""DECISION_OTHER_REFERENCES\"",\""text\"":\""(1986), 30 D.L.R. (4th) 481\""},{\""type\"":\""DECISION_OTHER_REFERENCES\"",\""text\"":\""26 C.R.R. 59\""},{\""type\"":\""DECISION_OTHER_REFERENCES\"",\""text\"":\""[1986] 2 S.C.R. 56\""}]"",
    ""jurisdictionId"": ""unspecified"",
    ""citedCount"": 4
  }
]"
https://synthetic.leread.ca/silver/G0135,"[
  {
    ""id"": ""silver-G0135"",
    ""docType"": ""DOCTRINE"",
    ""path"": ""/synthetic/silver/G0135"",
    ""docTitle"": ""Constitutional Law of Canada"",
    ""autoCompletions"": ""[{\""type\"":\""MAIN_TITLE\"",\""text\"":\""Constitutional Law of Canada\""},{\""type\"":\""DOCTRINE_AUTHOR\"",\""text\"":\""Peter Hogg\""},{\""type\"":\""DOCTRINE_AUTHOR\"",\""text\"":\""Peter W. Hogg\""}]"",
    ""jurisdictionId"": ""unspecified"",
    ""citedCount"": 2
  }
]"
https://synthetic.leread.ca/silver/G0137,"[
  {
    ""id"": ""silver-G0137"",
    ""docType"": ""DECISION"",
    ""path"": ""/synthetic/silver/G0137"",
    ""docTitle"": ""Lowther v. Prince Edward Island"",
    ""autoCompletions"": ""[{\""type\"":\""MAIN_TITLE\"",\""text\"":\""Lowther v. Prince Edward Island\""},{\""type\"":\""DECISION_ALTERNATE_TITLE\"",\""text\"":\""R. v. Lowther\""},{\""type\"":\""DECISION_OTHER_REFERENCES\"",\""text\"":\""118 D.L.R. (4th) 665\""},{\""type\"":\""DECISION_OTHER_REFERENCES\"",\""text\"":\""122 Nfld. &amp; P.E.I.R. 221\""},{\""type\"":\""DECISION_OTHER_REFERENCES\"",\""text\"":\""24 C.R.R. (2d) 145\""}]"",
    ""jurisdictionId"": ""unspecified"",
    ""citedCount"": 1
  }
]"
https://synthetic.leread.ca/silver/G0138,"[
  {
    ""id"": ""silver-G0138"",
    ""docType"": ""DECISION"",
    ""path"": ""/synthetic/silver/G0138"",
    ""docTitle"": ""Manitoba Provincial Judges Assn. v. Manitoba (Minister of Justice)"",
    ""autoCompletions"": ""[{\""type\"":\""MAIN_TITLE\"",\""text\"":\""Manitoba Provincial Judges Assn. v. Manitoba (Minister of Justice)\""},{\""type\"":\""DECISION_OTHER_REFERENCES\"",\""text\"":\""30 C.P.C. (3d) 1\""},{\""type\"":\""DECISION_OTHER_REFERENCES\"",\""text\"":\""51 A.C.W.S. (3d) 1047\""}]"",
    ""jurisdictionId"": ""unspecified"",
    ""citedCount"": 1
  }
]"
https://synthetic.leread.ca/silver/G0140,"[
  {
    ""id"": ""silver-G0140"",
    ""docType"": ""LEGISLATION"",
    ""path"": ""/synthetic/silver/G0140"",
    ""docTitle"": ""Public Sector Pay Reduction Act"",
    ""autoCompletions"": ""[{\""type\"":\""MAIN_TITLE\"",\""text\"":\""Public Sector Pay Reduction Act\""},{\""type\"":\""LEGISLATION_ALTERNATE_TITLE\"",\""text\"":\""Act\""},{\""type\"":\""LEGISLATION_REFERENCE\"",\""text\"":\""S.P.E.I. 1994, c. 51\""}]"",
    ""jurisdictionId"": ""unspecified"",
    ""citedCount"": 16
  }
]"
https://synthetic.leread.ca/silver/G0141,"[
  {
    ""id"": ""silver-G0141"",
    ""docType"": ""DECISION"",
    ""path"": ""/synthetic/silver/G0141"",
    ""docTitle"": ""R. v. Campbell"",
    ""autoCompletions"": ""[{\""type\"":\""MAIN_TITLE\"",\""text\"":\""R. v. Campbell\""},{\""type\"":\""DECISION_OTHER_REFERENCES\"",\""text\"":\""25 W.C.B. (2d) 397]\""}]"",
    ""jurisdictionId"": ""unspecified"",
    ""citedCount"": 1
  }
]"
https://synthetic.leread.ca/silver/G0143,"[
  {
    ""id"": ""silver-G0143"",
    ""docType"": ""DECISION"",
    ""path"": ""/synthetic/silver/G0143"",
    ""docTitle"": ""R. v. Lippé"",
    ""autoCompletions"": ""[{\""type\"":\""MAIN_TITLE\"",\""text\"":\""R. v. Lippé\""},{\""type\"":\""DECISION_ALTERNATE_TITLE\"",\""text\"":\""Lippé\""},{\""type\"":\""DECISION_OTHER_REFERENCES\"",\""text\"":\""(1991), 64 C.C.C. (3d) 513\""},{\""type\"":\""DECISION_OTHER_REFERENCES\"",\""text\"":\""128 N.R. 1\""},{\""type\"":\""DECISION_OTHER_REFERENCES\"",\""text\"":\""[1991] 2 S.C.R. 114\""}]"",
    ""jurisdictionId"": ""unspecified"",
    ""citedCount"": 2
  }
]"
https://synthetic.leread.ca/silver/G0144,"[
  {
    ""id"": ""silver-G0144"",
    ""docType"": ""DECISION"",
    ""path"": ""/synthetic/silver/G0144"",
    ""docTitle"": ""R. v. Valente"",
    ""autoCompletions"": ""[{\""type\"":\""MAIN_TITLE\"",\""text\"":\""R. v. Valente\""},{\""type\"":\""DECISION_ALTERNATE_TITLE\"",\""text\"":\""Valente\""},{\""type\"":\""DECISION_OTHER_REFERENCES\"",\""text\"":\""(1985), 23 C.C.C. (3d) 193\""},{\""type\"":\""DECISION_OTHER_REFERENCES\"",\""text\"":\""24 D.L.R. (4th) 161\""},{\""type\"":\""DECISION_OTHER_REFERENCES\"",\""text\"":\""C.C.C.\""},{\""type\"":\""DECISION_OTHER_REFERENCES\"",\""text\"":\""D.L.R.\""},{\""type\"":\""DECISION_OTHER_REFERENCES\"",\""text\"":\""[1985] 2 S.C.R. 673\""}]"",
    ""jurisdictionId"": ""unspecified"",
    ""citedCount"": 11
  }
]"
https://synthetic.leread.ca/silver/G0145,"[
  {
    ""id"": ""silver-G0145"",
    ""docType"": ""LEGISLATION"",
    ""path"": ""/synthetic/silver/G0145"",
    ""docTitle"": ""Supreme Court Act PEI"",
    ""autoCompletions"": ""[{\""type\"":\""MAIN_TITLE\"",\""text\"":\""Supreme Court Act PEI\""},{\""type\"":\""LEGISLATION_ALTERNATE_TITLE\"",\""text\"":\""Supreme Court Act\""},{\""type\"":\""LEGISLATION_REFERENCE\"",\""text\"":\""R.S.P.E.I. 1988, c. S-10\""}]"",
    ""jurisdictionId"": ""unspecified"",
    ""citedCount"": 1
  }
]"
https://synthetic.leread.ca/silver/G0146,"[
  {
    ""id"": ""silver-G0146"",
    ""docType"": ""DECISION"",
    ""path"": ""/synthetic/silver/G0146"",
    ""docTitle"": ""(1994), 121 Nfld. & P.E.I.R. 338"",
    ""autoCompletions"": ""[{\""type\"":\""MAIN_TITLE\"",\""text\"":\""(1994), 121 Nfld. & P.E.I.R. 338\""},{\""type\"":\""DECISION_OTHER_REFERENCES\"",\""text\"":\""(1994), 121 Nfld. &amp; P.E.I.R. 338\""}]"",
    ""jurisdictionId"": ""unspecified"",
    ""citedCount"": 1
  }
]"
https://synthetic.leread.ca/silver/G0147,"[
  {
    ""id"": ""silver-G0147"",
    ""docType"": ""DECISION"",
    ""path"": ""/synthetic/silver/G0147"",
    ""docTitle"": ""Bixby v. B & K Carpet Warehouse Co."",
    ""autoCompletions"": ""[{\""type\"":\""MAIN_TITLE\"",\""text\"":\""Bixby v. B & K Carpet Warehouse Co.\""},{\""type\"":\""DECISION_ALTERNATE_TITLE\"",\""text\"":\""Bixby v. B &amp; K Carpet Warehouse Co.\""},{\""type\"":\""DECISION_OTHER_REFERENCES\"",\""text\"":\""(1987), 63 Nfld. &amp; P.E.I.R. 232\""},{\""type\"":\""DECISION_OTHER_REFERENCES\"",\""text\"":\""144 A.P.R. 232 (Nfld. T.D.)\""}]"",
    ""jurisdictionId"": ""unspecified"",
    ""citedCount"": 1
  }
]"
https://synthetic.leread.ca/silver/G0148,"[
  {
    ""id"": ""silver-G0148"",
    ""docType"": ""LEGISLATION"",
    ""path"": ""/synthetic/silver/G0148"",
    ""docTitle"": ""British Columbia Supreme Court Civil Rules"",
    ""autoCompletions"": ""[{\""type\"":\""MAIN_TITLE\"",\""text\"":\""British Columbia Supreme Court Civil Rules\""},{\""type\"":\""LEGISLATION_ALTERNATE_TITLE\"",\""text\"":\""British Columbia rule\""}]"",
    ""jurisdictionId"": ""unspecified"",
    ""citedCount"": 2
  }
]"
https://synthetic.leread.ca/silver/G0149,"[
  {
    ""id"": ""silver-G0149"",
    ""docType"": ""DECISION"",
    ""path"": ""/synthetic/silver/G0149"",
    ""docTitle"": ""Campbell v. Campbell (No. 1)"",
    ""autoCompletions"": ""[{\""type\"":\""MAIN_TITLE\"",\""text\"":\""Campbell v. Campbell (No. 1)\""},{\""type\"":\""DECISION_OTHER_REFERENCES\"",\""text\"":\""(1989), 83 Nfld. &amp; P.E.I.R. 332\""},{\""type\"":\""DECISION_OTHER_REFERENCES\"",\""text\"":\""260 A.P.R. 332 (U.F.C.)\""}]"",
    ""jurisdictionId"": ""unspecified"",
    ""citedCount"": 1
  }
]"
https://synthetic.leread.ca/silver/G0150,"[
  {
    ""id"": ""silver-G0150"",
    ""docType"": ""DECISION"",
    ""path"": ""/synthetic/silver/G0150"",
    ""docTitle"": ""Canadian Paraplegic Association (Newfoundland and Labrador) Inc. v. Sparcott Engineering Ltd. et al."",
    ""autoCompletions"": ""[{\""type\"":\""MAIN_TITLE\"",\""text\"":\""Canadian Paraplegic Association (Newfoundland and Labrador) Inc. v. Sparcott Engineering Ltd. et al.\""},{\""type\"":\""DECISION_ALTERNATE_TITLE\"",\""text\"":\""Canadian Paraplegic Association\""},{\""type\"":\""DECISION_OTHER_REFERENCES\"",\""text\"":\""(1997), 150 Nfld. &amp; P.E.I.R. 203\""},{\""type\"":\""DECISION_OTHER_REFERENCES\"",\""text\"":\""470 A.P.R. 203 (Nfld. C.A.)\""}]"",
    ""jurisdictionId"": ""unspecified"",
    ""citedCount"": 4
  }
]"
https://synthetic.leread.ca/silver/G0151,"[
  {
    ""id"": ""silver-G0151"",
    ""docType"": ""DECISION"",
    ""path"": ""/synthetic/silver/G0151"",
    ""docTitle"": ""Charcoal Pit Ltd. v. Atlantic Insurance Co. et al."",
    ""autoCompletions"": ""[{\""type\"":\""MAIN_TITLE\"",\""text\"":\""Charcoal Pit Ltd. v. Atlantic Insurance Co. et al.\""},{\""type\"":\""DECISION_ALTERNATE_TITLE\"",\""text\"":\""Charcoal Pit\""},{\""type\"":\""DECISION_OTHER_REFERENCES\"",\""text\"":\""(1994), 123 Nfld. &amp; P.E.I.R. 255\""},{\""type\"":\""DECISION_OTHER_REFERENCES\"",\""text\"":\""382 A.P.R. 255 (Nfld. C.A.)\""}]"",
    ""jurisdictionId"": ""unspecified"",
    ""citedCount"": 4
  }
]"
https://synthetic.leread.ca/silver/G0152,"[
  {
    ""id"": ""silver-G0152"",
    ""docType"": ""DECISION"",
    ""path"": ""/synthetic/silver/G0152"",
    ""docTitle"": ""Cini v. Micallef et al."",
    ""autoCompletions"": ""[{\""type\"":\""MAIN_TITLE\"",\""text\"":\""Cini v. Micallef et al.\""},{\""type\"":\""DECISION_OTHER_REFERENCES\"",\""text\"":\""(1987), 60 O.R.(2d) 584 (H.C.)\""}]"",
    ""jurisdictionId"": ""unspecified"",
    ""citedCount"": 1
  }
]"
https://synthetic.leread.ca/silver/G0153,"[
  {
    ""id"": ""silver-G0153"",
    ""docType"": ""DECISION"",
    ""path"": ""/synthetic/silver/G0153"",
    ""docTitle"": ""Earle v. Christian Brothers of Ireland in Canada et al."",
    ""autoCompletions"": ""[{\""type\"":\""MAIN_TITLE\"",\""text\"":\""Earle v. Christian Brothers of Ireland in Canada et al.\""},{\""type\"":\""DECISION_ALTERNATE_TITLE\"",\""text\"":\""Earle\""},{\""type\"":\""DECISION_OTHER_REFERENCES\"",\""text\"":\""(1995), 136 Nfld. &amp; P.E.I.R. 52\""},{\""type\"":\""DECISION_OTHER_REFERENCES\"",\""text\"":\""423 A.P.R. 52 (Nfld. T.D.)\""}]"",
    ""jurisdictionId"": ""unspecified"",
    ""citedCount"": 2
  }
]"
https://synthetic.leread.ca/silver/G0154,"[
  {
    ""id"": ""silver-G0154"",
    ""docType"": ""DECISION"",
    ""path"": ""/synthetic/silver/G0154"",
    ""docTitle"": ""Edgeworth Construction Ltd. v. Lea (N.D.) and Associates Ltd. et al."",
    ""autoCompletions"": ""[{\""type\"":\""MAIN_TITLE\"",\""text\"":\""Edgeworth Construction Ltd. v. Lea (N.D.) and Associates Ltd. et al.\""},{\""type\"":\""DECISION_ALTERNATE_TITLE\"",\""text\"":\""Edgeworth Construction Ltd. v. N.D. Lea &amp; Associates Ltd.\""},{\""type\"":\""DECISION_ALTERNATE_TITLE\"",\""text\"":\""Edgeworth Construction\""},{\""type\"":\""DECISION_OTHER_REFERENCES\"",\""text\"":\""157 N.R. 241\""},{\""type\"":\""DECISION_OTHER_REFERENCES\"",\""text\"":\""32 B.C.A.C. 221\""},{\""type\"":\""DECISION_OTHER_REFERENCES\"",\""text\"":\""53 W.A.C. 221\""},{\""type\"":\""DECISION_OTHER_REFERENCES\"",\""text\"":\""[1993] 3 S.C.R. 206\""}]"",
    ""jurisdictionId"": ""unspecified"",
    ""citedCount"": 4
  }
]"
https://synthetic.leread.ca/silver/G0155,"[
  {
    ""id"": ""silver-G0155"",
    ""docType"": ""DECISION"",
    ""path"": ""/synthetic/silver/G0155"",
    ""docTitle"": ""Edwards v. Edwards"",
    ""autoCompletions"": ""[{\""type\"":\""MAIN_TITLE\"",\""text\"":\""Edwards v. Edwards\""},{\""type\"":\""DECISION_ALTERNATE_TITLE\"",\""text\"":\""Edwards\""},{\""type\"":\""DECISION_OTHER_REFERENCES\"",\""text\"":\""[1958] 2 All E.R. 197 (P.D.)\""}]"",
    ""jurisdictionId"": ""unspecified"",
    ""citedCount"": 4
  }
]"
https://synthetic.leread.ca/silver/G0156,"[
  {
    ""id"": ""silver-G0156"",
    ""docType"": ""DECISION"",
    ""path"": ""/synthetic/silver/G0156"",
    ""docTitle"": ""Holden & Co. v. Crown Prosecution Service"",
    ""autoCompletions"": ""[{\""type\"":\""MAIN_TITLE\"",\""text\"":\""Holden & Co. v. Crown Prosecution Service\""},{\""type\"":\""DECISION_ALTERNATE_TITLE\"",\""text\"":\""Holden\""},{\""type\"":\""DECISION_ALTERNATE_TITLE\"",\""text\"":\""Holden &amp; Co. v. Crown Prosecution Service\""},{\""type\"":\""DECISION_OTHER_REFERENCES\"",\""text\"":\""[1990] 1 All E.R. 368 (C.A.)\""}]"",
    ""jurisdictionId"": ""unspecified"",
    ""citedCount"": 3
  }
]"
https://synthetic.leread.ca/silver/G0157,"[
  {
    ""id"": ""silver-G0157"",
    ""docType"": ""DECISION"",
    ""path"": ""/synthetic/silver/G0157"",
    ""docTitle"": ""House of Haynes (Restaurant) Ltd. et al. v. Snook et al."",
    ""autoCompletions"": ""[{\""type\"":\""MAIN_TITLE\"",\""text\"":\""House of Haynes (Restaurant) Ltd. et al. v. Snook et al.\""},{\""type\"":\""DECISION_ALTERNATE_TITLE\"",\""text\"":\""House of Haynes\""},{\""type\"":\""DECISION_OTHER_REFERENCES\"",\""text\"":\""(1995), 134 Nfld. &amp; P.E.I.R. 23\""},{\""type\"":\""DECISION_OTHER_REFERENCES\"",\""text\"":\""417 A.P.R. 23 (Nfld. C.A.)\""}]"",
    ""jurisdictionId"": ""unspecified"",
    ""citedCount"": 5
  }
]"
https://synthetic.leread.ca/silver/G0158,"[
  {
    ""id"": ""silver-G0158"",
    ""docType"": ""DECISION"",
    ""path"": ""/synthetic/silver/G0158"",
    ""docTitle"": ""Hunt v. T & N pic et al."",
    ""autoCompletions"": ""[{\""type\"":\""MAIN_TITLE\"",\""text\"":\""Hunt v. T & N pic et al.\""},{\""type\"":\""DECISION_ALTERNATE_TITLE\"",\""text\"":\""Hunt v. T &amp; N pic et al.,\""},{\""type\"":\""DECISION_OTHER_REFERENCES\"",\""text\"":\""117 N.R. 321\""},{\""type\"":\""DECISION_OTHER_REFERENCES\"",\""text\"":\""4 C.C.L.T.(2d) 1\""},{\""type\"":\""DECISION_OTHER_REFERENCES\"",\""text\"":\""43 C.P.C.(2d) 105\""},{\""type\"":\""DECISION_OTHER_REFERENCES\"",\""text\"":\""49 B.C.L.R.(2d) 273\""},{\""type\"":\""DECISION_OTHER_REFERENCES\"",\""text\"":\""74 D.L.R.(4th) 321\""},{\""type\"":\""DECISION_OTHER_REFERENCES\"",\""text\"":\""[1990] 2 S.C.R. 959\""},{\""type\"":\""DECISION_OTHER_REFERENCES\"",\""text\"":\""[1990] 6 W.W.R. 385\""}]"",
    ""jurisdictionId"": ""unspecified"",
    ""citedCount"": 1
  }
]"
https://synthetic.leread.ca/silver/G0159,"[
  {
    ""id"": ""silver-G0159"",
    ""docType"": ""DOCTRINE"",
    ""path"": ""/synthetic/silver/G0159"",
    ""docTitle"": ""Interlocutory Proceedings, Strategy and Practice"",
    ""autoCompletions"": ""[{\""type\"":\""MAIN_TITLE\"",\""text\"":\""Interlocutory Proceedings, Strategy and Practice\""},{\""type\"":\""DOCTRINE_AUTHOR\"",\""text\"":\""Rochon, Terry &amp; Gray\""}]"",
    ""jurisdictionId"": ""unspecified"",
    ""citedCount"": 1
  }
]"
https://synthetic.leread.ca/silver/G0160,"[
  {
    ""id"": ""silver-G0160"",
    ""docType"": ""DECISION"",
    ""path"": ""/synthetic/silver/G0160"",
    ""docTitle"": ""Janes v. Deer Lake (Town)"",
    ""autoCompletions"": ""[{\""type\"":\""MAIN_TITLE\"",\""text\"":\""Janes v. Deer Lake (Town)\""},{\""type\"":\""DECISION_ALTERNATE_TITLE\"",\""text\"":\""Janes\""},{\""type\"":\""DECISION_OTHER_REFERENCES\"",\""text\"":\""(1993), 110 Nfld. &amp; P.E.I.R. 202\""},{\""type\"":\""DECISION_OTHER_REFERENCES\"",\""text\"":\""346 A.P.R. 202 (Nfld. C.A.)\""}]"",
    ""jurisdictionId"": ""unspecified"",
    ""citedCount"": 4
  }
]"
https://synthetic.leread.ca/silver/G0161,"[
  {
    ""id"": ""silver-G0161"",
    ""docType"": ""LEGISLATION"",
    ""path"": ""/synthetic/silver/G0161"",
    ""docTitle"": ""Judgment Interest Act"",
    ""autoCompletions"": ""[{\""type\"":\""MAIN_TITLE\"",\""text\"":\""Judgment Interest Act\""},{\""type\"":\""LEGISLATION_ALTERNATE_TITLE\"",\""text\"":\""Act\""},{\""type\"":\""LEGISLATION_ALTERNATE_TITLE\"",\""text\"":\""Judgment <i>Interest Act</i>\""},{\""type\"":\""LEGISLATION_REFERENCE\"",\""text\"":\""R.S.N. 1990, c. J-2\""}]"",
    ""jurisdictionId"": ""unspecified"",
    ""citedCount"": 11
  }
]"
https://synthetic.leread.ca/silver/G0162,"[
  {
    ""id"": ""silver-G0162"",
    ""docType"": ""DECISION"",
    ""path"": ""/synthetic/silver/G0162"",
    ""docTitle"": ""Kern v. Kern and Wylie"",
    ""autoCompletions"": ""[{\""type\"":\""MAIN_TITLE\"",\""text\"":\""Kern v. Kern and Wylie\""},{\""type\"":\""DECISION_OTHER_REFERENCES\"",\""text\"":\""(1986), 50 R.F.L.(2d) 77 (Ont. H.C.)\""}]"",
    ""jurisdictionId"": ""unspecified"",
    ""citedCount"": 1
  }
]"
https://synthetic.leread.ca/silver/G0163,"[
  {
    ""id"": ""silver-G0163"",
    ""docType"": ""LEGISLATION"",
    ""path"": ""/synthetic/silver/G0163"",
    ""docTitle"": ""Law Society of Newfoundland"",
    ""autoCompletions"": ""[{\""type\"":\""MAIN_TITLE\"",\""text\"":\""Law Society of Newfoundland\""},{\""type\"":\""LEGISLATION_ALTERNATE_TITLE\"",\""text\"":\""Law Society\""}]"",
    ""jurisdictionId"": ""unspecified"",
    ""citedCount"": 1
  }
]"
https://synthetic.leread.ca/silver/G0164,"[
  {
    ""id"": ""silver-G0164"",
    ""docType"": ""DECISION"",
    ""path"": ""/synthetic/silver/G0164"",
    ""docTitle"": ""London Drugs Ltd. v. Kuehne & Nagel International Ltd."",
    ""autoCompletions"": ""[{\""type\"":\""MAIN_TITLE\"",\""text\"":\""London Drugs Ltd. v. Kuehne & Nagel International Ltd.\""},{\""type\"":\""DECISION_ALTERNATE_TITLE\"",\""text\"":\""London Drugs\""},{\""type\"":\""DECISION_ALTERNATE_TITLE\"",\""text\"":\""London Drugs Ltd. v. Brassart and Vanwinkel\""},{\""type\"":\""DECISION_ALTERNATE_TITLE\"",\""text\"":\""London Drugs Ltd. v. Kuehne &amp; Nagel International Ltd.\""},{\""type\"":\""DECISION_OTHER_REFERENCES\"",\""text\"":\""143 N.R. 1\""},{\""type\"":\""DECISION_OTHER_REFERENCES\"",\""text\"":\""18 B.C.A.C. 1\""},{\""type\"":\""DECISION_OTHER_REFERENCES\"",\""text\"":\""31 W.A.C. 1\""},{\""type\"":\""DECISION_OTHER_REFERENCES\"",\""text\"":\""97 D.L.R. (4th) 261\""},{\""type\"":\""DECISION_OTHER_REFERENCES\"",\""text\"":\""97 D.L.R.(4th) 261\""},{\""type\"":\""DECISION_OTHER_REFERENCES\"",\""text\"":\""[1992] 3 S.C.R. 299\""}]"",
    ""jurisdictionId"": ""unspecified"",
    ""citedCount"": 5
  }
]"
https://synthetic.leread.ca/silver/G0165,"[
  {
    ""id"": ""silver-G0165"",
    ""docType"": ""DECISION"",
    ""path"": ""/synthetic/silver/G0165"",
    ""docTitle"": ""Myers v. Elman"",
    ""autoCompletions"": ""[{\""type\"":\""MAIN_TITLE\"",\""text\"":\""Myers v. Elman\""},{\""type\"":\""DECISION_ALTERNATE_TITLE\"",\""text\"":\""Myers\""},{\""type\"":\""DECISION_OTHER_REFERENCES\"",\""text\"":\""[1940] A.C. 282 (H.L.)\""}]"",
    ""jurisdictionId"": ""unspecified"",
    ""citedCount"": 17
  }
]"
https://synthetic.leread.ca/silver/G0166,"[
  {
    ""id"": ""silver-G0166"",
    ""docType"": ""LEGISLATION"",
    ""path"": ""/synthetic/silver/G0166"",
    ""docTitle"": ""Newfoundland Supreme Court Rules"",
    ""autoCompletions"": ""[{\""type\"":\""MAIN_TITLE\"",\""text\"":\""Newfoundland Supreme Court Rules\""},{\""type\"":\""LEGISLATION_ALTERNATE_TITLE\"",\""text\"":\""Rule 17A\""}]"",
    ""jurisdictionId"": ""unspecified"",
    ""citedCount"": 11
  }
]"
https://synthetic.leread.ca/silver/G0167,"[
  {
    ""id"": ""silver-G0167"",
    ""docType"": ""DECISION"",
    ""path"": ""/synthetic/silver/G0167"",
    ""docTitle"": ""Pacific Mobile Corp. v. Hunter Douglas Canada Ltd. and Robitaille"",
    ""autoCompletions"": ""[{\""type\"":\""MAIN_TITLE\"",\""text\"":\""Pacific Mobile Corp. v. Hunter Douglas Canada Ltd. and Robitaille\""},{\""type\"":\""DECISION_OTHER_REFERENCES\"",\""text\"":\""26 N.R. 453\""},{\""type\"":\""DECISION_OTHER_REFERENCES\"",\""text\"":\""[1979] 1 S.C.R. 842\""}]"",
    ""jurisdictionId"": ""unspecified"",
    ""citedCount"": 1
  }
]"
https://synthetic.leread.ca/silver/G0168,"[
  {
    ""id"": ""silver-G0168"",
    ""docType"": ""DECISION"",
    ""path"": ""/synthetic/silver/G0168"",
    ""docTitle"": ""Perley v. Sypher et al."",
    ""autoCompletions"": ""[{\""type\"":\""MAIN_TITLE\"",\""text\"":\""Perley v. Sypher et al.\""},{\""type\"":\""DECISION_OTHER_REFERENCES\"",\""text\"":\""(1990), 109 N.B.R.(2d) 427\""},{\""type\"":\""DECISION_OTHER_REFERENCES\"",\""text\"":\""273 A.P.R. 427 (C.A.)\""}]"",
    ""jurisdictionId"": ""unspecified"",
    ""citedCount"": 1
  }
]"
https://synthetic.leread.ca/silver/G0169,"[
  {
    ""id"": ""silver-G0169"",
    ""docType"": ""DECISION"",
    ""path"": ""/synthetic/silver/G0169"",
    ""docTitle"": ""Perry v. Heywood et al."",
    ""autoCompletions"": ""[{\""type\"":\""MAIN_TITLE\"",\""text\"":\""Perry v. Heywood et al.\""},{\""type\"":\""DECISION_ALTERNATE_TITLE\"",\""text\"":\""Heywood\""},{\""type\"":\""DECISION_OTHER_REFERENCES\"",\""text\"":\""(1997), 175 Nfld. &amp; P.E.I.R. 253\""},{\""type\"":\""DECISION_OTHER_REFERENCES\"",\""text\"":\""537 A.P.R. 253 (Nfld. C.A.)\""}]"",
    ""jurisdictionId"": ""unspecified"",
    ""citedCount"": 5
  }
]"
https://synthetic.leread.ca/silver/G0170,"[
  {
    ""id"": ""silver-G0170"",
    ""docType"": ""DECISION"",
    ""path"": ""/synthetic/silver/G0170"",
    ""docTitle"": ""Petten et al. v. E.Y.E. Marine Consultants et al."",
    ""autoCompletions"": ""[{\""type\"":\""MAIN_TITLE\"",\""text\"":\""Petten et al. v. E.Y.E. Marine Consultants et al.\""},{\""type\"":\""DECISION_OTHER_REFERENCES\"",\""text\"":\""(1994), 120 Nfld. &amp; P.E.I.R. 313\""},{\""type\"":\""DECISION_OTHER_REFERENCES\"",\""text\"":\""(1995), 130 Nfld. &amp; P.E.I.R. 205\""},{\""type\"":\""DECISION_OTHER_REFERENCES\"",\""text\"":\""(1995), 131 Nfld. &amp; P.E.I.R. 351\""},{\""type\"":\""DECISION_OTHER_REFERENCES\"",\""text\"":\""1999] Nfld. &amp; P.E.I.R. TBEd. JN.001\""}]"",
    ""jurisdictionId"": ""unspecified"",
    ""citedCount"": 6
  }
]"
https://synthetic.leread.ca/silver/G0171,"[
  {
    ""id"": ""silver-G0171"",
    ""docType"": ""DOCTRINE"",
    ""path"": ""/synthetic/silver/G0171"",
    ""docTitle"": ""Professor Gold,"",
    ""autoCompletions"": ""[{\""type\"":\""MAIN_TITLE\"",\""text\"":\""Professor Gold,\""},{\""type\"":\""MAIN_TITLE\"",\""text\"":\""Gold\""},{\""type\"":\""MAIN_TITLE\"",\""text\"":\""The Court's Authority to Award Costs Against Lawyers\""},{\""type\"":\""DOCTRINE_AUTHOR\"",\""text\"":\""Professor Gold\""}]"",
    ""jurisdictionId"": ""unspecified"",
    ""citedCount"": 3
  }
]"
https://synthetic.leread.ca/silver/G0172,"[
  {
    ""id"": ""silver-G0172"",
    ""docType"": ""DECISION"",
    ""path"": ""/synthetic/silver/G0172"",
    ""docTitle"": ""R & T Thew Ltd. v. Reeves (No. 2)"",
    ""autoCompletions"": ""[{\""type\"":\""MAIN_TITLE\"",\""text\"":\""R & T Thew Ltd. v. Reeves (No. 2)\""},{\""type\"":\""DECISION_ALTERNATE_TITLE\"",\""text\"":\""R &amp; T Thew Ltd. v. Reeves (No. 2),\""},{\""type\"":\""DECISION_ALTERNATE_TITLE\"",\""text\"":\""Thew\""},{\""type\"":\""DECISION_OTHER_REFERENCES\"",\""text\"":\""[1982] 3 All E.R. 1086 (C.A.)\""}]"",
    ""jurisdictionId"": ""unspecified"",
    ""citedCount"": 2
  }
]"
https://synthetic.leread.ca/silver/G0173,"[
  {
    ""id"": ""silver-G0173"",
    ""docType"": ""DECISION"",
    ""path"": ""/synthetic/silver/G0173"",
    ""docTitle"": ""Real Securities of Canada Ltd. v. Beland et al."",
    ""autoCompletions"": ""[{\""type\"":\""MAIN_TITLE\"",\""text\"":\""Real Securities of Canada Ltd. v. Beland et al.\""},{\""type\"":\""DECISION_OTHER_REFERENCES\"",\""text\"":\""(1987), 16 C.P.C.(2d) 230 (Ont. Dist. Ct.)\""}]"",
    ""jurisdictionId"": ""unspecified"",
    ""citedCount"": 1
  }
]"
https://synthetic.leread.ca/silver/G0174,"[
  {
    ""id"": ""silver-G0174"",
    ""docType"": ""DECISION"",
    ""path"": ""/synthetic/silver/G0174"",
    ""docTitle"": ""Rose (T.) Construction Ltd. v. Omex International Inc. et al."",
    ""autoCompletions"": ""[{\""type\"":\""MAIN_TITLE\"",\""text\"":\""Rose (T.) Construction Ltd. v. Omex International Inc. et al.\""},{\""type\"":\""DECISION_ALTERNATE_TITLE\"",\""text\"":\""Rose (T.) Construction\""},{\""type\"":\""DECISION_OTHER_REFERENCES\"",\""text\"":\""(1994), 122 Nfld. &amp; P.E.I.R. 280\""},{\""type\"":\""DECISION_OTHER_REFERENCES\"",\""text\"":\""379 A.P.R. 280 (Nfld. T.D.)\""}]"",
    ""jurisdictionId"": ""unspecified"",
    ""citedCount"": 2
  }
]"
https://synthetic.leread.ca/silver/G0175,"[
  {
    ""id"": ""silver-G0175"",
    ""docType"": ""DECISION"",
    ""path"": ""/synthetic/silver/G0175"",
    ""docTitle"": ""Shedwill v. Wilson"",
    ""autoCompletions"": ""[{\""type\"":\""MAIN_TITLE\"",\""text\"":\""Shedwill v. Wilson\""},{\""type\"":\""DECISION_OTHER_REFERENCES\"",\""text\"":\""(1991), 48 C.P.C.(2d) 70 (B.C.S.C.)\""}]"",
    ""jurisdictionId"": ""unspecified"",
    ""citedCount"": 1
  }
]"
https://synthetic.leread.ca/silver/G0176,"[
  {
    ""id"": ""silver-G0176"",
    ""docType"": ""DECISION"",
    ""path"": ""/synthetic/silver/G0176"",
    ""docTitle"": ""Sooley v. Canadian Home Insurance Co."",
    ""autoCompletions"": ""[{\""type\"":\""MAIN_TITLE\"",\""text\"":\""Sooley v. Canadian Home Insurance Co.\""},{\""type\"":\""DECISION_ALTERNATE_TITLE\"",\""text\"":\""Sooley\""},{\""type\"":\""DECISION_ALTERNATE_TITLE\"",\""text\"":\""Sooley v. Canadian House Insurance Co.\""},{\""type\"":\""DECISION_OTHER_REFERENCES\"",\""text\"":\""(1994), 115 Nfld. &amp; P.E.I.R. 47\""},{\""type\"":\""DECISION_OTHER_REFERENCES\"",\""text\"":\""360 A.P.R. 47 (Nfld. C.A.)\""}]"",
    ""jurisdictionId"": ""unspecified"",
    ""citedCount"": 5
  }
]"
https://synthetic.leread.ca/silver/G0177,"[
  {
    ""id"": ""silver-G0177"",
    ""docType"": ""DECISION"",
    ""path"": ""/synthetic/silver/G0177"",
    ""docTitle"": ""Weldo Plastics Ltd. v. Communication Press Ltd."",
    ""autoCompletions"": ""[{\""type\"":\""MAIN_TITLE\"",\""text\"":\""Weldo Plastics Ltd. v. Communication Press Ltd.\""},{\""type\"":\""DECISION_OTHER_REFERENCES\"",\""text\"":\""(1987), 19 C.P.C.(2d) 36 (Ont. Dist. Ct.)\""}]"",
    ""jurisdictionId"": ""unspecified"",
    ""citedCount"": 1
  }
]"
https://synthetic.leread.ca/silver/G0178,"[
  {
    ""id"": ""silver-G0178"",
    ""docType"": ""DECISION"",
    ""path"": ""/synthetic/silver/G0178"",
    ""docTitle"": ""Wishingwell Early Childhood Centre Ltd. v. Daycare and Homemakers Service Licening Board (Nfld.)"",
    ""autoCompletions"": ""[{\""type\"":\""MAIN_TITLE\"",\""text\"":\""Wishingwell Early Childhood Centre Ltd. v. Daycare and Homemakers Service Licening Board (Nfld.)\""},{\""type\"":\""DECISION_OTHER_REFERENCES\"",\""text\"":\""(1992), 99 Nfld. &amp; P.E.I.R. 336\""},{\""type\"":\""DECISION_OTHER_REFERENCES\"",\""text\"":\""315 A.P.R. 336 (Nfld. T.D.)\""}]"",
    ""jurisdictionId"": ""unspecified"",
    ""citedCount"": 1
  }
]"
https://synthetic.leread.ca/silver/G0179,"[
  {
    ""id"": ""silver-G0179"",
    ""docType"": ""DECISION"",
    ""path"": ""/synthetic/silver/G0179"",
    ""docTitle"": ""Young v. Young et al."",
    ""autoCompletions"": ""[{\""type\"":\""MAIN_TITLE\"",\""text\"":\""Young v. Young et al.\""},{\""type\"":\""DECISION_ALTERNATE_TITLE\"",\""text\"":\""Young\""},{\""type\"":\""DECISION_ALTERNATE_TITLE\"",\""text\"":\""Young v. Young\""},{\""type\"":\""DECISION_OTHER_REFERENCES\"",\""text\"":\""(1990), 75 D.L.R.(4th) 46 (B.C.C.A.)\""},{\""type\"":\""DECISION_OTHER_REFERENCES\"",\""text\"":\""108 D.L.R.(4th) 193\""},{\""type\"":\""DECISION_OTHER_REFERENCES\"",\""text\"":\""160 N.R. 1\""},{\""type\"":\""DECISION_OTHER_REFERENCES\"",\""text\"":\""18 C.R.R.(2d) 41\""},{\""type\"":\""DECISION_OTHER_REFERENCES\"",\""text\"":\""34 B.C.A.C. 161\""},{\""type\"":\""DECISION_OTHER_REFERENCES\"",\""text\"":\""49 R.F.L.(3d) 117\""},{\""type\"":\""DECISION_OTHER_REFERENCES\"",\""text\"":\""56 W.A.C. 161\""},{\""type\"":\""DECISION_OTHER_REFERENCES\"",\""text\"":\""84 B.C.L.R.(2d) 1\""},{\""type\"":\""DECISION_OTHER_REFERENCES\"",\""text\"":\""[1993] 4 S.C.R. 3\""},{\""type\"":\""DECISION_OTHER_REFERENCES\"",\""text\"":\""[1993] 8 W.W.R. 513\""}]"",
    ""jurisdictionId"": ""unspecified"",
    ""citedCount"": 17
  }
]"
https://synthetic.leread.ca/silver/G0180,"[
  {
    ""id"": ""silver-G0180"",
    ""docType"": ""DECISION"",
    ""path"": ""/synthetic/silver/G0180"",
    ""docTitle"": ""[1989] St. J. No. 1515"",
    ""autoCompletions"": ""[{\""type\"":\""MAIN_TITLE\"",\""text\"":\""[1989] St. J. No. 1515\""},{\""type\"":\""DECISION_OTHER_REFERENCES\"",\""text\"":\""[1989] St. J. No. 1515\""}]"",
    ""jurisdictionId"": ""unspecified"",
    ""citedCount"": 1
  }
]"
https://synthetic.leread.ca/silver/G0181,"[
  {
    ""id"": ""silver-G0181"",
    ""docType"": ""DECISION"",
    ""path"": ""/synthetic/silver/G0181"",
    ""docTitle"": ""[1989] St. J. No. 2516"",
    ""autoCompletions"": ""[{\""type\"":\""MAIN_TITLE\"",\""text\"":\""[1989] St. J. No. 2516\""},{\""type\"":\""DECISION_OTHER_REFERENCES\"",\""text\"":\""[1989] St. J. No. 2516\""}]"",
    ""jurisdictionId"": ""unspecified"",
    ""citedCount"": 1
  }
]"
https://synthetic.leread.ca/silver/G0182,"[
  {
    ""id"": ""silver-G0182"",
    ""docType"": ""DECISION"",
    ""path"": ""/synthetic/silver/G0182"",
    ""docTitle"": ""[1990] St. J. No. 290"",
    ""autoCompletions"": ""[{\""type\"":\""MAIN_TITLE\"",\""text\"":\""[1990] St. J. No. 290\""},{\""type\"":\""DECISION_OTHER_REFERENCES\"",\""text\"":\""[1990 B. No. 290\""}]"",
    ""jurisdictionId"": ""unspecified"",
    ""citedCount"": 1
  }
]"
https://synthetic.leread.ca/silver/G0183,"[
  {
    ""id"": ""silver-G0183"",
    ""docType"": ""DECISION"",
    ""path"": ""/synthetic/silver/G0183"",
    ""docTitle"": ""107 D.L.R. (4th) 169"",
    ""autoCompletions"": ""[{\""type\"":\""MAIN_TITLE\"",\""text\"":\""107 D.L.R. (4th) 169\""},{\""type\"":\""DECISION_OTHER_REFERENCES\"",\""text\"":\""107 D.L.R. (4th) 169\""}]"",
    ""jurisdictionId"": ""unspecified"",
    ""citedCount"": 1
  }
]"
https://synthetic.leread.ca/silver/G0184,"[
  {
    ""id"": ""silver-G0184"",
    ""docType"": ""DECISION"",
    ""path"": ""/synthetic/silver/G0184"",
    ""docTitle"": ""128 Man. R. (2d) 199"",
    ""autoCompletions"": ""[{\""type\"":\""MAIN_TITLE\"",\""text\"":\""128 Man. R. (2d) 199\""},{\""type\"":\""DECISION_OTHER_REFERENCES\"",\""text\"":\""128 Man. R. (2d) 199\""}]"",
    ""jurisdictionId"": ""unspecified"",
    ""citedCount"": 1
  }
]"
https://synthetic.leread.ca/silver/G0185,"[
  {
    ""id"": ""silver-G0185"",
    ""docType"": ""DECISION"",
    ""path"": ""/synthetic/silver/G0185"",
    ""docTitle"": ""384238 Ontario Ltd. v. Canada"",
    ""autoCompletions"": ""[{\""type\"":\""MAIN_TITLE\"",\""text\"":\""384238 Ontario Ltd. v. Canada\""},{\""type\"":\""DECISION_OTHER_REFERENCES\"",\""text\"":\""(1983), 8 D.L.R. (4th) 676 (F.C.A.)\""}]"",
    ""jurisdictionId"": ""unspecified"",
    ""citedCount"": 1
  }
]"
https://synthetic.leread.ca/silver/G0186,"[
  {
    ""id"": ""silver-G0186"",
    ""docType"": ""DECISION"",
    ""path"": ""/synthetic/silver/G0186"",
    ""docTitle"": ""BG Checo International Ltd. v. British Columbia Hydro and Power Authority"",
    ""autoCompletions"": ""[{\""type\"":\""MAIN_TITLE\"",\""text\"":\""BG Checo International Ltd. v. British Columbia Hydro and Power Authority\""},{\""type\"":\""DECISION_OTHER_REFERENCES\"",\""text\"":\""99 D.L.R. (4th) 577\""},{\""type\"":\""DECISION_OTHER_REFERENCES\"",\""text\"":\""[1993] 1 S.C.R. 12\""}]"",
    ""jurisdictionId"": ""unspecified"",
    ""citedCount"": 2
  }
]"
https://synthetic.leread.ca/silver/G0187,"[
  {
    ""id"": ""silver-G0187"",
    ""docType"": ""DECISION"",
    ""path"": ""/synthetic/silver/G0187"",
    ""docTitle"": ""Bow Valley Husky (Bermuda) Ltd. v. Saint John Shipbuilding Ltd."",
    ""autoCompletions"": ""[{\""type\"":\""MAIN_TITLE\"",\""text\"":\""Bow Valley Husky (Bermuda) Ltd. v. Saint John Shipbuilding Ltd.\""},{\""type\"":\""DECISION_OTHER_REFERENCES\"",\""text\"":\""153 D.L.R. (4th) 385\""},{\""type\"":\""DECISION_OTHER_REFERENCES\"",\""text\"":\""[1997] 3 S.C.R. 1210\""}]"",
    ""jurisdictionId"": ""unspecified"",
    ""citedCount"": 1
  }
]"
https://synthetic.leread.ca/silver/G0188,"[
  {
    ""id"": ""silver-G0188"",
    ""docType"": ""DECISION"",
    ""path"": ""/synthetic/silver/G0188"",
    ""docTitle"": ""Budd v. Cardoso"",
    ""autoCompletions"": ""[{\""type\"":\""MAIN_TITLE\"",\""text\"":\""Budd v. Cardoso\""},{\""type\"":\""DECISION_OTHER_REFERENCES\"",\""text\"":\""(1995), 106 Man. R. (2d) 41 (Q.B.)\""}]"",
    ""jurisdictionId"": ""unspecified"",
    ""citedCount"": 1
  }
]"
https://synthetic.leread.ca/silver/G0189,"[
  {
    ""id"": ""silver-G0189"",
    ""docType"": ""DECISION"",
    ""path"": ""/synthetic/silver/G0189"",
    ""docTitle"": ""Canada Deposit Insurance Corp. v. Canadian Commercial Bank"",
    ""autoCompletions"": ""[{\""type\"":\""MAIN_TITLE\"",\""text\"":\""Canada Deposit Insurance Corp. v. Canadian Commercial Bank\""},{\""type\"":\""DECISION_OTHER_REFERENCES\"",\""text\"":\""(1991), 79 Alta.L.R. (2d) 294 (C.A.)\""},{\""type\"":\""DECISION_OTHER_REFERENCES\"",\""text\"":\""[1992] 2 S.C.R. 3\""}]"",
    ""jurisdictionId"": ""unspecified"",
    ""citedCount"": 1
  }
]"
https://synthetic.leread.ca/silver/G0191,"[
  {
    ""id"": ""silver-G0191"",
    ""docType"": ""DOCTRINE"",
    ""path"": ""/synthetic/silver/G0191"",
    ""docTitle"": ""Chitty on Contracts"",
    ""autoCompletions"": ""[{\""type\"":\""MAIN_TITLE\"",\""text\"":\""Chitty on Contracts\""}]"",
    ""jurisdictionId"": ""unspecified"",
    ""citedCount"": 1
  }
]"
https://synthetic.leread.ca/silver/G0192,"[
  {
    ""id"": ""silver-G0192"",
    ""docType"": ""DECISION"",
    ""path"": ""/synthetic/silver/G0192"",
    ""docTitle"": ""Consolidated-Bathurst Export Ltd. v. Mutual Boiler & Machinery Ins. Co."",
    ""autoCompletions"": ""[{\""type\"":\""MAIN_TITLE\"",\""text\"":\""Consolidated-Bathurst Export Ltd. v. Mutual Boiler & Machinery Ins. Co.\""},{\""type\"":\""DECISION_ALTERNATE_TITLE\"",\""text\"":\""Consolidated-Bathurst Export Ltd. v. Mutual Boiler &amp; Machinery Ins. Co.\""},{\""type\"":\""DECISION_OTHER_REFERENCES\"",\""text\"":\""112 D.L.R. (3d) 49\""},{\""type\"":\""DECISION_OTHER_REFERENCES\"",\""text\"":\""[1980] 1 S.C.R. 888\""}]"",
    ""jurisdictionId"": ""unspecified"",
    ""citedCount"": 1
  }
]"
https://synthetic.leread.ca/silver/G0194,"[
  {
    ""id"": ""silver-G0194"",
    ""docType"": ""DECISION"",
    ""path"": ""/synthetic/silver/G0194"",
    ""docTitle"": ""Einarsson v. Adi"",
    ""autoCompletions"": ""[{\""type\"":\""MAIN_TITLE\"",\""text\"":\""Einarsson v. Adi\""},{\""type\"":\""DECISION_ALTERNATE_TITLE\"",\""text\"":\""Einarsson v. Adi's Video Shop\""},{\""type\"":\""DECISION_OTHER_REFERENCES\"",\""text\"":\""(1992), 76 Man. R. (2d) 218 (C.A.)\""}]"",
    ""jurisdictionId"": ""unspecified"",
    ""citedCount"": 1
  }
]"
https://synthetic.leread.ca/silver/G0195,"[
  {
    ""id"": ""silver-G0195"",
    ""docType"": ""DECISION"",
    ""path"": ""/synthetic/silver/G0195"",
    ""docTitle"": ""Firestone Tire and Rubber Co. of Canada v. Canada (Commissioner of Income Tax)"",
    ""autoCompletions"": ""[{\""type\"":\""MAIN_TITLE\"",\""text\"":\""Firestone Tire and Rubber Co. of Canada v. Canada (Commissioner of Income Tax)\""},{\""type\"":\""DECISION_OTHER_REFERENCES\"",\""text\"":\""[1942] 4 D.L.R. 433\""},{\""type\"":\""DECISION_OTHER_REFERENCES\"",\""text\"":\""[1942] S.C.R. 476\""}]"",
    ""jurisdictionId"": ""unspecified"",
    ""citedCount"": 1
  }
]"
https://synthetic.leread.ca/silver/G0196,"[
  {
    ""id"": ""silver-G0196"",
    ""docType"": ""DECISION"",
    ""path"": ""/synthetic/silver/G0196"",
    ""docTitle"": ""Fraser Jewellers (1982) Ltd. v. Dominion Electric Protection Co."",
    ""autoCompletions"": ""[{\""type\"":\""MAIN_TITLE\"",\""text\"":\""Fraser Jewellers (1982) Ltd. v. Dominion Electric Protection Co.\""},{\""type\"":\""DECISION_OTHER_REFERENCES\"",\""text\"":\""(1997), 35 C.C.L.T. (2d) 298\""},{\""type\"":\""DECISION_OTHER_REFERENCES\"",\""text\"":\""148 D.L.R. (4th) 496 (Ont. C.A.)\""}]"",
    ""jurisdictionId"": ""unspecified"",
    ""citedCount"": 1
  }
]"
https://synthetic.leread.ca/silver/G0197,"[
  {
    ""id"": ""silver-G0197"",
    ""docType"": ""DECISION"",
    ""path"": ""/synthetic/silver/G0197"",
    ""docTitle"": ""Fraser River Pile & Dredge Ltd. v. Can-Dive Services Ltd."",
    ""autoCompletions"": ""[{\""type\"":\""MAIN_TITLE\"",\""text\"":\""Fraser River Pile & Dredge Ltd. v. Can-Dive Services Ltd.\""},{\""type\"":\""DECISION_ALTERNATE_TITLE\"",\""text\"":\""Fraser River Pile &amp; Dredge Ltd. v. Can-Dive Services Ltd.\""},{\""type\"":\""DECISION_ALTERNATE_TITLE\"",\""text\"":\""Fraser River Pile &amp; Dredge Ltd.\""},{\""type\"":\""DECISION_OTHER_REFERENCES\"",\""text\"":\""176 D.L.R. (4th) 257\""},{\""type\"":\""DECISION_OTHER_REFERENCES\"",\""text\"":\""[1999] S.C.J. No. 48 (QL)\""}]"",
    ""jurisdictionId"": ""unspecified"",
    ""citedCount"": 2
  }
]"
https://synthetic.leread.ca/silver/G0198,"[
  {
    ""id"": ""silver-G0198"",
    ""docType"": ""DOCTRINE"",
    ""path"": ""/synthetic/silver/G0198"",
    ""docTitle"": ""G.H.L. Fridman, The Law of Contract in Canada"",
    ""autoCompletions"": ""[{\""type\"":\""MAIN_TITLE\"",\""text\"":\""G.H.L. Fridman, The Law of Contract in Canada\""},{\""type\"":\""MAIN_TITLE\"",\""text\"":\""The Law of Contract in Canada,\""},{\""type\"":\""MAIN_TITLE\"",\""text\"":\""The Law of Contract in Canada\""},{\""type\"":\""DOCTRINE_AUTHOR\"",\""text\"":\""G.H.L. Fridman, Q.C.\""}]"",
    ""jurisdictionId"": ""unspecified"",
    ""citedCount"": 2
  }
]"
https://synthetic.leread.ca/silver/G0199,"[
  {
    ""id"": ""silver-G0199"",
    ""docType"": ""DECISION"",
    ""path"": ""/synthetic/silver/G0199"",
    ""docTitle"": ""Hayduk v. Waterton; Flechuk v. Waterton"",
    ""autoCompletions"": ""[{\""type\"":\""MAIN_TITLE\"",\""text\"":\""Hayduk v. Waterton; Flechuk v. Waterton\""},{\""type\"":\""DECISION_OTHER_REFERENCES\"",\""text\"":\""68 D.L.R. (2d) 562\""},{\""type\"":\""DECISION_OTHER_REFERENCES\"",\""text\"":\""[1968] S.C.R. 871\""}]"",
    ""jurisdictionId"": ""unspecified"",
    ""citedCount"": 1
  }
]"
https://synthetic.leread.ca/silver/G0200,"[
  {
    ""id"": ""silver-G0200"",
    ""docType"": ""DECISION"",
    ""path"": ""/synthetic/silver/G0200"",
    ""docTitle"": ""Heaman v. Isaac"",
    ""autoCompletions"": ""[{\""type\"":\""MAIN_TITLE\"",\""text\"":\""Heaman v. Isaac\""},{\""type\"":\""DECISION_OTHER_REFERENCES\"",\""text\"":\""(1993), 89 Man.R. (2d) 63 (Q.B.)\""}]"",
    ""jurisdictionId"": ""unspecified"",
    ""citedCount"": 1
  }
]"
https://synthetic.leread.ca/silver/G0201,"[
  {
    ""id"": ""silver-G0201"",
    ""docType"": ""DECISION"",
    ""path"": ""/synthetic/silver/G0201"",
    ""docTitle"": ""Hillis Oil & Sales Ltd. v. Wynn"",
    ""autoCompletions"": ""[{\""type\"":\""MAIN_TITLE\"",\""text\"":\""Hillis Oil & Sales Ltd. v. Wynn\""},{\""type\"":\""DECISION_ALTERNATE_TITLE\"",\""text\"":\""Hillis Oil &amp; Sales Ltd. v. Wynn's Canada Ltd.\""},{\""type\"":\""DECISION_OTHER_REFERENCES\"",\""text\"":\""25 D.L.R. (4th) 649\""},{\""type\"":\""DECISION_OTHER_REFERENCES\"",\""text\"":\""[1986] 1 S.C.R. 57\""}]"",
    ""jurisdictionId"": ""unspecified"",
    ""citedCount"": 1
  }
]"
https://synthetic.leread.ca/silver/G0203,"[
  {
    ""id"": ""silver-G0203"",
    ""docType"": ""DOCTRINE"",
    ""path"": ""/synthetic/silver/G0203"",
    ""docTitle"": ""K. Lewison, The Interpretation of Contracts"",
    ""autoCompletions"": ""[{\""type\"":\""MAIN_TITLE\"",\""text\"":\""K. Lewison, The Interpretation of Contracts\""},{\""type\"":\""MAIN_TITLE\"",\""text\"":\""The Interpretation of Contracts\""},{\""type\"":\""DOCTRINE_AUTHOR\"",\""text\"":\""K. Lewison\""}]"",
    ""jurisdictionId"": ""unspecified"",
    ""citedCount"": 1
  }
]"
https://synthetic.leread.ca/silver/G0204,"[
  {
    ""id"": ""silver-G0204"",
    ""docType"": ""DECISION"",
    ""path"": ""/synthetic/silver/G0204"",
    ""docTitle"": ""Karsales (Harrow), Ltd. v. Wallis"",
    ""autoCompletions"": ""[{\""type\"":\""MAIN_TITLE\"",\""text\"":\""Karsales (Harrow), Ltd. v. Wallis\""},{\""type\"":\""DECISION_OTHER_REFERENCES\"",\""text\"":\""[1956] 2 All E.R. 866 (C.A.)\""}]"",
    ""jurisdictionId"": ""unspecified"",
    ""citedCount"": 1
  }
]"
https://synthetic.leread.ca/silver/G0205,"[
  {
    ""id"": ""silver-G0205"",
    ""docType"": ""DECISION"",
    ""path"": ""/synthetic/silver/G0205"",
    ""docTitle"": ""Letang v. Cooper"",
    ""autoCompletions"": ""[{\""type\"":\""MAIN_TITLE\"",\""text\"":\""Letang v. Cooper\""},{\""type\"":\""DECISION_OTHER_REFERENCES\"",\""text\"":\""(C.A.)\""},{\""type\"":\""DECISION_OTHER_REFERENCES\"",\""text\"":\""[1964] 2 All E.R. 929\""}]"",
    ""jurisdictionId"": ""unspecified"",
    ""citedCount"": 1
  }
]"
https://synthetic.leread.ca/silver/G0208,"[
  {
    ""id"": ""silver-G0208"",
    ""docType"": ""DECISION"",
    ""path"": ""/synthetic/silver/G0208"",
    ""docTitle"": ""Ontario Hydro v. Manitoba Hydro-Electric Board"",
    ""autoCompletions"": ""[{\""type\"":\""MAIN_TITLE\"",\""text\"":\""Ontario Hydro v. Manitoba Hydro-Electric Board\""},{\""type\"":\""DECISION_OTHER_REFERENCES\"",\""text\"":\""(1997), 124 Man.R. (2d) 128 (Q.B.)\""}]"",
    ""jurisdictionId"": ""unspecified"",
    ""citedCount"": 1
  }
]"
https://synthetic.leread.ca/silver/G0209,"[
  {
    ""id"": ""silver-G0209"",
    ""docType"": ""DECISION"",
    ""path"": ""/synthetic/silver/G0209"",
    ""docTitle"": ""Ottawa (City) v. Canadian National Railways"",
    ""autoCompletions"": ""[{\""type\"":\""MAIN_TITLE\"",\""text\"":\""Ottawa (City) v. Canadian National Railways\""},{\""type\"":\""DECISION_OTHER_REFERENCES\"",\""text\"":\""[1925] 3 D.L.R. 762\""},{\""type\"":\""DECISION_OTHER_REFERENCES\"",\""text\"":\""[1925] S.C.R. 494\""}]"",
    ""jurisdictionId"": ""unspecified"",
    ""citedCount"": 1
  }
]"
https://synthetic.leread.ca/silver/G0210,"[
  {
    ""id"": ""silver-G0210"",
    ""docType"": ""DECISION"",
    ""path"": ""/synthetic/silver/G0210"",
    ""docTitle"": ""R. v. Gladue"",
    ""autoCompletions"": ""[{\""type\"":\""MAIN_TITLE\"",\""text\"":\""R. v. Gladue\""},{\""type\"":\""DECISION_ALTERNATE_TITLE\"",\""text\"":\""Gladue\""},{\""type\"":\""DECISION_OTHER_REFERENCES\"",\""text\"":\""171 D.L.R. (4th) 385\""},{\""type\"":\""DECISION_OTHER_REFERENCES\"",\""text\"":\""[1999] 1 S.C.R. 688\""}]"",
    ""jurisdictionId"": ""unspecified"",
    ""citedCount"": 5
  }
]"
https://synthetic.leread.ca/silver/G0211,"[
  {
    ""id"": ""silver-G0211"",
    ""docType"": ""DECISION"",
    ""path"": ""/synthetic/silver/G0211"",
    ""docTitle"": ""R. v. Imperial General Properties Ltd."",
    ""autoCompletions"": ""[{\""type\"":\""MAIN_TITLE\"",\""text\"":\""R. v. Imperial General Properties Ltd.\""},{\""type\"":\""DECISION_OTHER_REFERENCES\"",\""text\"":\""16 D.L.R. (4th) 615 (C.A.)\""},{\""type\"":\""DECISION_OTHER_REFERENCES\"",\""text\"":\""[1985] 1 F.C. 344\""}]"",
    ""jurisdictionId"": ""unspecified"",
    ""citedCount"": 1
  }
]"
https://synthetic.leread.ca/silver/G0212,"[
  {
    ""id"": ""silver-G0212"",
    ""docType"": ""DECISION"",
    ""path"": ""/synthetic/silver/G0212"",
    ""docTitle"": ""Rarie v. Maxwell"",
    ""autoCompletions"": ""[{\""type\"":\""MAIN_TITLE\"",\""text\"":\""Rarie v. Maxwell\""},{\""type\"":\""DECISION_OTHER_REFERENCES\"",\""text\"":\""(1998), 131 Man.R. (2d) 184\""}]"",
    ""jurisdictionId"": ""unspecified"",
    ""citedCount"": 1
  }
]"
https://synthetic.leread.ca/silver/G0213,"[
  {
    ""id"": ""silver-G0213"",
    ""docType"": ""DECISION"",
    ""path"": ""/synthetic/silver/G0213"",
    ""docTitle"": ""Re Vandervell"",
    ""autoCompletions"": ""[{\""type\"":\""MAIN_TITLE\"",\""text\"":\""Re Vandervell\""},{\""type\"":\""DECISION_ALTERNATE_TITLE\"",\""text\"":\""Re Vandervell's Trusts (No. 2)\""},{\""type\"":\""DECISION_OTHER_REFERENCES\"",\""text\"":\""[1974] 3 All E.R. 205 (C.A.)\""}]"",
    ""jurisdictionId"": ""unspecified"",
    ""citedCount"": 2
  }
]"
https://synthetic.leread.ca/silver/G0214,"[
  {
    ""id"": ""silver-G0214"",
    ""docType"": ""DECISION"",
    ""path"": ""/synthetic/silver/G0214"",
    ""docTitle"": ""Rebizant v. Greenwood"",
    ""autoCompletions"": ""[{\""type\"":\""MAIN_TITLE\"",\""text\"":\""Rebizant v. Greenwood\""},{\""type\"":\""DECISION_OTHER_REFERENCES\"",\""text\"":\""(1998), 127 Man. R. (2d) 35 (Q.B.)\""}]"",
    ""jurisdictionId"": ""unspecified"",
    ""citedCount"": 1
  }
]"
https://synthetic.leread.ca/silver/G0215,"[
  {
    ""id"": ""silver-G0215"",
    ""docType"": ""DECISION"",
    ""path"": ""/synthetic/silver/G0215"",
    ""docTitle"": ""Scotsburn Co-operative Services Ltd. v. W.T. Goodwin Ltd."",
    ""autoCompletions"": ""[{\""type\"":\""MAIN_TITLE\"",\""text\"":\""Scotsburn Co-operative Services Ltd. v. W.T. Goodwin Ltd.\""},{\""type\"":\""DECISION_OTHER_REFERENCES\"",\""text\"":\""16 D.L.R. (4th) 161\""},{\""type\"":\""DECISION_OTHER_REFERENCES\"",\""text\"":\""[1985] 1 S.C.R. 54\""}]"",
    ""jurisdictionId"": ""unspecified"",
    ""citedCount"": 1
  }
]"
https://synthetic.leread.ca/silver/G0216,"[
  {
    ""id"": ""silver-G0216"",
    ""docType"": ""DECISION"",
    ""path"": ""/synthetic/silver/G0216"",
    ""docTitle"": ""Steffensen v. Canadian Tire Corp."",
    ""autoCompletions"": ""[{\""type\"":\""MAIN_TITLE\"",\""text\"":\""Steffensen v. Canadian Tire Corp.\""},{\""type\"":\""DECISION_OTHER_REFERENCES\"",\""text\"":\""(1996), 109 Man. R. (2d) 143 (Q.B.)\""}]"",
    ""jurisdictionId"": ""unspecified"",
    ""citedCount"": 1
  }
]"
https://synthetic.leread.ca/silver/G0217,"[
  {
    ""id"": ""silver-G0217"",
    ""docType"": ""DOCTRINE"",
    ""path"": ""/synthetic/silver/G0217"",
    ""docTitle"": ""Supplementary Agreement dated as of July 14, 1967 between The Manitoba Hydro Electric Board and John Inglis Co. Limited"",
    ""autoCompletions"": ""[{\""type\"":\""MAIN_TITLE\"",\""text\"":\""Supplementary Agreement dated as of July 14, 1967 between The Manitoba Hydro Electric Board and John Inglis Co. Limited\""}]"",
    ""jurisdictionId"": ""unspecified"",
    ""citedCount"": 1
  }
]"
https://synthetic.leread.ca/silver/G0218,"[
  {
    ""id"": ""silver-G0218"",
    ""docType"": ""LEGISLATION"",
    ""path"": ""/synthetic/silver/G0218"",
    ""docTitle"": ""The Companies Act"",
    ""autoCompletions"": ""[{\""type\"":\""MAIN_TITLE\"",\""text\"":\""The Companies Act\""},{\""type\"":\""LEGISLATION_REFERENCE\"",\""text\"":\""R.S.M. 1940, c. 36\""}]"",
    ""jurisdictionId"": ""unspecified"",
    ""citedCount"": 1
  }
]"
https://synthetic.leread.ca/silver/G0220,"[
  {
    ""id"": ""silver-G0220"",
    ""docType"": ""DECISION"",
    ""path"": ""/synthetic/silver/G0220"",
    ""docTitle"": ""Turvey & Mercer v. Lauder"",
    ""autoCompletions"": ""[{\""type\"":\""MAIN_TITLE\"",\""text\"":\""Turvey & Mercer v. Lauder\""},{\""type\"":\""DECISION_ALTERNATE_TITLE\"",\""text\"":\""Turvey &amp; Mercer v. Lauder\""},{\""type\"":\""DECISION_OTHER_REFERENCES\"",\""text\"":\""(1956), 4 D.L.R. (2d) 225 (S.C.C.)\""}]"",
    ""jurisdictionId"": ""unspecified"",
    ""citedCount"": 1
  }
]"
https://synthetic.leread.ca/silver/G0222,"[
  {
    ""id"": ""silver-G0222"",
    ""docType"": ""DECISION"",
    ""path"": ""/synthetic/silver/G0222"",
    ""docTitle"": ""Winnipeg Condominium Corporation No. 36 v. Bird Construction Co."",
    ""autoCompletions"": ""[{\""type\"":\""MAIN_TITLE\"",\""text\"":\""Winnipeg Condominium Corporation No. 36 v. Bird Construction Co.\""},{\""type\"":\""DECISION_ALTERNATE_TITLE\"",\""text\"":\""Winnipeg Condominium Corporation No. 36 v. Bird Construction Co.,\""},{\""type\"":\""DECISION_OTHER_REFERENCES\"",\""text\"":\""121 D.L.R. (4th) 193\""},{\""type\"":\""DECISION_OTHER_REFERENCES\"",\""text\"":\""[1995] 1 S.C.R. 85\""}]"",
    ""jurisdictionId"": ""unspecified"",
    ""citedCount"": 1
  }
]"
https://synthetic.leread.ca/silver/G0223,"[
  {
    ""id"": ""silver-G0223"",
    ""docType"": ""DECISION"",
    ""path"": ""/synthetic/silver/G0223"",
    ""docTitle"": ""Air Canada v. M&L Travel Ltd."",
    ""autoCompletions"": ""[{\""type\"":\""MAIN_TITLE\"",\""text\"":\""Air Canada v. M&L Travel Ltd.\""},{\""type\"":\""DECISION_ALTERNATE_TITLE\"",\""text\"":\""Air Canada\""},{\""type\"":\""DECISION_ALTERNATE_TITLE\"",\""text\"":\""Air Canada decision\""},{\""type\"":\""DECISION_ALTERNATE_TITLE\"",\""text\"":\""Air Canada v. M&amp;L Travel Ltd.\""},{\""type\"":\""DECISION_OTHER_REFERENCES\"",\""text\"":\""108 D.L.R. (4th) 592\""},{\""type\"":\""DECISION_OTHER_REFERENCES\"",\""text\"":\""15 O.R. (3d) 804\""},{\""type\"":\""DECISION_OTHER_REFERENCES\"",\""text\"":\""159 N.R. 1\""},{\""type\"":\""DECISION_OTHER_REFERENCES\"",\""text\"":\""50 E.T.R. 225\""},{\""type\"":\""DECISION_OTHER_REFERENCES\"",\""text\"":\""S.C.R.\""},{\""type\"":\""DECISION_OTHER_REFERENCES\"",\""text\"":\""[1993] 3 S.C.R. 787\""}]"",
    ""jurisdictionId"": ""unspecified"",
    ""citedCount"": 13
  }
]"
https://synthetic.leread.ca/silver/G0224,"[
  {
    ""id"": ""silver-G0224"",
    ""docType"": ""DECISION"",
    ""path"": ""/synthetic/silver/G0224"",
    ""docTitle"": ""Andrea Schmidt Construction Ltd. v. Glatt et al."",
    ""autoCompletions"": ""[{\""type\"":\""MAIN_TITLE\"",\""text\"":\""Andrea Schmidt Construction Ltd. v. Glatt et al.\""},{\""type\"":\""DECISION_ALTERNATE_TITLE\"",\""text\"":\""Andrea Schmidt Construction Ltd. v. Glatt et al. (1980)\""},{\""type\"":\""DECISION_OTHER_REFERENCES\"",\""text\"":\""(1979), 25 O.R. (2d) 567\""},{\""type\"":\""DECISION_OTHER_REFERENCES\"",\""text\"":\""104 D.L.R. (3d) 130 (S.C.)\""},{\""type\"":\""DECISION_OTHER_REFERENCES\"",\""text\"":\""112 D.L.R. (3d) 371 (C.A.)\""},{\""type\"":\""DECISION_OTHER_REFERENCES\"",\""text\"":\""28 O.R. (2d) 672\""}]"",
    ""jurisdictionId"": ""unspecified"",
    ""citedCount"": 3
  }
]"
https://synthetic.leread.ca/silver/G0225,"[
  {
    ""id"": ""silver-G0225"",
    ""docType"": ""DECISION"",
    ""path"": ""/synthetic/silver/G0225"",
    ""docTitle"": ""Baden v. Société Générale"",
    ""autoCompletions"": ""[{\""type\"":\""MAIN_TITLE\"",\""text\"":\""Baden v. Société Générale\""},{\""type\"":\""DECISION_ALTERNATE_TITLE\"",\""text\"":\""Baden, Delvaux case\""}]"",
    ""jurisdictionId"": ""unspecified"",
    ""citedCount"": 1
  }
]"
https://synthetic.leread.ca/silver/G0226,"[
  {
    ""id"": ""silver-G0226"",
    ""docType"": ""DECISION"",
    ""path"": ""/synthetic/silver/G0226"",
    ""docTitle"": ""Baltimore Aircoil of Canada Inc. v. ESD Industries Inc."",
    ""autoCompletions"": ""[{\""type\"":\""MAIN_TITLE\"",\""text\"":\""Baltimore Aircoil of Canada Inc. v. ESD Industries Inc.\""}]"",
    ""jurisdictionId"": ""unspecified"",
    ""citedCount"": 1
  }
]"
https://synthetic.leread.ca/silver/G0227,"[
  {
    ""id"": ""silver-G0227"",
    ""docType"": ""DECISION"",
    ""path"": ""/synthetic/silver/G0227"",
    ""docTitle"": ""Belmont Finance"",
    ""autoCompletions"": ""[{\""type\"":\""MAIN_TITLE\"",\""text\"":\""Belmont Finance\""}]"",
    ""jurisdictionId"": ""unspecified"",
    ""citedCount"": 1
  }
]"
https://synthetic.leread.ca/silver/G0228,"[
  {
    ""id"": ""silver-G0228"",
    ""docType"": ""DECISION"",
    ""path"": ""/synthetic/silver/G0228"",
    ""docTitle"": ""Citadel General Assurance Co. v. Lloyds Bank Canada"",
    ""autoCompletions"": ""[{\""type\"":\""MAIN_TITLE\"",\""text\"":\""Citadel General Assurance Co. v. Lloyds Bank Canada\""},{\""type\"":\""DECISION_ALTERNATE_TITLE\"",\""text\"":\""Citadel General Assurance\""},{\""type\"":\""DECISION_ALTERNATE_TITLE\"",\""text\"":\""Citadel General Assurance Co. v. Lloyd's Bank Canada\""},{\""type\"":\""DECISION_OTHER_REFERENCES\"",\""text\"":\""152 D.L.R. (4th) 411\""},{\""type\"":\""DECISION_OTHER_REFERENCES\"",\""text\"":\""19 E.T.R. (2d) 93\""},{\""type\"":\""DECISION_OTHER_REFERENCES\"",\""text\"":\""35 B.L.R. (2d) 153\""},{\""type\"":\""DECISION_OTHER_REFERENCES\"",\""text\"":\""66 Alta. L.R. (3d) 241\""},{\""type\"":\""DECISION_OTHER_REFERENCES\"",\""text\"":\""[1997] 3 S.C.R. 805\""},{\""type\"":\""DECISION_OTHER_REFERENCES\"",\""text\"":\""[1999] 4 W.W.R. 135\""}]"",
    ""jurisdictionId"": ""unspecified"",
    ""citedCount"": 3
  }
]"
https://synthetic.leread.ca/silver/G0229,"[
  {
    ""id"": ""silver-G0229"",
    ""docType"": ""LEGISLATION"",
    ""path"": ""/synthetic/silver/G0229"",
    ""docTitle"": ""Construction Lien Act"",
    ""autoCompletions"": ""[{\""type\"":\""MAIN_TITLE\"",\""text\"":\""Construction Lien Act\""},{\""type\"":\""LEGISLATION_ALTERNATE_TITLE\"",\""text\"":\""Act\""},{\""type\"":\""LEGISLATION_ALTERNATE_TITLE\"",\""text\"":\""The Act\""},{\""type\"":\""LEGISLATION_REFERENCE\"",\""text\"":\""R.S.O. 1990, c. C.30\""}]"",
    ""jurisdictionId"": ""unspecified"",
    ""citedCount"": 119
  }
]"
https://synthetic.leread.ca/silver/G0230,"[
  {
    ""id"": ""silver-G0230"",
    ""docType"": ""DECISION"",
    ""path"": ""/synthetic/silver/G0230"",
    ""docTitle"": ""Gold v. Rosenberg"",
    ""autoCompletions"": ""[{\""type\"":\""MAIN_TITLE\"",\""text\"":\""Gold v. Rosenberg\""},{\""type\"":\""DECISION_OTHER_REFERENCES\"",\""text\"":\""152 D.L.R. (4th) 385\""},{\""type\"":\""DECISION_OTHER_REFERENCES\"",\""text\"":\""19 E.T.R. (2d) 1\""},{\""type\"":\""DECISION_OTHER_REFERENCES\"",\""text\"":\""219 N.R. 93\""},{\""type\"":\""DECISION_OTHER_REFERENCES\"",\""text\"":\""35 B.L.R. (2d) 212\""},{\""type\"":\""DECISION_OTHER_REFERENCES\"",\""text\"":\""35 O.R. (3d) 736n\""},{\""type\"":\""DECISION_OTHER_REFERENCES\"",\""text\"":\""[1997] 3 S.C.R. 767\""}]"",
    ""jurisdictionId"": ""unspecified"",
    ""citedCount"": 3
  }
]"
https://synthetic.leread.ca/silver/G0231,"[
  {
    ""id"": ""silver-G0231"",
    ""docType"": ""DECISION"",
    ""path"": ""/synthetic/silver/G0231"",
    ""docTitle"": ""Great Lake Brick & Stone Ltd. v. 837004 Ontario Ltd."",
    ""autoCompletions"": ""[{\""type\"":\""MAIN_TITLE\"",\""text\"":\""Great Lake Brick & Stone Ltd. v. 837004 Ontario Ltd.\""},{\""type\"":\""DECISION_ALTERNATE_TITLE\"",\""text\"":\""Great Lake Brick &amp; Stone Ltd. v. 837004 Ontario Ltd. (1993)\""},{\""type\"":\""DECISION_OTHER_REFERENCES\"",\""text\"":\""8 C.L.R. (2d) 104 (Ont. Gen. Div.)\""}]"",
    ""jurisdictionId"": ""unspecified"",
    ""citedCount"": 1
  }
]"
https://synthetic.leread.ca/silver/G0232,"[
  {
    ""id"": ""silver-G0232"",
    ""docType"": ""DECISION"",
    ""path"": ""/synthetic/silver/G0232"",
    ""docTitle"": ""Home Depot Inc. v. Fieder Painting Inc."",
    ""autoCompletions"": ""[{\""type\"":\""MAIN_TITLE\"",\""text\"":\""Home Depot Inc. v. Fieder Painting Inc.\""},{\""type\"":\""DECISION_OTHER_REFERENCES\"",\""text\"":\""[1995] O.J. No. 2263 (Gen. Div.)\""}]"",
    ""jurisdictionId"": ""unspecified"",
    ""citedCount"": 2
  }
]"
https://synthetic.leread.ca/silver/G0233,"[
  {
    ""id"": ""silver-G0233"",
    ""docType"": ""DECISION"",
    ""path"": ""/synthetic/silver/G0233"",
    ""docTitle"": ""In re Montagu"",
    ""autoCompletions"": ""[{\""type\"":\""MAIN_TITLE\"",\""text\"":\""In re Montagu\""},{\""type\"":\""DECISION_ALTERNATE_TITLE\"",\""text\"":\""In re Montagu's Settlement Trusts\""},{\""type\"":\""DECISION_ALTERNATE_TITLE\"",\""text\"":\""In re Montagu's Settlement Trust\""}]"",
    ""jurisdictionId"": ""unspecified"",
    ""citedCount"": 2
  }
]"
https://synthetic.leread.ca/silver/G0234,"[
  {
    ""id"": ""silver-G0234"",
    ""docType"": ""LEGISLATION"",
    ""path"": ""/synthetic/silver/G0234"",
    ""docTitle"": ""Limitation Act"",
    ""autoCompletions"": ""[{\""type\"":\""MAIN_TITLE\"",\""text\"":\""Limitation Act\""}]"",
    ""jurisdictionId"": ""unspecified"",
    ""citedCount"": 1
  }
]"
https://synthetic.leread.ca/silver/G0235,"[
  {
    ""id"": ""silver-G0235"",
    ""docType"": ""DECISION"",
    ""path"": ""/synthetic/silver/G0235"",
    ""docTitle"": ""Minneapolis-Honeywell v. Empire Brass"",
    ""autoCompletions"": ""[{\""type\"":\""MAIN_TITLE\"",\""text\"":\""Minneapolis-Honeywell v. Empire Brass\""},{\""type\"":\""DECISION_OTHER_REFERENCES\"",\""text\"":\""[1955] 3 D.L.R. 561\""},{\""type\"":\""DECISION_OTHER_REFERENCES\"",\""text\"":\""[1955] S.C.R. 694\""}]"",
    ""jurisdictionId"": ""unspecified"",
    ""citedCount"": 2
  }
]"
https://synthetic.leread.ca/silver/G0236,"[
  {
    ""id"": ""silver-G0236"",
    ""docType"": ""DECISION"",
    ""path"": ""/synthetic/silver/G0236"",
    ""docTitle"": ""Patrick Harrison & Co. v. Devran Petroleum Ltd."",
    ""autoCompletions"": ""[{\""type\"":\""MAIN_TITLE\"",\""text\"":\""Patrick Harrison & Co. v. Devran Petroleum Ltd.\""},{\""type\"":\""DECISION_ALTERNATE_TITLE\"",\""text\"":\""Harrison\""},{\""type\"":\""DECISION_ALTERNATE_TITLE\"",\""text\"":\""Harrison decision\""},{\""type\"":\""DECISION_ALTERNATE_TITLE\"",\""text\"":\""Patrick Harrison &amp; Co. v. Devran Petroleum Ltd. (1993)\""},{\""type\"":\""DECISION_OTHER_REFERENCES\"",\""text\"":\""22 C.P.C. (3d) 285 (Ont. Gen. Div.)\""},{\""type\"":\""DECISION_OTHER_REFERENCES\"",\""text\"":\""C.P.C.\""}]"",
    ""jurisdictionId"": ""unspecified"",
    ""citedCount"": 6
  }
]"
https://synthetic.leread.ca/silver/G0237,"[
  {
    ""id"": ""silver-G0237"",
    ""docType"": ""DECISION"",
    ""path"": ""/synthetic/silver/G0237"",
    ""docTitle"": ""St. Mary"",
    ""autoCompletions"": ""[{\""type\"":\""MAIN_TITLE\"",\""text\"":\""St. Mary\""},{\""type\"":\""DECISION_ALTERNATE_TITLE\"",\""text\"":\""St. Mary's\""},{\""type\"":\""DECISION_ALTERNATE_TITLE\"",\""text\"":\""St. Mary's decision\""},{\""type\"":\""DECISION_ALTERNATE_TITLE\"",\""text\"":\""St. Mary's Cement Corp. v. Construc Ltd. (1997)\""},{\""type\"":\""DECISION_ALTERNATE_TITLE\"",\""text\"":\""St. Mary's Cement Co. v. MacDonald\""},{\""type\"":\""DECISION_ALTERNATE_TITLE\"",\""text\"":\""St. Mary's Cement decision\""},{\""type\"":\""DECISION_OTHER_REFERENCES\"",\""text\"":\""32 O.R. (3d) 595\""},{\""type\"":\""DECISION_OTHER_REFERENCES\"",\""text\"":\""33 C.L.R. (2d) 234 (Gen. Div.)\""},{\""type\"":\""DECISION_OTHER_REFERENCES\"",\""text\"":\""[1995] O.J. No. 2179\""}]"",
    ""jurisdictionId"": ""unspecified"",
    ""citedCount"": 8
  }
]"
https://synthetic.leread.ca/silver/G0238,"[
  {
    ""id"": ""silver-G0238"",
    ""docType"": ""DECISION"",
    ""path"": ""/synthetic/silver/G0238"",
    ""docTitle"": ""830356 Ontario Inc. v. 156170 Canada Ltd."",
    ""autoCompletions"": ""[{\""type\"":\""MAIN_TITLE\"",\""text\"":\""830356 Ontario Inc. v. 156170 Canada Ltd.\""},{\""type\"":\""DECISION_OTHER_REFERENCES\"",\""text\"":\""[1995] O.J. No. 687 (Q.L.) (Gen.Div.)\""}]"",
    ""jurisdictionId"": ""unspecified"",
    ""citedCount"": 1
  }
]"
https://synthetic.leread.ca/silver/G0239,"[
  {
    ""id"": ""silver-G0239"",
    ""docType"": ""DECISION"",
    ""path"": ""/synthetic/silver/G0239"",
    ""docTitle"": ""Aitken v. Trainor"",
    ""autoCompletions"": ""[{\""type\"":\""MAIN_TITLE\"",\""text\"":\""Aitken v. Trainor\""},{\""type\"":\""DECISION_OTHER_REFERENCES\"",\""text\"":\""[2002] O.J. No. 2855 (Q.L.) (S.C.J.)\""}]"",
    ""jurisdictionId"": ""unspecified"",
    ""citedCount"": 1
  }
]"
https://synthetic.leread.ca/silver/G0240,"[
  {
    ""id"": ""silver-G0240"",
    ""docType"": ""DECISION"",
    ""path"": ""/synthetic/silver/G0240"",
    ""docTitle"": ""B.G. Schickedanz (Peel) Inc. v. Salna"",
    ""autoCompletions"": ""[{\""type\"":\""MAIN_TITLE\"",\""text\"":\""B.G. Schickedanz (Peel) Inc. v. Salna\""},{\""type\"":\""DECISION_OTHER_REFERENCES\"",\""text\"":\""(1997), 14 C.P.C. (4<sup>th</sup>) 253 (Ont.Gen. Div.)\""}]"",
    ""jurisdictionId"": ""unspecified"",
    ""citedCount"": 1
  }
]"
https://synthetic.leread.ca/silver/G0241,"[
  {
    ""id"": ""silver-G0241"",
    ""docType"": ""DOCTRINE"",
    ""path"": ""/synthetic/silver/G0241"",
    ""docTitle"": ""Basis of Contract"",
    ""autoCompletions"": ""[{\""type\"":\""MAIN_TITLE\"",\""text\"":\""Basis of Contract\""}]"",
    ""jurisdictionId"": ""unspecified"",
    ""citedCount"": 1
  }
]"
https://synthetic.leread.ca/silver/G0242,"[
  {
    ""id"": ""silver-G0242"",
    ""docType"": ""DECISION"",
    ""path"": ""/synthetic/silver/G0242"",
    ""docTitle"": ""Becker Developments v. Alberta"",
    ""autoCompletions"": ""[{\""type\"":\""MAIN_TITLE\"",\""text\"":\""Becker Developments v. Alberta\""},{\""type\"":\""DECISION_OTHER_REFERENCES\"",\""text\"":\""[1996] A.J. No. 431 (Q.L.) (Q.B.)\""}]"",
    ""jurisdictionId"": ""unspecified"",
    ""citedCount"": 1
  }
]"
https://synthetic.leread.ca/silver/G0244,"[
  {
    ""id"": ""silver-G0244"",
    ""docType"": ""DOCTRINE"",
    ""path"": ""/synthetic/silver/G0244"",
    ""docTitle"": ""Bidding and Tendering: What is the Law?"",
    ""autoCompletions"": ""[{\""type\"":\""MAIN_TITLE\"",\""text\"":\""Bidding and Tendering: What is the Law?\""},{\""type\"":\""DOCTRINE_AUTHOR\"",\""text\"":\""Paul Sandori and William M. Pigott\""}]"",
    ""jurisdictionId"": ""unspecified"",
    ""citedCount"": 1
  }
]"
https://synthetic.leread.ca/silver/G0245,"[
  {
    ""id"": ""silver-G0245"",
    ""docType"": ""DECISION"",
    ""path"": ""/synthetic/silver/G0245"",
    ""docTitle"": ""Boult Enterprises Ltd. v. Bissett"",
    ""autoCompletions"": ""[{\""type\"":\""MAIN_TITLE\"",\""text\"":\""Boult Enterprises Ltd. v. Bissett\""},{\""type\"":\""DECISION_OTHER_REFERENCES\"",\""text\"":\""(1985), 21 D.L.R. (4<sup>th</sup>) 730\""},{\""type\"":\""DECISION_OTHER_REFERENCES\"",\""text\"":\""(B.C.C.A.)\""}]"",
    ""jurisdictionId"": ""unspecified"",
    ""citedCount"": 1
  }
]"
https://synthetic.leread.ca/silver/G0247,"[
  {
    ""id"": ""silver-G0247"",
    ""docType"": ""DECISION"",
    ""path"": ""/synthetic/silver/G0247"",
    ""docTitle"": ""Canada (Attorney General) v. Fontaine"",
    ""autoCompletions"": ""[{\""type\"":\""MAIN_TITLE\"",\""text\"":\""Canada (Attorney General) v. Fontaine\""},{\""type\"":\""DECISION_OTHER_REFERENCES\"",\""text\"":\""(1995), 104 Man.R. (2d) 219 (Q.B.)\""},{\""type\"":\""DECISION_OTHER_REFERENCES\"",\""text\"":\""(1996), 110 Man.R. (2d) 77 (C.A.)\""}]"",
    ""jurisdictionId"": ""unspecified"",
    ""citedCount"": 2
  }
]"
https://synthetic.leread.ca/silver/G0248,"[
  {
    ""id"": ""silver-G0248"",
    ""docType"": ""DECISION"",
    ""path"": ""/synthetic/silver/G0248"",
    ""docTitle"": ""Canada Square Corp. Ltd. v. Versafood Services Ltd. et al."",
    ""autoCompletions"": ""[{\""type\"":\""MAIN_TITLE\"",\""text\"":\""Canada Square Corp. Ltd. v. Versafood Services Ltd. et al.\""},{\""type\"":\""DECISION_OTHER_REFERENCES\"",\""text\"":\""(1981), 130 D.L.R. (3d) 205 (Ont.C.A.)\""}]"",
    ""jurisdictionId"": ""unspecified"",
    ""citedCount"": 1
  }
]"
https://synthetic.leread.ca/silver/G0249,"[
  {
    ""id"": ""silver-G0249"",
    ""docType"": ""DECISION"",
    ""path"": ""/synthetic/silver/G0249"",
    ""docTitle"": ""Canadian Pacific Hotels Ltd. v. Bank of Montreal"",
    ""autoCompletions"": ""[{\""type\"":\""MAIN_TITLE\"",\""text\"":\""Canadian Pacific Hotels Ltd. v. Bank of Montreal\""},{\""type\"":\""DECISION_OTHER_REFERENCES\"",\""text\"":\""[1987] 1 S.C.R. 711\""}]"",
    ""jurisdictionId"": ""unspecified"",
    ""citedCount"": 1
  }
]"
https://synthetic.leread.ca/silver/G0250,"[
  {
    ""id"": ""silver-G0250"",
    ""docType"": ""DECISION"",
    ""path"": ""/synthetic/silver/G0250"",
    ""docTitle"": ""Cedar Group Inc. v. Stelco Inc."",
    ""autoCompletions"": ""[{\""type\"":\""MAIN_TITLE\"",\""text\"":\""Cedar Group Inc. v. Stelco Inc.\""},{\""type\"":\""DECISION_OTHER_REFERENCES\"",\""text\"":\""[1995] O.J. No. 3998 (Q.L.) (Gen.Div.)\""},{\""type\"":\""DECISION_OTHER_REFERENCES\"",\""text\"":\""[1996] O.J. No. 3974 (Q.L.) (C.A.)\""}]"",
    ""jurisdictionId"": ""unspecified"",
    ""citedCount"": 2
  }
]"
https://synthetic.leread.ca/silver/G0251,"[
  {
    ""id"": ""silver-G0251"",
    ""docType"": ""DECISION"",
    ""path"": ""/synthetic/silver/G0251"",
    ""docTitle"": ""Chinook Aggregates Ltd. v. Abbotsford (Mun. Dist.)"",
    ""autoCompletions"": ""[{\""type\"":\""MAIN_TITLE\"",\""text\"":\""Chinook Aggregates Ltd. v. Abbotsford (Mun. Dist.)\""},{\""type\"":\""DECISION_OTHER_REFERENCES\"",\""text\"":\""(1989), 40 B.C.L.R. (2d) 345 (C.A.)\""}]"",
    ""jurisdictionId"": ""unspecified"",
    ""citedCount"": 1
  }
]"
https://synthetic.leread.ca/silver/G0252,"[
  {
    ""id"": ""silver-G0252"",
    ""docType"": ""DECISION"",
    ""path"": ""/synthetic/silver/G0252"",
    ""docTitle"": ""Cimaroli et al. v. Pugliese"",
    ""autoCompletions"": ""[{\""type\"":\""MAIN_TITLE\"",\""text\"":\""Cimaroli et al. v. Pugliese\""},{\""type\"":\""DECISION_OTHER_REFERENCES\"",\""text\"":\""(1988), 25 C.P.C. (2d) 10 (Ont.H.C.)\""}]"",
    ""jurisdictionId"": ""unspecified"",
    ""citedCount"": 1
  }
]"
https://synthetic.leread.ca/silver/G0253,"[
  {
    ""id"": ""silver-G0253"",
    ""docType"": ""DECISION"",
    ""path"": ""/synthetic/silver/G0253"",
    ""docTitle"": ""City of Los Angeles v. Superior Court"",
    ""autoCompletions"": ""[{\""type\"":\""MAIN_TITLE\"",\""text\"":\""City of Los Angeles v. Superior Court\""},{\""type\"":\""DECISION_OTHER_REFERENCES\"",\""text\"":\""(1959) 51 Cal.2d 423\""},{\""type\"":\""DECISION_OTHER_REFERENCES\"",\""text\"":\""[333 P.2d 745]\""}]"",
    ""jurisdictionId"": ""unspecified"",
    ""citedCount"": 1
  }
]"
https://synthetic.leread.ca/silver/G0254,"[
  {
    ""id"": ""silver-G0254"",
    ""docType"": ""DECISION"",
    ""path"": ""/synthetic/silver/G0254"",
    ""docTitle"": ""ConAgra Ltd. (c.o.b. ConAgra Grain, Canada) v. Universal Grain Systems Inc."",
    ""autoCompletions"": ""[{\""type\"":\""MAIN_TITLE\"",\""text\"":\""ConAgra Ltd. (c.o.b. ConAgra Grain, Canada) v. Universal Grain Systems Inc.\""},{\""type\"":\""DECISION_ALTERNATE_TITLE\"",\""text\"":\""ConAgra\""},{\""type\"":\""DECISION_OTHER_REFERENCES\"",\""text\"":\""(1998), 130 Man.R. (2d) 281 (Q.B.)\""}]"",
    ""jurisdictionId"": ""unspecified"",
    ""citedCount"": 2
  }
]"
https://synthetic.leread.ca/silver/G0255,"[
  {
    ""id"": ""silver-G0255"",
    ""docType"": ""DOCTRINE"",
    ""path"": ""/synthetic/silver/G0255"",
    ""docTitle"": ""Contractual Obligations in the Pre-Award Phase of Public Tendering"",
    ""autoCompletions"": ""[{\""type\"":\""MAIN_TITLE\"",\""text\"":\""Contractual Obligations in the Pre-Award Phase of Public Tendering\""},{\""type\"":\""DOCTRINE_AUTHOR\"",\""text\"":\""Peter Devonshire\""}]"",
    ""jurisdictionId"": ""unspecified"",
    ""citedCount"": 1
  }
]"
https://synthetic.leread.ca/silver/G0257,"[
  {
    ""id"": ""silver-G0257"",
    ""docType"": ""DECISION"",
    ""path"": ""/synthetic/silver/G0257"",
    ""docTitle"": ""Eastwalsh Homes Ltd. v. Anatal Development Corp. et al."",
    ""autoCompletions"": ""[{\""type\"":\""MAIN_TITLE\"",\""text\"":\""Eastwalsh Homes Ltd. v. Anatal Development Corp. et al.\""},{\""type\"":\""DECISION_OTHER_REFERENCES\"",\""text\"":\""(1988), 29 C.P.C. (2d) 266 (Ont.H.C.)\""}]"",
    ""jurisdictionId"": ""unspecified"",
    ""citedCount"": 1
  }
]"
https://synthetic.leread.ca/silver/G0258,"[
  {
    ""id"": ""silver-G0258"",
    ""docType"": ""DECISION"",
    ""path"": ""/synthetic/silver/G0258"",
    ""docTitle"": ""G.P.I. Greenfield Pioneer Inc. v. Moore"",
    ""autoCompletions"": ""[{\""type\"":\""MAIN_TITLE\"",\""text\"":\""G.P.I. Greenfield Pioneer Inc. v. Moore\""},{\""type\"":\""DECISION_ALTERNATE_TITLE\"",\""text\"":\""G.P.I. <a name=\\\""_Hlt20641900\\\"">Greenfield</a> Pioneer Inc. v. Moore\""},{\""type\"":\""DECISION_OTHER_REFERENCES\"",\""text\"":\""[2002] O.J. No. 282 (Q.L.)\""}]"",
    ""jurisdictionId"": ""unspecified"",
    ""citedCount"": 3
  }
]"
https://synthetic.leread.ca/silver/G0259,"[
  {
    ""id"": ""silver-G0259"",
    ""docType"": ""DECISION"",
    ""path"": ""/synthetic/silver/G0259"",
    ""docTitle"": ""Griffin Steel Foundries Ltd. v. Canadian Association of Industrial, Mechanical and Allied Workers et al."",
    ""autoCompletions"": ""[{\""type\"":\""MAIN_TITLE\"",\""text\"":\""Griffin Steel Foundries Ltd. v. Canadian Association of Industrial, Mechanical and Allied Workers et al.\""},{\""type\"":\""DECISION_OTHER_REFERENCES\"",\""text\"":\""1977), 80 D.L.R. (3d) 634 (Man.C.A.)\""}]"",
    ""jurisdictionId"": ""unspecified"",
    ""citedCount"": 1
  }
]"
https://synthetic.leread.ca/silver/G0260,"[
  {
    ""id"": ""silver-G0260"",
    ""docType"": ""DECISION"",
    ""path"": ""/synthetic/silver/G0260"",
    ""docTitle"": ""Her Majesty The Queen in Right of Ontario and the Water Resources Commission v. Ron Engineering & Construction (Eastern) Ltd."",
    ""autoCompletions"": ""[{\""type\"":\""MAIN_TITLE\"",\""text\"":\""Her Majesty The Queen in Right of Ontario and the Water Resources Commission v. Ron Engineering & Construction (Eastern) Ltd.\""},{\""type\"":\""DECISION_ALTERNATE_TITLE\"",\""text\"":\""Her Majesty The Queen in Right of Ontario and the Water Resources Commission v. Ron Engineering &amp; Construction (Eastern) Ltd.\""},{\""type\"":\""DECISION_ALTERNATE_TITLE\"",\""text\"":\""Ron Engineering\""},{\""type\"":\""DECISION_OTHER_REFERENCES\"",\""text\"":\""[1981] 1 S.C.R. 111\""}]"",
    ""jurisdictionId"": ""unspecified"",
    ""citedCount"": 8
  }
]"
https://synthetic.leread.ca/silver/G0261,"[
  {
    ""id"": ""silver-G0261"",
    ""docType"": ""DECISION"",
    ""path"": ""/synthetic/silver/G0261"",
    ""docTitle"": ""Hornsby v. Bone (Bankrupt)"",
    ""autoCompletions"": ""[{\""type\"":\""MAIN_TITLE\"",\""text\"":\""Hornsby v. Bone (Bankrupt)\""},{\""type\"":\""DECISION_OTHER_REFERENCES\"",\""text\"":\""(1993), 113 Sask.R. 1 (C.A.)\""}]"",
    ""jurisdictionId"": ""unspecified"",
    ""citedCount"": 1
  }
]"
https://synthetic.leread.ca/silver/G0262,"[
  {
    ""id"": ""silver-G0262"",
    ""docType"": ""DECISION"",
    ""path"": ""/synthetic/silver/G0262"",
    ""docTitle"": ""Hughes Land Co. v. Manitoba"",
    ""autoCompletions"": ""[{\""type\"":\""MAIN_TITLE\"",\""text\"":\""Hughes Land Co. v. Manitoba\""},{\""type\"":\""DECISION_ALTERNATE_TITLE\"",\""text\"":\""Hughes Land\""},{\""type\"":\""DECISION_OTHER_REFERENCES\"",\""text\"":\""(1998), 131 Man.R. (2d) 202 (C.A.)\""}]"",
    ""jurisdictionId"": ""unspecified"",
    ""citedCount"": 2
  }
]"
https://synthetic.leread.ca/silver/G0263,"[
  {
    ""id"": ""silver-G0263"",
    ""docType"": ""DECISION"",
    ""path"": ""/synthetic/silver/G0263"",
    ""docTitle"": ""J & P Goldfluss Ltd. v. 306569 Ontario Ltd."",
    ""autoCompletions"": ""[{\""type\"":\""MAIN_TITLE\"",\""text\"":\""J & P Goldfluss Ltd. v. 306569 Ontario Ltd.\""},{\""type\"":\""DECISION_ALTERNATE_TITLE\"",\""text\"":\""J &amp; P Goldfluss Ltd. v. 306569 Ontario Ltd.\""},{\""type\"":\""DECISION_OTHER_REFERENCES\"",\""text\"":\""(1977), 4 C.P.C. 296 (H.C.)\""}]"",
    ""jurisdictionId"": ""unspecified"",
    ""citedCount"": 1
  }
]"
https://synthetic.leread.ca/silver/G0264,"[
  {
    ""id"": ""silver-G0264"",
    ""docType"": ""DECISION"",
    ""path"": ""/synthetic/silver/G0264"",
    ""docTitle"": ""Labrador Airways Ltd. v. Canada Post Corp."",
    ""autoCompletions"": ""[{\""type\"":\""MAIN_TITLE\"",\""text\"":\""Labrador Airways Ltd. v. Canada Post Corp.\""},{\""type\"":\""DECISION_OTHER_REFERENCES\"",\""text\"":\""[2001] N.J. No. 28 (Q.L.) (S.C.,T.D.)\""}]"",
    ""jurisdictionId"": ""unspecified"",
    ""citedCount"": 1
  }
]"
https://synthetic.leread.ca/silver/G0265,"[
  {
    ""id"": ""silver-G0265"",
    ""docType"": ""DECISION"",
    ""path"": ""/synthetic/silver/G0265"",
    ""docTitle"": ""Lac Minerals Ltd. v. International Corona Resources Ltd."",
    ""autoCompletions"": ""[{\""type\"":\""MAIN_TITLE\"",\""text\"":\""Lac Minerals Ltd. v. International Corona Resources Ltd.\""},{\""type\"":\""DECISION_OTHER_REFERENCES\"",\""text\"":\""[1989] 2 S.C.R. 574\""}]"",
    ""jurisdictionId"": ""unspecified"",
    ""citedCount"": 1
  }
]"
https://synthetic.leread.ca/silver/G0266,"[
  {
    ""id"": ""silver-G0266"",
    ""docType"": ""DECISION"",
    ""path"": ""/synthetic/silver/G0266"",
    ""docTitle"": ""Lundy and McLeod v. Powell"",
    ""autoCompletions"": ""[{\""type\"":\""MAIN_TITLE\"",\""text\"":\""Lundy and McLeod v. Powell\""},{\""type\"":\""DECISION_OTHER_REFERENCES\"",\""text\"":\""(1921), 60 D.L.R. 607 (Sask.K.B.)\""}]"",
    ""jurisdictionId"": ""unspecified"",
    ""citedCount"": 1
  }
]"
https://synthetic.leread.ca/silver/G0267,"[
  {
    ""id"": ""silver-G0267"",
    ""docType"": ""DECISION"",
    ""path"": ""/synthetic/silver/G0267"",
    ""docTitle"": ""L’Unita Development Corp. v. 505369 Ontario Ltd."",
    ""autoCompletions"": ""[{\""type\"":\""MAIN_TITLE\"",\""text\"":\""L’Unita Development Corp. v. 505369 Ontario Ltd.\""},{\""type\"":\""DECISION_OTHER_REFERENCES\"",\""text\"":\""(2001), 44 R.P.R. (3d) 303 (S.C.J.)\""}]"",
    ""jurisdictionId"": ""unspecified"",
    ""citedCount"": 1
  }
]"
https://synthetic.leread.ca/silver/G0269,"[
  {
    ""id"": ""silver-G0269"",
    ""docType"": ""LEGISLATION"",
    ""path"": ""/synthetic/silver/G0269"",
    ""docTitle"": ""Manitoba Court of Queen"",
    ""autoCompletions"": ""[{\""type\"":\""MAIN_TITLE\"",\""text\"":\""Manitoba Court of Queen\""}]"",
    ""jurisdictionId"": ""unspecified"",
    ""citedCount"": 1
  }
]"
https://synthetic.leread.ca/silver/G0270,"[
  {
    ""id"": ""silver-G0270"",
    ""docType"": ""DECISION"",
    ""path"": ""/synthetic/silver/G0270"",
    ""docTitle"": ""Mannpar Enterprises Ltd. v. Canada"",
    ""autoCompletions"": ""[{\""type\"":\""MAIN_TITLE\"",\""text\"":\""Mannpar Enterprises Ltd. v. Canada\""},{\""type\"":\""DECISION_OTHER_REFERENCES\"",\""text\"":\""(1999), 173 D.L.R. (4<sup>th</sup>) 243 (B.C.C.A.)\""}]"",
    ""jurisdictionId"": ""unspecified"",
    ""citedCount"": 1
  }
]"
https://synthetic.leread.ca/silver/G0271,"[
  {
    ""id"": ""silver-G0271"",
    ""docType"": ""DECISION"",
    ""path"": ""/synthetic/silver/G0271"",
    ""docTitle"": ""Martel Building Ltd. v. Canada"",
    ""autoCompletions"": ""[{\""type\"":\""MAIN_TITLE\"",\""text\"":\""Martel Building Ltd. v. Canada\""},{\""type\"":\""DECISION_ALTERNATE_TITLE\"",\""text\"":\""Martel\""},{\""type\"":\""DECISION_ALTERNATE_TITLE\"",\""text\"":\""Martel Building\""},{\""type\"":\""DECISION_OTHER_REFERENCES\"",\""text\"":\""2000 SCC 60\""},{\""type\"":\""DECISION_OTHER_REFERENCES\"",\""text\"":\""[2000] 2 S.C.R. 860\""}]"",
    ""jurisdictionId"": ""unspecified"",
    ""citedCount"": 5
  }
]"
https://synthetic.leread.ca/silver/G0272,"[
  {
    ""id"": ""silver-G0272"",
    ""docType"": ""DECISION"",
    ""path"": ""/synthetic/silver/G0272"",
    ""docTitle"": ""Naylor Group Inc. v. Ellis-Don Construction Ltd."",
    ""autoCompletions"": ""[{\""type\"":\""MAIN_TITLE\"",\""text\"":\""Naylor Group Inc. v. Ellis-Don Construction Ltd.\""},{\""type\"":\""DECISION_OTHER_REFERENCES\"",\""text\"":\""2001 SCC 58\""},{\""type\"":\""DECISION_OTHER_REFERENCES\"",\""text\"":\""[2001] 2 S.C.R. 943\""}]"",
    ""jurisdictionId"": ""unspecified"",
    ""citedCount"": 1
  }
]"
https://synthetic.leread.ca/silver/G0273,"[
  {
    ""id"": ""silver-G0273"",
    ""docType"": ""DECISION"",
    ""path"": ""/synthetic/silver/G0273"",
    ""docTitle"": ""Penvidic Contracting Co. Limited v. International Nickel Company of Canada, Limited"",
    ""autoCompletions"": ""[{\""type\"":\""MAIN_TITLE\"",\""text\"":\""Penvidic Contracting Co. Limited v. International Nickel Company of Canada, Limited\""},{\""type\"":\""DECISION_OTHER_REFERENCES\"",\""text\"":\""[1976] 1 S.C.R. 267\""}]"",
    ""jurisdictionId"": ""unspecified"",
    ""citedCount"": 1
  }
]"
https://synthetic.leread.ca/silver/G0274,"[
  {
    ""id"": ""silver-G0274"",
    ""docType"": ""DECISION"",
    ""path"": ""/synthetic/silver/G0274"",
    ""docTitle"": ""Powder Mountain Resorts Ltd. v. British Columbia"",
    ""autoCompletions"": ""[{\""type\"":\""MAIN_TITLE\"",\""text\"":\""Powder Mountain Resorts Ltd. v. British Columbia\""},{\""type\"":\""DECISION_OTHER_REFERENCES\"",\""text\"":\""2001 BCCA 619\""},{\""type\"":\""DECISION_OTHER_REFERENCES\"",\""text\"":\""[1999] 11 W.W.R. 168 (B.C.S.C.)\""},{\""type\"":\""DECISION_OTHER_REFERENCES\"",\""text\"":\""[2001] B.C.J. No. 2172 (Q.L.)\""}]"",
    ""jurisdictionId"": ""unspecified"",
    ""citedCount"": 3
  }
]"
https://synthetic.leread.ca/silver/G0275,"[
  {
    ""id"": ""silver-G0275"",
    ""docType"": ""LEGISLATION"",
    ""path"": ""/synthetic/silver/G0275"",
    ""docTitle"": ""Queen’s Bench Rules"",
    ""autoCompletions"": ""[{\""type\"":\""MAIN_TITLE\"",\""text\"":\""Queen’s Bench Rules\""},{\""type\"":\""LEGISLATION_ALTERNATE_TITLE\"",\""text\"":\""Queen’s Bench Rule\""}]"",
    ""jurisdictionId"": ""unspecified"",
    ""citedCount"": 1
  }
]"
https://synthetic.leread.ca/silver/G0276,"[
  {
    ""id"": ""silver-G0276"",
    ""docType"": ""DECISION"",
    ""path"": ""/synthetic/silver/G0276"",
    ""docTitle"": ""Re Empress Towers Ltd. v. Bank of Nova Scotia"",
    ""autoCompletions"": ""[{\""type\"":\""MAIN_TITLE\"",\""text\"":\""Re Empress Towers Ltd. v. Bank of Nova Scotia\""},{\""type\"":\""DECISION_ALTERNATE_TITLE\"",\""text\"":\""Empress Towers\""},{\""type\"":\""DECISION_ALTERNATE_TITLE\"",\""text\"":\""Empress Towers Ltd. v. Bank of Nova Scotia\""},{\""type\"":\""DECISION_OTHER_REFERENCES\"",\""text\"":\""(1990), 73 D.L.R. (4<sup>th</sup>) 400 (B.C.C.A.)\""}]"",
    ""jurisdictionId"": ""unspecified"",
    ""citedCount"": 3
  }
]"
https://synthetic.leread.ca/silver/G0277,"[
  {
    ""id"": ""silver-G0277"",
    ""docType"": ""DECISION"",
    ""path"": ""/synthetic/silver/G0277"",
    ""docTitle"": ""Ross and Ross v. Acorn"",
    ""autoCompletions"": ""[{\""type\"":\""MAIN_TITLE\"",\""text\"":\""Ross and Ross v. Acorn\""}]"",
    ""jurisdictionId"": ""unspecified"",
    ""citedCount"": 1
  }
]"
https://synthetic.leread.ca/silver/G0278,"[
  {
    ""id"": ""silver-G0278"",
    ""docType"": ""DECISION"",
    ""path"": ""/synthetic/silver/G0278"",
    ""docTitle"": ""Siemens Westinghouse Inc. v. Canada (Minister of Public Works and Government Services)"",
    ""autoCompletions"": ""[{\""type\"":\""MAIN_TITLE\"",\""text\"":\""Siemens Westinghouse Inc. v. Canada (Minister of Public Works and Government Services)\""},{\""type\"":\""DECISION_ALTERNATE_TITLE\"",\""text\"":\""Siemens Westinghouse Inc. v. Canada (Minister of Public Works and Government Services) et al.\""},{\""type\"":\""DECISION_OTHER_REFERENCES\"",\""text\"":\""2000), 260 N.R. 367 (F.C.A.)\""}]"",
    ""jurisdictionId"": ""unspecified"",
    ""citedCount"": 1
  }
]"
https://synthetic.leread.ca/silver/G0279,"[
  {
    ""id"": ""silver-G0279"",
    ""docType"": ""DECISION"",
    ""path"": ""/synthetic/silver/G0279"",
    ""docTitle"": ""Silver Lake Farms Inc. v. Saskatchewan"",
    ""autoCompletions"": ""[{\""type\"":\""MAIN_TITLE\"",\""text\"":\""Silver Lake Farms Inc. v. Saskatchewan\""},{\""type\"":\""DECISION_OTHER_REFERENCES\"",\""text\"":\""(2001), 46 R.P.R. (3d) 66\""},{\""type\"":\""DECISION_OTHER_REFERENCES\"",\""text\"":\""2001 SKQB 515\""}]"",
    ""jurisdictionId"": ""unspecified"",
    ""citedCount"": 1
  }
]"
https://synthetic.leread.ca/silver/G0280,"[
  {
    ""id"": ""silver-G0280"",
    ""docType"": ""DECISION"",
    ""path"": ""/synthetic/silver/G0280"",
    ""docTitle"": ""Socanav Inc. v. Northwest Territories (Commissioner)"",
    ""autoCompletions"": ""[{\""type\"":\""MAIN_TITLE\"",\""text\"":\""Socanav Inc. v. Northwest Territories (Commissioner)\""},{\""type\"":\""DECISION_OTHER_REFERENCES\"",\""text\"":\""[1993] N.W.T.R. 369 (N.W.T.S.C.)\""}]"",
    ""jurisdictionId"": ""unspecified"",
    ""citedCount"": 1
  }
]"
https://synthetic.leread.ca/silver/G0282,"[
  {
    ""id"": ""silver-G0282"",
    ""docType"": ""LEGISLATION"",
    ""path"": ""/synthetic/silver/G0282"",
    ""docTitle"": ""The Court of Queen’s Bench Act"",
    ""autoCompletions"": ""[{\""type\"":\""MAIN_TITLE\"",\""text\"":\""The Court of Queen’s Bench Act\""},{\""type\"":\""LEGISLATION_REFERENCE\"",\""text\"":\""C.C.S.M., c. C280\""}]"",
    ""jurisdictionId"": ""unspecified"",
    ""citedCount"": 2
  }
]"
https://synthetic.leread.ca/silver/G0283,"[
  {
    ""id"": ""silver-G0283"",
    ""docType"": ""DECISION"",
    ""path"": ""/synthetic/silver/G0283"",
    ""docTitle"": ""The Queen v. Canamerican Auto Lease & Rental Ltd. et al."",
    ""autoCompletions"": ""[{\""type\"":\""MAIN_TITLE\"",\""text\"":\""The Queen v. Canamerican Auto Lease & Rental Ltd. et al.\""},{\""type\"":\""DECISION_ALTERNATE_TITLE\"",\""text\"":\""The Queen v. Canamerican Auto Lease &amp; Rental Ltd. et al.\""},{\""type\"":\""DECISION_OTHER_REFERENCES\"",\""text\"":\""(1987), 37 D.L.R. (4<sup>th</sup>) 591 (Fed.C.A.)\""}]"",
    ""jurisdictionId"": ""unspecified"",
    ""citedCount"": 1
  }
]"
https://synthetic.leread.ca/silver/G0284,"[
  {
    ""id"": ""silver-G0284"",
    ""docType"": ""DECISION"",
    ""path"": ""/synthetic/silver/G0284"",
    ""docTitle"": ""Thompson v. Yockney"",
    ""autoCompletions"": ""[{\""type\"":\""MAIN_TITLE\"",\""text\"":\""Thompson v. Yockney\""},{\""type\"":\""DECISION_OTHER_REFERENCES\"",\""text\"":\""(1913), 23 Man.R. 571 (C.A.)\""}]"",
    ""jurisdictionId"": ""unspecified"",
    ""citedCount"": 1
  }
]"
https://synthetic.leread.ca/silver/G0285,"[
  {
    ""id"": ""silver-G0285"",
    ""docType"": ""DECISION"",
    ""path"": ""/synthetic/silver/G0285"",
    ""docTitle"": ""Tilden Rent-A-Car Co. v. Clendenning"",
    ""autoCompletions"": ""[{\""type\"":\""MAIN_TITLE\"",\""text\"":\""Tilden Rent-A-Car Co. v. Clendenning\""},{\""type\"":\""DECISION_OTHER_REFERENCES\"",\""text\"":\""(1978), 83 D.L.R. (3d) 400 (Ont.C.A.)\""}]"",
    ""jurisdictionId"": ""unspecified"",
    ""citedCount"": 1
  }
]"
https://synthetic.leread.ca/silver/G0286,"[
  {
    ""id"": ""silver-G0286"",
    ""docType"": ""DECISION"",
    ""path"": ""/synthetic/silver/G0286"",
    ""docTitle"": ""UNKNOWN"",
    ""autoCompletions"": ""[{\""type\"":\""MAIN_TITLE\"",\""text\"":\""UNKNOWN\""}]"",
    ""jurisdictionId"": ""unspecified"",
    ""citedCount"": 1
  }
]"
https://synthetic.leread.ca/silver/G0287,"[
  {
    ""id"": ""silver-G0287"",
    ""docType"": ""DECISION"",
    ""path"": ""/synthetic/silver/G0287"",
    ""docTitle"": ""United States of America v. Friedland"",
    ""autoCompletions"": ""[{\""type\"":\""MAIN_TITLE\"",\""text\"":\""United States of America v. Friedland\""},{\""type\"":\""DECISION_OTHER_REFERENCES\"",\""text\"":\""[1996] O.J. No. 4399 (Q.L.) (Gen.Div.)\""}]"",
    ""jurisdictionId"": ""unspecified"",
    ""citedCount"": 1
  }
]"
https://synthetic.leread.ca/silver/G0288,"[
  {
    ""id"": ""silver-G0288"",
    ""docType"": ""DECISION"",
    ""path"": ""/synthetic/silver/G0288"",
    ""docTitle"": ""Vachon Construction Ltd. v. Cariboo (Regional District)"",
    ""autoCompletions"": ""[{\""type\"":\""MAIN_TITLE\"",\""text\"":\""Vachon Construction Ltd. v. Cariboo (Regional District)\""},{\""type\"":\""DECISION_OTHER_REFERENCES\"",\""text\"":\""(1996), 24 B.C.L.R. (3d) 379 (C.A.)\""}]"",
    ""jurisdictionId"": ""unspecified"",
    ""citedCount"": 1
  }
]"
https://synthetic.leread.ca/silver/G0289,"[
  {
    ""id"": ""silver-G0289"",
    ""docType"": ""DECISION"",
    ""path"": ""/synthetic/silver/G0289"",
    ""docTitle"": ""Walford v. Miles"",
    ""autoCompletions"": ""[{\""type\"":\""MAIN_TITLE\"",\""text\"":\""Walford v. Miles\""},{\""type\"":\""DECISION_ALTERNATE_TITLE\"",\""text\"":\""Walford and Others v. Miles and Another\""},{\""type\"":\""DECISION_OTHER_REFERENCES\"",\""text\"":\""(H.L.(E.))\""},{\""type\"":\""DECISION_OTHER_REFERENCES\"",\""text\"":\""[1992] 2 A.C. 128\""}]"",
    ""jurisdictionId"": ""unspecified"",
    ""citedCount"": 2
  }
]"
https://synthetic.leread.ca/silver/G0292,"[
  {
    ""id"": ""silver-G0292"",
    ""docType"": ""DECISION"",
    ""path"": ""/synthetic/silver/G0292"",
    ""docTitle"": ""Winnipeg Paint and Glass Company v. Lackman et al."",
    ""autoCompletions"": ""[{\""type\"":\""MAIN_TITLE\"",\""text\"":\""Winnipeg Paint and Glass Company v. Lackman et al.\""},{\""type\"":\""DECISION_OTHER_REFERENCES\"",\""text\"":\""[1923] 3 W.W.R. 361 (Man.K.B.)\""}]"",
    ""jurisdictionId"": ""unspecified"",
    ""citedCount"": 1
  }
]"
https://synthetic.leread.ca/silver/G0293,"[
  {
    ""id"": ""silver-G0293"",
    ""docType"": ""DECISION"",
    ""path"": ""/synthetic/silver/G0293"",
    ""docTitle"": ""Wong v. DiGrazia"",
    ""autoCompletions"": ""[{\""type\"":\""MAIN_TITLE\"",\""text\"":\""Wong v. DiGrazia\""},{\""type\"":\""DECISION_OTHER_REFERENCES\"",\""text\"":\""(Cal.Sup.Ct. 1963)\""},{\""type\"":\""DECISION_OTHER_REFERENCES\"",\""text\"":\""386 P.2d 817\""}]"",
    ""jurisdictionId"": ""unspecified"",
    ""citedCount"": 1
  }
]"
https://synthetic.leread.ca/silver/G0294,"[
  {
    ""id"": ""silver-G0294"",
    ""docType"": ""DECISION"",
    ""path"": ""/synthetic/silver/G0294"",
    ""docTitle"": ""Wood v. Grand Valley R.W. Co."",
    ""autoCompletions"": ""[{\""type\"":\""MAIN_TITLE\"",\""text\"":\""Wood v. Grand Valley R.W. Co.\""},{\""type\"":\""DECISION_OTHER_REFERENCES\"",\""text\"":\""(1913), 30 O.L.R. 44 (A.D.)\""}]"",
    ""jurisdictionId"": ""unspecified"",
    ""citedCount"": 1
  }
]"
https://synthetic.leread.ca/silver/G0295,"[
  {
    ""id"": ""silver-G0295"",
    ""docType"": ""DECISION"",
    ""path"": ""/synthetic/silver/G0295"",
    ""docTitle"": ""Archean Resources Ltd. v. Newfoundland (Minister of Finance)"",
    ""autoCompletions"": ""[{\""type\"":\""MAIN_TITLE\"",\""text\"":\""Archean Resources Ltd. v. Newfoundland (Minister of Finance)\""},{\""type\"":\""DECISION_OTHER_REFERENCES\"",\""text\"":\""(1999), 174 Nfld &amp; P.E.I.R. 183\""}]"",
    ""jurisdictionId"": ""unspecified"",
    ""citedCount"": 1
  }
]"
https://synthetic.leread.ca/silver/G0296,"[
  {
    ""id"": ""silver-G0296"",
    ""docType"": ""DECISION"",
    ""path"": ""/synthetic/silver/G0296"",
    ""docTitle"": ""Asher v. Seaford Court Estates"",
    ""autoCompletions"": ""[{\""type\"":\""MAIN_TITLE\"",\""text\"":\""Asher v. Seaford Court Estates\""},{\""type\"":\""DECISION_OTHER_REFERENCES\"",\""text\"":\""[1949] 2 K.B. 481 (C.A.)\""}]"",
    ""jurisdictionId"": ""unspecified"",
    ""citedCount"": 1
  }
]"
https://synthetic.leread.ca/silver/G0297,"[
  {
    ""id"": ""silver-G0297"",
    ""docType"": ""DECISION"",
    ""path"": ""/synthetic/silver/G0297"",
    ""docTitle"": ""CUQ v. Corp. Notre-Dame De Bon-Secours"",
    ""autoCompletions"": ""[{\""type\"":\""MAIN_TITLE\"",\""text\"":\""CUQ v. Corp. Notre-Dame De Bon-Secours\""},{\""type\"":\""DECISION_OTHER_REFERENCES\"",\""text\"":\""[1994] 3 S.C.R. 3\""}]"",
    ""jurisdictionId"": ""unspecified"",
    ""citedCount"": 1
  }
]"
https://synthetic.leread.ca/silver/G0299,"[
  {
    ""id"": ""silver-G0299"",
    ""docType"": ""DOCTRINE"",
    ""path"": ""/synthetic/silver/G0299"",
    ""docTitle"": ""Côté, The Interpretation of Legislation in Canada"",
    ""autoCompletions"": ""[{\""type\"":\""MAIN_TITLE\"",\""text\"":\""Côté, The Interpretation of Legislation in Canada\""},{\""type\"":\""MAIN_TITLE\"",\""text\"":\""The Interpretation of Legislation in Canada\""},{\""type\"":\""DOCTRINE_AUTHOR\"",\""text\"":\""<b>Côté</b>\""},{\""type\"":\""DOCTRINE_AUTHOR\"",\""text\"":\""Pierre-André Côté\""}]"",
    ""jurisdictionId"": ""unspecified"",
    ""citedCount"": 2
  }
]"
https://synthetic.leread.ca/silver/G0300,"[
  {
    ""id"": ""silver-G0300"",
    ""docType"": ""DOCTRINE"",
    ""path"": ""/synthetic/silver/G0300"",
    ""docTitle"": ""Hansard, the record of debates in the House of Assembly"",
    ""autoCompletions"": ""[{\""type\"":\""MAIN_TITLE\"",\""text\"":\""Hansard, the record of debates in the House of Assembly\""}]"",
    ""jurisdictionId"": ""unspecified"",
    ""citedCount"": 1
  }
]"
https://synthetic.leread.ca/silver/G0301,"[
  {
    ""id"": ""silver-G0301"",
    ""docType"": ""DECISION"",
    ""path"": ""/synthetic/silver/G0301"",
    ""docTitle"": ""Hirsch v. Protestant Board of School Commissioners"",
    ""autoCompletions"": ""[{\""type\"":\""MAIN_TITLE\"",\""text\"":\""Hirsch v. Protestant Board of School Commissioners\""},{\""type\"":\""DECISION_OTHER_REFERENCES\"",\""text\"":\""[1926] S.C.R. 246\""}]"",
    ""jurisdictionId"": ""unspecified"",
    ""citedCount"": 1
  }
]"
https://synthetic.leread.ca/silver/G0302,"[
  {
    ""id"": ""silver-G0302"",
    ""docType"": ""LEGISLATION"",
    ""path"": ""/synthetic/silver/G0302"",
    ""docTitle"": ""Interpretation Act"",
    ""autoCompletions"": ""[{\""type\"":\""MAIN_TITLE\"",\""text\"":\""Interpretation Act\""},{\""type\"":\""LEGISLATION_REFERENCE\"",\""text\"":\""c. 1-19 R.S.N.\""}]"",
    ""jurisdictionId"": ""unspecified"",
    ""citedCount"": 13
  }
]"
https://synthetic.leread.ca/silver/G0303,"[
  {
    ""id"": ""silver-G0303"",
    ""docType"": ""LEGISLATION"",
    ""path"": ""/synthetic/silver/G0303"",
    ""docTitle"": ""Judicature Act"",
    ""autoCompletions"": ""[{\""type\"":\""MAIN_TITLE\"",\""text\"":\""Judicature Act\""},{\""type\"":\""LEGISLATION_REFERENCE\"",\""text\"":\""R.S.N.L., 1990, c.J-4\""}]"",
    ""jurisdictionId"": ""unspecified"",
    ""citedCount"": 1
  }
]"
https://synthetic.leread.ca/silver/G0305,"[
  {
    ""id"": ""silver-G0305"",
    ""docType"": ""LEGISLATION"",
    ""path"": ""/synthetic/silver/G0305"",
    ""docTitle"": ""Mining and Mineral Rights Tax Act"",
    ""autoCompletions"": ""[{\""type\"":\""MAIN_TITLE\"",\""text\"":\""Mining and Mineral Rights Tax Act\""},{\""type\"":\""LEGISLATION_ALTERNATE_TITLE\"",\""text\"":\""Act\""},{\""type\"":\""LEGISLATION_ALTERNATE_TITLE\"",\""text\"":\""An Act To Impose Taxes On Income From Mining Operations Within The Province And On Income Obtained Or Derived From Persons Holding Rights To Mine\""},{\""type\"":\""LEGISLATION_ALTERNATE_TITLE\"",\""text\"":\""Mining and Mineral Rights Taxing Act\""},{\""type\"":\""LEGISLATION_ALTERNATE_TITLE\"",\""text\"":\""The Act\""},{\""type\"":\""LEGISLATION_REFERENCE\"",\""text\"":\""R.S.N. 1990, c. M-16\""},{\""type\"":\""LEGISLATION_ALTERNATE_REFERENCE\"",\""text\"":\""R.S.N. 1990, c. M.-16\""}]"",
    ""jurisdictionId"": ""unspecified"",
    ""citedCount"": 50
  }
]"
https://synthetic.leread.ca/silver/G0306,"[
  {
    ""id"": ""silver-G0306"",
    ""docType"": ""DECISION"",
    ""path"": ""/synthetic/silver/G0306"",
    ""docTitle"": ""Opetchesaht Indian Band v. Canada"",
    ""autoCompletions"": ""[{\""type\"":\""MAIN_TITLE\"",\""text\"":\""Opetchesaht Indian Band v. Canada\""},{\""type\"":\""DECISION_OTHER_REFERENCES\"",\""text\"":\""(1997), 147 D.L.R. (4<sup>th</sup>) 1 (SCC)\""}]"",
    ""jurisdictionId"": ""unspecified"",
    ""citedCount"": 1
  }
]"
https://synthetic.leread.ca/silver/G0308,"[
  {
    ""id"": ""silver-G0308"",
    ""docType"": ""DECISION"",
    ""path"": ""/synthetic/silver/G0308"",
    ""docTitle"": ""R. v. Chartrand"",
    ""autoCompletions"": ""[{\""type\"":\""MAIN_TITLE\"",\""text\"":\""R. v. Chartrand\""},{\""type\"":\""DECISION_OTHER_REFERENCES\"",\""text\"":\""[1994] 2 S.C.R. 864\""}]"",
    ""jurisdictionId"": ""unspecified"",
    ""citedCount"": 1
  }
]"
https://synthetic.leread.ca/silver/G0310,"[
  {
    ""id"": ""silver-G0310"",
    ""docType"": ""DECISION"",
    ""path"": ""/synthetic/silver/G0310"",
    ""docTitle"": ""R. v. McCraw"",
    ""autoCompletions"": ""[{\""type\"":\""MAIN_TITLE\"",\""text\"":\""R. v. McCraw\""},{\""type\"":\""DECISION_OTHER_REFERENCES\"",\""text\"":\""[1991] 3 S.C.R. 72\""}]"",
    ""jurisdictionId"": ""unspecified"",
    ""citedCount"": 1
  }
]"
https://synthetic.leread.ca/silver/G0311,"[
  {
    ""id"": ""silver-G0311"",
    ""docType"": ""DECISION"",
    ""path"": ""/synthetic/silver/G0311"",
    ""docTitle"": ""R. v. Multiform Manufacturing Co."",
    ""autoCompletions"": ""[{\""type\"":\""MAIN_TITLE\"",\""text\"":\""R. v. Multiform Manufacturing Co.\""},{\""type\"":\""DECISION_ALTERNATE_TITLE\"",\""text\"":\""Multiform\""},{\""type\"":\""DECISION_ALTERNATE_TITLE\"",\""text\"":\""R. Multiform Manufacturing Co.\""},{\""type\"":\""DECISION_ALTERNATE_TITLE\"",\""text\"":\""R. v. Multiform Manufacturing Co. Ltd.\""},{\""type\"":\""DECISION_OTHER_REFERENCES\"",\""text\"":\""(1990), 79 C.R. (3d) 390\""}]"",
    ""jurisdictionId"": ""unspecified"",
    ""citedCount"": 8
  }
]"
https://synthetic.leread.ca/silver/G0312,"[
  {
    ""id"": ""silver-G0312"",
    ""docType"": ""DECISION"",
    ""path"": ""/synthetic/silver/G0312"",
    ""docTitle"": ""R. v. Wonderland Gifts Ltd."",
    ""autoCompletions"": ""[{\""type\"":\""MAIN_TITLE\"",\""text\"":\""R. v. Wonderland Gifts Ltd.\""},{\""type\"":\""DECISION_ALTERNATE_TITLE\"",\""text\"":\""Wonderland Gifts\""},{\""type\"":\""DECISION_OTHER_REFERENCES\"",\""text\"":\""(1996), 140 Nfld. &amp; P.E.I.R. 219\""}]"",
    ""jurisdictionId"": ""unspecified"",
    ""citedCount"": 2
  }
]"
https://synthetic.leread.ca/silver/G0313,"[
  {
    ""id"": ""silver-G0313"",
    ""docType"": ""DECISION"",
    ""path"": ""/synthetic/silver/G0313"",
    ""docTitle"": ""Rizzo & Rizzo Shoes Ltd. (Re)"",
    ""autoCompletions"": ""[{\""type\"":\""MAIN_TITLE\"",\""text\"":\""Rizzo & Rizzo Shoes Ltd. (Re)\""},{\""type\"":\""DECISION_ALTERNATE_TITLE\"",\""text\"":\""Re Rizzo &amp; Rizzo Shoes Ltd.\""},{\""type\"":\""DECISION_ALTERNATE_TITLE\"",\""text\"":\""Rizzo\""},{\""type\"":\""DECISION_ALTERNATE_TITLE\"",\""text\"":\""Rizzo &amp; Rizzo Shoes Ltd. (Re)\""},{\""type\"":\""DECISION_ALTERNATE_TITLE\"",\""text\"":\""Rizzo &amp; Rizzo Shoes Ltd\""},{\""type\"":\""DECISION_ALTERNATE_TITLE\"",\""text\"":\""Rizzo &amp; Rizzo Shoes Ltd., Re\""},{\""type\"":\""DECISION_OTHER_REFERENCES\"",\""text\"":\""154 D.L.R. (4th) 193\""},{\""type\"":\""DECISION_OTHER_REFERENCES\"",\""text\"":\""[1998] 1 S.C.R. 27\""},{\""type\"":\""DECISION_OTHER_REFERENCES\"",\""text\"":\""[1998] 1 SCR 27\""}]"",
    ""jurisdictionId"": ""unspecified"",
    ""citedCount"": 6
  }
]"
https://synthetic.leread.ca/silver/G0314,"[
  {
    ""id"": ""silver-G0314"",
    ""docType"": ""DECISION"",
    ""path"": ""/synthetic/silver/G0314"",
    ""docTitle"": ""Reigate Rural District Council v. Sutton District Water Co."",
    ""autoCompletions"": ""[{\""type\"":\""MAIN_TITLE\"",\""text\"":\""Reigate Rural District Council v. Sutton District Water Co.\""},{\""type\"":\""DECISION_OTHER_REFERENCES\"",\""text\"":\""(1908), 99 L.T.R. 168 (K.B.)\""}]"",
    ""jurisdictionId"": ""unspecified"",
    ""citedCount"": 1
  }
]"
https://synthetic.leread.ca/silver/G0315,"[
  {
    ""id"": ""silver-G0315"",
    ""docType"": ""DOCTRINE"",
    ""path"": ""/synthetic/silver/G0315"",
    ""docTitle"": ""Report of the Royal Commission on Mineral Revenue"",
    ""autoCompletions"": ""[{\""type\"":\""MAIN_TITLE\"",\""text\"":\""Report of the Royal Commission on Mineral Revenue\""},{\""type\"":\""MAIN_TITLE\"",\""text\"":\""1973 Royal Commission\""},{\""type\"":\""MAIN_TITLE\"",\""text\"":\""1974 Report of the Royal Commission on Mineral Revenue\""},{\""type\"":\""MAIN_TITLE\"",\""text\"":\""Royal Commission\""},{\""type\"":\""MAIN_TITLE\"",\""text\"":\""Royal Commission Report\""},{\""type\"":\""MAIN_TITLE\"",\""text\"":\""Royal Commission on Mineral Revenue\""},{\""type\"":\""MAIN_TITLE\"",\""text\"":\""Royal Commission report\""},{\""type\"":\""MAIN_TITLE\"",\""text\"":\""Royal Commission which led to the new legislation\""},{\""type\"":\""MAIN_TITLE\"",\""text\"":\""report of a Royal Commission on mineral revenues\""}]"",
    ""jurisdictionId"": ""unspecified"",
    ""citedCount"": 13
  }
]"
https://synthetic.leread.ca/silver/G0316,"[
  {
    ""id"": ""silver-G0316"",
    ""docType"": ""DECISION"",
    ""path"": ""/synthetic/silver/G0316"",
    ""docTitle"": ""Stubart Investments Limited v. The Queen"",
    ""autoCompletions"": ""[{\""type\"":\""MAIN_TITLE\"",\""text\"":\""Stubart Investments Limited v. The Queen\""},{\""type\"":\""DECISION_ALTERNATE_TITLE\"",\""text\"":\""Stubart\""},{\""type\"":\""DECISION_ALTERNATE_TITLE\"",\""text\"":\""Stubart Investments Ltd. v. The Queen\""},{\""type\"":\""DECISION_OTHER_REFERENCES\"",\""text\"":\""(1984), 10 D.L.R. (4d) 1\""},{\""type\"":\""DECISION_OTHER_REFERENCES\"",\""text\"":\""(1984), 10 D.L.R. 1 (S.C.C.)\""}]"",
    ""jurisdictionId"": ""unspecified"",
    ""citedCount"": 7
  }
]"
https://synthetic.leread.ca/silver/G0317,"[
  {
    ""id"": ""silver-G0317"",
    ""docType"": ""DOCTRINE"",
    ""path"": ""/synthetic/silver/G0317"",
    ""docTitle"": ""Sullivan, Statutory Interpretation in the Supreme Court of Canada"",
    ""autoCompletions"": ""[{\""type\"":\""MAIN_TITLE\"",\""text\"":\""Sullivan, Statutory Interpretation in the Supreme Court of Canada\""},{\""type\"":\""MAIN_TITLE\"",\""text\"":\""Statutory Interpretation in the Supreme Court of Canada\""},{\""type\"":\""DOCTRINE_AUTHOR\"",\""text\"":\""Ruth Sullivan\""},{\""type\"":\""DOCTRINE_AUTHOR\"",\""text\"":\""Sullivan\""}]"",
    ""jurisdictionId"": ""unspecified"",
    ""citedCount"": 7
  }
]"
https://synthetic.leread.ca/silver/G0318,"[
  {
    ""id"": ""silver-G0318"",
    ""docType"": ""DECISION"",
    ""path"": ""/synthetic/silver/G0318"",
    ""docTitle"": ""Sunnyside Nursing Home v. Builders Contract Management Ltd."",
    ""autoCompletions"": ""[{\""type\"":\""MAIN_TITLE\"",\""text\"":\""Sunnyside Nursing Home v. Builders Contract Management Ltd.\""},{\""type\"":\""DECISION_OTHER_REFERENCES\"",\""text\"":\""[1990] 5 W.W.R., 289 (Sask. C.A.)\""}]"",
    ""jurisdictionId"": ""unspecified"",
    ""citedCount"": 1
  }
]"
https://synthetic.leread.ca/silver/G0319,"[
  {
    ""id"": ""silver-G0319"",
    ""docType"": ""DECISION"",
    ""path"": ""/synthetic/silver/G0319"",
    ""docTitle"": ""2003 ABCA 112"",
    ""autoCompletions"": ""[{\""type\"":\""MAIN_TITLE\"",\""text\"":\""2003 ABCA 112\""},{\""type\"":\""DECISION_OTHER_REFERENCES\"",\""text\"":\""2003 ABCA 112\""}]"",
    ""jurisdictionId"": ""unspecified"",
    ""citedCount"": 1
  }
]"
https://synthetic.leread.ca/silver/G0320,"[
  {
    ""id"": ""silver-G0320"",
    ""docType"": ""DECISION"",
    ""path"": ""/synthetic/silver/G0320"",
    ""docTitle"": ""Attorney General of Canada v. Inuit Tapirisat of Canada"",
    ""autoCompletions"": ""[{\""type\"":\""MAIN_TITLE\"",\""text\"":\""Attorney General of Canada v. Inuit Tapirisat of Canada\""},{\""type\"":\""DECISION_ALTERNATE_TITLE\"",\""text\"":\""Attorney General of Canada\""},{\""type\"":\""DECISION_ALTERNATE_TITLE\"",\""text\"":\""Inuit Tapirisat of Canada\""},{\""type\"":\""DECISION_OTHER_REFERENCES\"",\""text\"":\""[1980] 2 S.C.R. 735\""}]"",
    ""jurisdictionId"": ""unspecified"",
    ""citedCount"": 1
  }
]"
https://synthetic.leread.ca/silver/G0321,"[
  {
    ""id"": ""silver-G0321"",
    ""docType"": ""DECISION"",
    ""path"": ""/synthetic/silver/G0321"",
    ""docTitle"": ""Baker v. Canada (Minister of Citizenship and Immigration)"",
    ""autoCompletions"": ""[{\""type\"":\""MAIN_TITLE\"",\""text\"":\""Baker v. Canada (Minister of Citizenship and Immigration)\""},{\""type\"":\""DECISION_ALTERNATE_TITLE\"",\""text\"":\""Baker\""},{\""type\"":\""DECISION_ALTERNATE_TITLE\"",\""text\"":\""Canada (Minister of Citizenship and Immigration)\""},{\""type\"":\""DECISION_OTHER_REFERENCES\"",\""text\"":\""[1999] 2 S.C.R. 817\""}]"",
    ""jurisdictionId"": ""unspecified"",
    ""citedCount"": 3
  }
]"
https://synthetic.leread.ca/silver/G0322,"[
  {
    ""id"": ""silver-G0322"",
    ""docType"": ""DECISION"",
    ""path"": ""/synthetic/silver/G0322"",
    ""docTitle"": ""Blencoe v. British Columbia (Human Rights Commission)"",
    ""autoCompletions"": ""[{\""type\"":\""MAIN_TITLE\"",\""text\"":\""Blencoe v. British Columbia (Human Rights Commission)\""},{\""type\"":\""DECISION_ALTERNATE_TITLE\"",\""text\"":\""Blencoe\""},{\""type\"":\""DECISION_ALTERNATE_TITLE\"",\""text\"":\""British Columbia (Human Rights Commission)\""},{\""type\"":\""DECISION_OTHER_REFERENCES\"",\""text\"":\""[2000] 2 S.C.R. 307\""}]"",
    ""jurisdictionId"": ""unspecified"",
    ""citedCount"": 1
  }
]"
https://synthetic.leread.ca/silver/G0323,"[
  {
    ""id"": ""silver-G0323"",
    ""docType"": ""DECISION"",
    ""path"": ""/synthetic/silver/G0323"",
    ""docTitle"": ""Buhlers v. British Columbia (Superintendent of Motor Vehicles)"",
    ""autoCompletions"": ""[{\""type\"":\""MAIN_TITLE\"",\""text\"":\""Buhlers v. British Columbia (Superintendent of Motor Vehicles)\""},{\""type\"":\""DECISION_ALTERNATE_TITLE\"",\""text\"":\""British Columbia (Superintendent of Motor Vehicles)\""},{\""type\"":\""DECISION_ALTERNATE_TITLE\"",\""text\"":\""Buhlers\""},{\""type\"":\""DECISION_OTHER_REFERENCES\"",\""text\"":\""(1999), 170 D.L.R. (4th) 344, (B.C.C.A.)\""}]"",
    ""jurisdictionId"": ""unspecified"",
    ""citedCount"": 1
  }
]"
https://synthetic.leread.ca/silver/G0324,"[
  {
    ""id"": ""silver-G0324"",
    ""docType"": ""DECISION"",
    ""path"": ""/synthetic/silver/G0324"",
    ""docTitle"": ""Campeau Corp. v. City of Calgary"",
    ""autoCompletions"": ""[{\""type\"":\""MAIN_TITLE\"",\""text\"":\""Campeau Corp. v. City of Calgary\""},{\""type\"":\""DECISION_ALTERNATE_TITLE\"",\""text\"":\""Campeau Corp.\""},{\""type\"":\""DECISION_ALTERNATE_TITLE\"",\""text\"":\""City of Calgary\""},{\""type\"":\""DECISION_OTHER_REFERENCES\"",\""text\"":\""(1978), 12 A.R. 31 (C.A.)\""}]"",
    ""jurisdictionId"": ""unspecified"",
    ""citedCount"": 1
  }
]"
https://synthetic.leread.ca/silver/G0325,"[
  {
    ""id"": ""silver-G0325"",
    ""docType"": ""DECISION"",
    ""path"": ""/synthetic/silver/G0325"",
    ""docTitle"": ""Cardinal v. Director of Kent Institution"",
    ""autoCompletions"": ""[{\""type\"":\""MAIN_TITLE\"",\""text\"":\""Cardinal v. Director of Kent Institution\""},{\""type\"":\""DECISION_ALTERNATE_TITLE\"",\""text\"":\""Cardinal\""},{\""type\"":\""DECISION_ALTERNATE_TITLE\"",\""text\"":\""Director of Kent Institution\""},{\""type\"":\""DECISION_OTHER_REFERENCES\"",\""text\"":\""[1985] 2 S.C.R. 643\""}]"",
    ""jurisdictionId"": ""unspecified"",
    ""citedCount"": 1
  }
]"
https://synthetic.leread.ca/silver/G0328,"[
  {
    ""id"": ""silver-G0328"",
    ""docType"": ""DECISION"",
    ""path"": ""/synthetic/silver/G0328"",
    ""docTitle"": ""Eldridge v. British Columbia (Attorney General)"",
    ""autoCompletions"": ""[{\""type\"":\""MAIN_TITLE\"",\""text\"":\""Eldridge v. British Columbia (Attorney General)\""},{\""type\"":\""DECISION_OTHER_REFERENCES\"",\""text\"":\""[1997] 3 S.C.R. 624\""}]"",
    ""jurisdictionId"": ""unspecified"",
    ""citedCount"": 1
  }
]"
https://synthetic.leread.ca/silver/G0329,"[
  {
    ""id"": ""silver-G0329"",
    ""docType"": ""DECISION"",
    ""path"": ""/synthetic/silver/G0329"",
    ""docTitle"": ""General Motors of Canada Ltd. v. City National Leasing"",
    ""autoCompletions"": ""[{\""type\"":\""MAIN_TITLE\"",\""text\"":\""General Motors of Canada Ltd. v. City National Leasing\""},{\""type\"":\""DECISION_OTHER_REFERENCES\"",\""text\"":\""[1989] 1 S.C.R. 641\""}]"",
    ""jurisdictionId"": ""unspecified"",
    ""citedCount"": 1
  }
]"
https://synthetic.leread.ca/silver/G0330,"[
  {
    ""id"": ""silver-G0330"",
    ""docType"": ""DECISION"",
    ""path"": ""/synthetic/silver/G0330"",
    ""docTitle"": ""Gonzalez et al. v. Alberta (Driver Control Board)"",
    ""autoCompletions"": ""[{\""type\"":\""MAIN_TITLE\"",\""text\"":\""Gonzalez et al. v. Alberta (Driver Control Board)\""},{\""type\"":\""DECISION_ALTERNATE_TITLE\"",\""text\"":\""Alberta (Driver Control Board)\""},{\""type\"":\""DECISION_ALTERNATE_TITLE\"",\""text\"":\""Gonzalez\""},{\""type\"":\""DECISION_ALTERNATE_TITLE\"",\""text\"":\""Gonzalez et al.\""},{\""type\"":\""DECISION_OTHER_REFERENCES\"",\""text\"":\""[2001] 11 W.W.R. 628\""}]"",
    ""jurisdictionId"": ""unspecified"",
    ""citedCount"": 2
  }
]"
https://synthetic.leread.ca/silver/G0332,"[
  {
    ""id"": ""silver-G0332"",
    ""docType"": ""DECISION"",
    ""path"": ""/synthetic/silver/G0332"",
    ""docTitle"": ""Horsefield v. Ontario (Registrar of Motor Vehicles)"",
    ""autoCompletions"": ""[{\""type\"":\""MAIN_TITLE\"",\""text\"":\""Horsefield v. Ontario (Registrar of Motor Vehicles)\""},{\""type\"":\""DECISION_ALTERNATE_TITLE\"",\""text\"":\""Horsefield\""},{\""type\"":\""DECISION_ALTERNATE_TITLE\"",\""text\"":\""Ontario (Registrar of Motor Vehicles)\""},{\""type\"":\""DECISION_OTHER_REFERENCES\"",\""text\"":\""(1999), 172 D.L.R. (4th) 43\""},{\""type\"":\""DECISION_OTHER_REFERENCES\"",\""text\"":\""(Ont. C.A.)\""}]"",
    ""jurisdictionId"": ""unspecified"",
    ""citedCount"": 2
  }
]"
https://synthetic.leread.ca/silver/G0333,"[
  {
    ""id"": ""silver-G0333"",
    ""docType"": ""DECISION"",
    ""path"": ""/synthetic/silver/G0333"",
    ""docTitle"": ""Little Sisters Book and Art Emporium v. Canada (Minister of Justice)"",
    ""autoCompletions"": ""[{\""type\"":\""MAIN_TITLE\"",\""text\"":\""Little Sisters Book and Art Emporium v. Canada (Minister of Justice)\""},{\""type\"":\""DECISION_ALTERNATE_TITLE\"",\""text\"":\""Little Sisters\""},{\""type\"":\""DECISION_OTHER_REFERENCES\"",\""text\"":\""[2000] 2 S.C.R. 1120\""}]"",
    ""jurisdictionId"": ""unspecified"",
    ""citedCount"": 3
  }
]"
https://synthetic.leread.ca/silver/G0334,"[
  {
    ""id"": ""silver-G0334"",
    ""docType"": ""DECISION"",
    ""path"": ""/synthetic/silver/G0334"",
    ""docTitle"": ""Martineau v. Matsqui Institution Disciplinary Board (No. 2)"",
    ""autoCompletions"": ""[{\""type\"":\""MAIN_TITLE\"",\""text\"":\""Martineau v. Matsqui Institution Disciplinary Board (No. 2)\""},{\""type\"":\""DECISION_ALTERNATE_TITLE\"",\""text\"":\""Martineau\""},{\""type\"":\""DECISION_ALTERNATE_TITLE\"",\""text\"":\""Matsqui Institution Disciplinary Board (No. 2)\""},{\""type\"":\""DECISION_OTHER_REFERENCES\"",\""text\"":\""[1980] 1 S.C.R. 602\""}]"",
    ""jurisdictionId"": ""unspecified"",
    ""citedCount"": 1
  }
]"
https://synthetic.leread.ca/silver/G0335,"[
  {
    ""id"": ""silver-G0335"",
    ""docType"": ""DECISION"",
    ""path"": ""/synthetic/silver/G0335"",
    ""docTitle"": ""Mooring v. Canada (National Parole Board)"",
    ""autoCompletions"": ""[{\""type\"":\""MAIN_TITLE\"",\""text\"":\""Mooring v. Canada (National Parole Board)\""},{\""type\"":\""DECISION_ALTERNATE_TITLE\"",\""text\"":\""Canada (National Parole Board)\""},{\""type\"":\""DECISION_ALTERNATE_TITLE\"",\""text\"":\""Mooring\""},{\""type\"":\""DECISION_OTHER_REFERENCES\"",\""text\"":\""[1996] 1 S.C.R. 75\""}]"",
    ""jurisdictionId"": ""unspecified"",
    ""citedCount"": 3
  }
]"
https://synthetic.leread.ca/silver/G0336,"[
  {
    ""id"": ""silver-G0336"",
    ""docType"": ""LEGISLATION"",
    ""path"": ""/synthetic/silver/G0336"",
    ""docTitle"": ""Motor Transport Act"",
    ""autoCompletions"": ""[{\""type\"":\""MAIN_TITLE\"",\""text\"":\""Motor Transport Act\""}]"",
    ""jurisdictionId"": ""unspecified"",
    ""citedCount"": 1
  }
]"
https://synthetic.leread.ca/silver/G0337,"[
  {
    ""id"": ""silver-G0337"",
    ""docType"": ""LEGISLATION"",
    ""path"": ""/synthetic/silver/G0337"",
    ""docTitle"": ""Motor Vehicle Administration Act"",
    ""autoCompletions"": ""[{\""type\"":\""MAIN_TITLE\"",\""text\"":\""Motor Vehicle Administration Act\""}]"",
    ""jurisdictionId"": ""unspecified"",
    ""citedCount"": 1
  }
]"
https://synthetic.leread.ca/silver/G0338,"[
  {
    ""id"": ""silver-G0338"",
    ""docType"": ""DECISION"",
    ""path"": ""/synthetic/silver/G0338"",
    ""docTitle"": ""Nicholson v. Haldimand-Norfolk Regional Board of Commissioners of Police"",
    ""autoCompletions"": ""[{\""type\"":\""MAIN_TITLE\"",\""text\"":\""Nicholson v. Haldimand-Norfolk Regional Board of Commissioners of Police\""},{\""type\"":\""DECISION_ALTERNATE_TITLE\"",\""text\"":\""Haldimand‑Norfolk Regional Board of Commissioners of Police\""},{\""type\"":\""DECISION_ALTERNATE_TITLE\"",\""text\"":\""Nicholson\""},{\""type\"":\""DECISION_OTHER_REFERENCES\"",\""text\"":\""(1978), 88 D.L.R. (3d) 671\""},{\""type\"":\""DECISION_OTHER_REFERENCES\"",\""text\"":\""[1979] 1 S.C.R. 311\""}]"",
    ""jurisdictionId"": ""unspecified"",
    ""citedCount"": 4
  }
]"
https://synthetic.leread.ca/silver/G0339,"[
  {
    ""id"": ""silver-G0339"",
    ""docType"": ""DECISION"",
    ""path"": ""/synthetic/silver/G0339"",
    ""docTitle"": ""Nova Scotia (Attorney General) v. Selig"",
    ""autoCompletions"": ""[{\""type\"":\""MAIN_TITLE\"",\""text\"":\""Nova Scotia (Attorney General) v. Selig\""},{\""type\"":\""DECISION_OTHER_REFERENCES\"",\""text\"":\""(1996), 141 D.L.R. (4<sup>th</sup>) 462\""}]"",
    ""jurisdictionId"": ""unspecified"",
    ""citedCount"": 1
  }
]"
https://synthetic.leread.ca/silver/G0340,"[
  {
    ""id"": ""silver-G0340"",
    ""docType"": ""DECISION"",
    ""path"": ""/synthetic/silver/G0340"",
    ""docTitle"": ""Provincial Secretary of Prince Edward Island v. Egan"",
    ""autoCompletions"": ""[{\""type\"":\""MAIN_TITLE\"",\""text\"":\""Provincial Secretary of Prince Edward Island v. Egan\""},{\""type\"":\""DECISION_ALTERNATE_TITLE\"",\""text\"":\""Egan\""},{\""type\"":\""DECISION_OTHER_REFERENCES\"",\""text\"":\""[1941] S.C.R. 396\""}]"",
    ""jurisdictionId"": ""unspecified"",
    ""citedCount"": 2
  }
]"
https://synthetic.leread.ca/silver/G0341,"[
  {
    ""id"": ""silver-G0341"",
    ""docType"": ""DECISION"",
    ""path"": ""/synthetic/silver/G0341"",
    ""docTitle"": ""R. v. Leclair"",
    ""autoCompletions"": ""[{\""type\"":\""MAIN_TITLE\"",\""text\"":\""R. v. Leclair\""},{\""type\"":\""DECISION_OTHER_REFERENCES\"",\""text\"":\""(1990), 67 Man. R. (2d) 265, (Q.B.)\""}]"",
    ""jurisdictionId"": ""unspecified"",
    ""citedCount"": 1
  }
]"
https://synthetic.leread.ca/silver/G0342,"[
  {
    ""id"": ""silver-G0342"",
    ""docType"": ""DECISION"",
    ""path"": ""/synthetic/silver/G0342"",
    ""docTitle"": ""R. v. MacCormack"",
    ""autoCompletions"": ""[{\""type\"":\""MAIN_TITLE\"",\""text\"":\""R. v. MacCormack\""},{\""type\"":\""DECISION_OTHER_REFERENCES\"",\""text\"":\""(1999), 180 Nfld. &amp; P.E.I.R. 314,(P.E.I. C.A.)\""}]"",
    ""jurisdictionId"": ""unspecified"",
    ""citedCount"": 1
  }
]"
https://synthetic.leread.ca/silver/G0343,"[
  {
    ""id"": ""silver-G0343"",
    ""docType"": ""DECISION"",
    ""path"": ""/synthetic/silver/G0343"",
    ""docTitle"": ""R. v. Morgentaler"",
    ""autoCompletions"": ""[{\""type\"":\""MAIN_TITLE\"",\""text\"":\""R. v. Morgentaler\""},{\""type\"":\""DECISION_OTHER_REFERENCES\"",\""text\"":\""[1993] 3 S.C.R. 463\""}]"",
    ""jurisdictionId"": ""unspecified"",
    ""citedCount"": 1
  }
]"
https://synthetic.leread.ca/silver/G0344,"[
  {
    ""id"": ""silver-G0344"",
    ""docType"": ""DECISION"",
    ""path"": ""/synthetic/silver/G0344"",
    ""docTitle"": ""R. v. Neale"",
    ""autoCompletions"": ""[{\""type\"":\""MAIN_TITLE\"",\""text\"":\""R. v. Neale\""},{\""type\"":\""DECISION_OTHER_REFERENCES\"",\""text\"":\""(1986), 28 C.C.C. (3d) 345\""}]"",
    ""jurisdictionId"": ""unspecified"",
    ""citedCount"": 2
  }
]"
https://synthetic.leread.ca/silver/G0345,"[
  {
    ""id"": ""silver-G0345"",
    ""docType"": ""DECISION"",
    ""path"": ""/synthetic/silver/G0345"",
    ""docTitle"": ""R. v. Wigglesworth"",
    ""autoCompletions"": ""[{\""type\"":\""MAIN_TITLE\"",\""text\"":\""R. v. Wigglesworth\""},{\""type\"":\""DECISION_OTHER_REFERENCES\"",\""text\"":\""[1987] 2 S.C.R. 541\""}]"",
    ""jurisdictionId"": ""unspecified"",
    ""citedCount"": 1
  }
]"
https://synthetic.leread.ca/silver/G0346,"[
  {
    ""id"": ""silver-G0346"",
    ""docType"": ""DECISION"",
    ""path"": ""/synthetic/silver/G0346"",
    ""docTitle"": ""Re Validity of Section 92(4) of the Vehicles Act, 1957 (Sask.)"",
    ""autoCompletions"": ""[{\""type\"":\""MAIN_TITLE\"",\""text\"":\""Re Validity of Section 92(4) of the Vehicles Act, 1957 (Sask.)\""},{\""type\"":\""DECISION_OTHER_REFERENCES\"",\""text\"":\""[1958] S.C.R. 608\""}]"",
    ""jurisdictionId"": ""unspecified"",
    ""citedCount"": 1
  }
]"
https://synthetic.leread.ca/silver/G0347,"[
  {
    ""id"": ""silver-G0347"",
    ""docType"": ""DECISION"",
    ""path"": ""/synthetic/silver/G0347"",
    ""docTitle"": ""Reference re Firearms Act (Canada)"",
    ""autoCompletions"": ""[{\""type\"":\""MAIN_TITLE\"",\""text\"":\""Reference re Firearms Act (Canada)\""},{\""type\"":\""DECISION_ALTERNATE_TITLE\"",\""text\"":\""Firearms Reference\""},{\""type\"":\""DECISION_OTHER_REFERENCES\"",\""text\"":\""[2000] 1 S.C.R. 783\""}]"",
    ""jurisdictionId"": ""unspecified"",
    ""citedCount"": 6
  }
]"
https://synthetic.leread.ca/silver/G0348,"[
  {
    ""id"": ""silver-G0348"",
    ""docType"": ""DECISION"",
    ""path"": ""/synthetic/silver/G0348"",
    ""docTitle"": ""Ross v. Registrar of Motor Vehicles"",
    ""autoCompletions"": ""[{\""type\"":\""MAIN_TITLE\"",\""text\"":\""Ross v. Registrar of Motor Vehicles\""},{\""type\"":\""DECISION_ALTERNATE_TITLE\"",\""text\"":\""Registrar of Motor Vehicles\""},{\""type\"":\""DECISION_ALTERNATE_TITLE\"",\""text\"":\""Ross\""},{\""type\"":\""DECISION_OTHER_REFERENCES\"",\""text\"":\""[1975] 1 S.C.R. 5\""}]"",
    ""jurisdictionId"": ""unspecified"",
    ""citedCount"": 1
  }
]"
https://synthetic.leread.ca/silver/G0350,"[
  {
    ""id"": ""silver-G0350"",
    ""docType"": ""DECISION"",
    ""path"": ""/synthetic/silver/G0350"",
    ""docTitle"": ""Thomson v. Canada"",
    ""autoCompletions"": ""[{\""type\"":\""MAIN_TITLE\"",\""text\"":\""Thomson v. Canada\""},{\""type\"":\""DECISION_ALTERNATE_TITLE\"",\""text\"":\""Thomson v\""}]"",
    ""jurisdictionId"": ""unspecified"",
    ""citedCount"": 1
  }
]"
https://synthetic.leread.ca/silver/G0351,"[
  {
    ""id"": ""silver-G0351"",
    ""docType"": ""LEGISLATION"",
    ""path"": ""/synthetic/silver/G0351"",
    ""docTitle"": ""Traffic Safety Act"",
    ""autoCompletions"": ""[{\""type\"":\""MAIN_TITLE\"",\""text\"":\""Traffic Safety Act\""},{\""type\"":\""LEGISLATION_ALTERNATE_TITLE\"",\""text\"":\""Act\""},{\""type\"":\""LEGISLATION_ALTERNATE_TITLE\"",\""text\"":\""Alberta Transportation Safety Board\""},{\""type\"":\""LEGISLATION_ALTERNATE_TITLE\"",\""text\"":\""Commercial Motor Transport\""},{\""type\"":\""LEGISLATION_ALTERNATE_TITLE\"",\""text\"":\""Disqualification from Driving\""},{\""type\"":\""LEGISLATION_ALTERNATE_TITLE\"",\""text\"":\""Enforcement, Rights, Remedies and Obligations\""},{\""type\"":\""LEGISLATION_ALTERNATE_TITLE\"",\""text\"":\""General Operation of Vehicles\""},{\""type\"":\""LEGISLATION_ALTERNATE_TITLE\"",\""text\"":\""Off-highway Vehicles\""},{\""type\"":\""LEGISLATION_ALTERNATE_TITLE\"",\""text\"":\""Schedule\""},{\""type\"":\""LEGISLATION_ALTERNATE_TITLE\"",\""text\"":\""Transitional Provisions and Consequential Amendments\""},{\""type\"":\""LEGISLATION_REFERENCE\"",\""text\"":\""Chapter T-6.4, Statutes of Alberta\""},{\""type\"":\""LEGISLATION_ALTERNATE_REFERENCE\"",\""text\"":\""S.A. 1999, c. T‑6.4\""}]"",
    ""jurisdictionId"": ""unspecified"",
    ""citedCount"": 34
  }
]"
https://synthetic.leread.ca/silver/G0352,"[
  {
    ""id"": ""silver-G0352"",
    ""docType"": ""DECISION"",
    ""path"": ""/synthetic/silver/G0352"",
    ""docTitle"": ""Weber v. Ontario Hydro"",
    ""autoCompletions"": ""[{\""type\"":\""MAIN_TITLE\"",\""text\"":\""Weber v. Ontario Hydro\""},{\""type\"":\""DECISION_ALTERNATE_TITLE\"",\""text\"":\""Ontario Hydro\""},{\""type\"":\""DECISION_ALTERNATE_TITLE\"",\""text\"":\""Weber\""},{\""type\"":\""DECISION_OTHER_REFERENCES\"",\""text\"":\""[1995] 2 S.C.R. 929\""}]"",
    ""jurisdictionId"": ""unspecified"",
    ""citedCount"": 1
  }
]"
https://synthetic.leread.ca/silver/G0353,"[
  {
    ""id"": ""silver-G0353"",
    ""docType"": ""DECISION"",
    ""path"": ""/synthetic/silver/G0353"",
    ""docTitle"": ""White v. Nova Scotia (Registrar of Motor Vehicles)"",
    ""autoCompletions"": ""[{\""type\"":\""MAIN_TITLE\"",\""text\"":\""White v. Nova Scotia (Registrar of Motor Vehicles)\""},{\""type\"":\""DECISION_ALTERNATE_TITLE\"",\""text\"":\""Nova Scotia (Registrar of Motor Vehicles)\""},{\""type\"":\""DECISION_ALTERNATE_TITLE\"",\""text\"":\""White\""},{\""type\"":\""DECISION_OTHER_REFERENCES\"",\""text\"":\""(1996), 147 N.S.R. (2d) 259\""},{\""type\"":\""DECISION_OTHER_REFERENCES\"",\""text\"":\""May 27, 1996, No. C.A. 124997 (N.S.C.A.)\""}]"",
    ""jurisdictionId"": ""unspecified"",
    ""citedCount"": 2
  }
]"
https://synthetic.leread.ca/silver/G0354,"[
  {
    ""id"": ""silver-G0354"",
    ""docType"": ""DECISION"",
    ""path"": ""/synthetic/silver/G0354"",
    ""docTitle"": ""Willock v. British Columbia (Superintendent of Motor Vehicles)"",
    ""autoCompletions"": ""[{\""type\"":\""MAIN_TITLE\"",\""text\"":\""Willock v. British Columbia (Superintendent of Motor Vehicles)\""},{\""type\"":\""DECISION_ALTERNATE_TITLE\"",\""text\"":\""British Columbia (Superintendent of Motor Vehicles)\""},{\""type\"":\""DECISION_ALTERNATE_TITLE\"",\""text\"":\""Willock\""},{\""type\"":\""DECISION_OTHER_REFERENCES\"",\""text\"":\""(2000), 23 Admin.L.R. (3d) 111 (B.C.S.C.)\""}]"",
    ""jurisdictionId"": ""unspecified"",
    ""citedCount"": 1
  }
]"
https://synthetic.leread.ca/silver/G0355,"[
  {
    ""id"": ""silver-G0355"",
    ""docType"": ""DECISION"",
    ""path"": ""/synthetic/silver/G0355"",
    ""docTitle"": ""Yehia v. Alberta (Solicitor General)"",
    ""autoCompletions"": ""[{\""type\"":\""MAIN_TITLE\"",\""text\"":\""Yehia v. Alberta (Solicitor General)\""},{\""type\"":\""DECISION_OTHER_REFERENCES\"",\""text\"":\""(1992), 40 M.V.R. (2d) 57\""}]"",
    ""jurisdictionId"": ""unspecified"",
    ""citedCount"": 2
  }
]"
https://synthetic.leread.ca/silver/G0356,"[
  {
    ""id"": ""silver-G0356"",
    ""docType"": ""DECISION"",
    ""path"": ""/synthetic/silver/G0356"",
    ""docTitle"": ""A. Lassonde & Fils Inc. v. Imperial Tobacco Ltd."",
    ""autoCompletions"": ""[{\""type\"":\""MAIN_TITLE\"",\""text\"":\""A. Lassonde & Fils Inc. v. Imperial Tobacco Ltd.\""},{\""type\"":\""DECISION_ALTERNATE_TITLE\"",\""text\"":\""A. Lassonde &amp; Fils Inc. v. Imperial Tobacco Ltd.\""},{\""type\"":\""DECISION_OTHER_REFERENCES\"",\""text\"":\""(1987), 12 F.T.R. 231\""}]"",
    ""jurisdictionId"": ""unspecified"",
    ""citedCount"": 1
  }
]"
https://synthetic.leread.ca/silver/G0357,"[
  {
    ""id"": ""silver-G0357"",
    ""docType"": ""DECISION"",
    ""path"": ""/synthetic/silver/G0357"",
    ""docTitle"": ""A. Lassonde Inc. v. Canada (Registrar of Trade-marks)"",
    ""autoCompletions"": ""[{\""type\"":\""MAIN_TITLE\"",\""text\"":\""A. Lassonde Inc. v. Canada (Registrar of Trade-marks)\""},{\""type\"":\""DECISION_OTHER_REFERENCES\"",\""text\"":\""(2000), 180 F.T.R. 177\""}]"",
    ""jurisdictionId"": ""unspecified"",
    ""citedCount"": 1
  }
]"
https://synthetic.leread.ca/silver/G0358,"[
  {
    ""id"": ""silver-G0358"",
    ""docType"": ""DECISION"",
    ""path"": ""/synthetic/silver/G0358"",
    ""docTitle"": ""Alfred Grass Gesellschaft m.b.H. Metallwarenfabrik v. Grant Industries Inc."",
    ""autoCompletions"": ""[{\""type\"":\""MAIN_TITLE\"",\""text\"":\""Alfred Grass Gesellschaft m.b.H. Metallwarenfabrik v. Grant Industries Inc.\""},{\""type\"":\""DECISION_OTHER_REFERENCES\"",\""text\"":\""(1991), 47 F.T.R. 231\""}]"",
    ""jurisdictionId"": ""unspecified"",
    ""citedCount"": 1
  }
]"
https://synthetic.leread.ca/silver/G0359,"[
  {
    ""id"": ""silver-G0359"",
    ""docType"": ""DECISION"",
    ""path"": ""/synthetic/silver/G0359"",
    ""docTitle"": ""American Cyanamid Co. v. Record Chemical Co."",
    ""autoCompletions"": ""[{\""type\"":\""MAIN_TITLE\"",\""text\"":\""American Cyanamid Co. v. Record Chemical Co.\""},{\""type\"":\""DECISION_OTHER_REFERENCES\"",\""text\"":\""[1972] F.C.1271\""}]"",
    ""jurisdictionId"": ""unspecified"",
    ""citedCount"": 1
  }
]"
https://synthetic.leread.ca/silver/G0360,"[
  {
    ""id"": ""silver-G0360"",
    ""docType"": ""DECISION"",
    ""path"": ""/synthetic/silver/G0360"",
    ""docTitle"": ""Anheuser-Busch Inc. v. John Labatt Ltd."",
    ""autoCompletions"": ""[{\""type\"":\""MAIN_TITLE\"",\""text\"":\""Anheuser-Busch Inc. v. John Labatt Ltd.\""},{\""type\"":\""DECISION_OTHER_REFERENCES\"",\""text\"":\""(2001), 14 C.P.R. (4<sup>th</sup>) 548\""}]"",
    ""jurisdictionId"": ""unspecified"",
    ""citedCount"": 1
  }
]"
https://synthetic.leread.ca/silver/G0361,"[
  {
    ""id"": ""silver-G0361"",
    ""docType"": ""DECISION"",
    ""path"": ""/synthetic/silver/G0361"",
    ""docTitle"": ""Bagagerie S.A. v. Bagagerie Willy Ltée"",
    ""autoCompletions"": ""[{\""type\"":\""MAIN_TITLE\"",\""text\"":\""Bagagerie S.A. v. Bagagerie Willy Ltée\""},{\""type\"":\""DECISION_OTHER_REFERENCES\"",\""text\"":\""(1992), 97 D.L.R. (4<sup>th</sup>) 684\""}]"",
    ""jurisdictionId"": ""unspecified"",
    ""citedCount"": 1
  }
]"
https://synthetic.leread.ca/silver/G0362,"[
  {
    ""id"": ""silver-G0362"",
    ""docType"": ""DECISION"",
    ""path"": ""/synthetic/silver/G0362"",
    ""docTitle"": ""Bank of Montreal v. Merrill Lynch & Co"",
    ""autoCompletions"": ""[{\""type\"":\""MAIN_TITLE\"",\""text\"":\""Bank of Montreal v. Merrill Lynch & Co\""},{\""type\"":\""DECISION_ALTERNATE_TITLE\"",\""text\"":\""Bank of Montreal v. Merrill Lynch &amp; Co\""},{\""type\"":\""DECISION_ALTERNATE_TITLE\"",\""text\"":\""Merrill Lynch &amp; Co. v. Bank of Montreal\""},{\""type\"":\""DECISION_OTHER_REFERENCES\"",\""text\"":\""(1996), 66 C.P.R. (3d) 150\""},{\""type\"":\""DECISION_OTHER_REFERENCES\"",\""text\"":\""(1997), 84 C.P.R. (3d) 262\""}]"",
    ""jurisdictionId"": ""unspecified"",
    ""citedCount"": 2
  }
]"
https://synthetic.leread.ca/silver/G0363,"[
  {
    ""id"": ""silver-G0363"",
    ""docType"": ""DECISION"",
    ""path"": ""/synthetic/silver/G0363"",
    ""docTitle"": ""Bank of Montreal v. Midland Walwyn Capital Inc."",
    ""autoCompletions"": ""[{\""type\"":\""MAIN_TITLE\"",\""text\"":\""Bank of Montreal v. Midland Walwyn Capital Inc.\""},{\""type\"":\""DECISION_OTHER_REFERENCES\"",\""text\"":\""(1998), 86 C.P.R. (3d) 555\""}]"",
    ""jurisdictionId"": ""unspecified"",
    ""citedCount"": 1
  }
]"
https://synthetic.leread.ca/silver/G0364,"[
  {
    ""id"": ""silver-G0364"",
    ""docType"": ""DECISION"",
    ""path"": ""/synthetic/silver/G0364"",
    ""docTitle"": ""Berry Bros. & Rudd Ltd. v. Planta Tabak-Manufactur Dr. Manfred Obermann"",
    ""autoCompletions"": ""[{\""type\"":\""MAIN_TITLE\"",\""text\"":\""Berry Bros. & Rudd Ltd. v. Planta Tabak-Manufactur Dr. Manfred Obermann\""},{\""type\"":\""DECISION_ALTERNATE_TITLE\"",\""text\"":\""Berry Bros. &amp; Rudd Ltd. v. Planta Tabak-Manufactur Dr. Manfred Obermann\""},{\""type\"":\""DECISION_OTHER_REFERENCES\"",\""text\"":\""(1980), 53 C.P.R. (2d) 130\""}]"",
    ""jurisdictionId"": ""unspecified"",
    ""citedCount"": 1
  }
]"
https://synthetic.leread.ca/silver/G0365,"[
  {
    ""id"": ""silver-G0365"",
    ""docType"": ""DECISION"",
    ""path"": ""/synthetic/silver/G0365"",
    ""docTitle"": ""Black v. Molson Canada"",
    ""autoCompletions"": ""[{\""type\"":\""MAIN_TITLE\"",\""text\"":\""Black v. Molson Canada\""},{\""type\"":\""DECISION_OTHER_REFERENCES\"",\""text\"":\""[2002] O.J. No. 2820\""}]"",
    ""jurisdictionId"": ""unspecified"",
    ""citedCount"": 1
  }
]"
https://synthetic.leread.ca/silver/G0367,"[
  {
    ""id"": ""silver-G0367"",
    ""docType"": ""DECISION"",
    ""path"": ""/synthetic/silver/G0367"",
    ""docTitle"": ""Brûlerie Des Monts Inc. v. 3002462 Canada Inc"",
    ""autoCompletions"": ""[{\""type\"":\""MAIN_TITLE\"",\""text\"":\""Brûlerie Des Monts Inc. v. 3002462 Canada Inc\""},{\""type\"":\""DECISION_OTHER_REFERENCES\"",\""text\"":\""(1997), 132 F.T.R. 150\""}]"",
    ""jurisdictionId"": ""unspecified"",
    ""citedCount"": 1
  }
]"
https://synthetic.leread.ca/silver/G0368,"[
  {
    ""id"": ""silver-G0368"",
    ""docType"": ""DECISION"",
    ""path"": ""/synthetic/silver/G0368"",
    ""docTitle"": ""Canadian Bankers Association v. Northwest Bancorporation"",
    ""autoCompletions"": ""[{\""type\"":\""MAIN_TITLE\"",\""text\"":\""Canadian Bankers Association v. Northwest Bancorporation\""},{\""type\"":\""DECISION_OTHER_REFERENCES\"",\""text\"":\""(1979), 50 C.P.R. (2d) 113\""}]"",
    ""jurisdictionId"": ""unspecified"",
    ""citedCount"": 1
  }
]"
https://synthetic.leread.ca/silver/G0369,"[
  {
    ""id"": ""silver-G0369"",
    ""docType"": ""DECISION"",
    ""path"": ""/synthetic/silver/G0369"",
    ""docTitle"": ""Canadian Council of Professional Engineers v. APA - Engineered Wood Assn."",
    ""autoCompletions"": ""[{\""type\"":\""MAIN_TITLE\"",\""text\"":\""Canadian Council of Professional Engineers v. APA - Engineered Wood Assn.\""},{\""type\"":\""DECISION_OTHER_REFERENCES\"",\""text\"":\""(2000), 184 F.T.R. 55\""}]"",
    ""jurisdictionId"": ""unspecified"",
    ""citedCount"": 1
  }
]"
https://synthetic.leread.ca/silver/G0370,"[
  {
    ""id"": ""silver-G0370"",
    ""docType"": ""DOCTRINE"",
    ""path"": ""/synthetic/silver/G0370"",
    ""docTitle"": ""Canadian Criminal Cases"",
    ""autoCompletions"": ""[{\""type\"":\""MAIN_TITLE\"",\""text\"":\""Canadian Criminal Cases\""},{\""type\"":\""MAIN_TITLE\"",\""text\"":\""C.C.C.\""}]"",
    ""jurisdictionId"": ""unspecified"",
    ""citedCount"": 1
  }
]"
https://synthetic.leread.ca/silver/G0371,"[
  {
    ""id"": ""silver-G0371"",
    ""docType"": ""DOCTRINE"",
    ""path"": ""/synthetic/silver/G0371"",
    ""docTitle"": ""Canadian Internet Handbook"",
    ""autoCompletions"": ""[{\""type\"":\""MAIN_TITLE\"",\""text\"":\""Canadian Internet Handbook\""}]"",
    ""jurisdictionId"": ""unspecified"",
    ""citedCount"": 2
  }
]"
https://synthetic.leread.ca/silver/G0372,"[
  {
    ""id"": ""silver-G0372"",
    ""docType"": ""DECISION"",
    ""path"": ""/synthetic/silver/G0372"",
    ""docTitle"": ""Carling Breweries Limited v. Molson Companies Limited and Registrar of Trade Marks"",
    ""autoCompletions"": ""[{\""type\"":\""MAIN_TITLE\"",\""text\"":\""Carling Breweries Limited v. Molson Companies Limited and Registrar of Trade Marks\""},{\""type\"":\""DECISION_OTHER_REFERENCES\"",\""text\"":\""[1984] 2 F.C. 920\""}]"",
    ""jurisdictionId"": ""unspecified"",
    ""citedCount"": 1
  }
]"
https://synthetic.leread.ca/silver/G0373,"[
  {
    ""id"": ""silver-G0373"",
    ""docType"": ""DECISION"",
    ""path"": ""/synthetic/silver/G0373"",
    ""docTitle"": ""Carson v. Reynolds"",
    ""autoCompletions"": ""[{\""type\"":\""MAIN_TITLE\"",\""text\"":\""Carson v. Reynolds\""},{\""type\"":\""DECISION_OTHER_REFERENCES\"",\""text\"":\""[1980] 2 F.C. 685\""}]"",
    ""jurisdictionId"": ""unspecified"",
    ""citedCount"": 1
  }
]"
https://synthetic.leread.ca/silver/G0374,"[
  {
    ""id"": ""silver-G0374"",
    ""docType"": ""DOCTRINE"",
    ""path"": ""/synthetic/silver/G0374"",
    ""docTitle"": ""Carswell on Evidence"",
    ""autoCompletions"": ""[{\""type\"":\""MAIN_TITLE\"",\""text\"":\""Carswell on Evidence\""},{\""type\"":\""MAIN_TITLE\"",\""text\"":\""Carswell\""}]"",
    ""jurisdictionId"": ""unspecified"",
    ""citedCount"": 1
  }
]"
https://synthetic.leread.ca/silver/G0375,"[
  {
    ""id"": ""silver-G0375"",
    ""docType"": ""DECISION"",
    ""path"": ""/synthetic/silver/G0375"",
    ""docTitle"": ""Ciba-Geigy Canada Ltd. v. Apotex Inc."",
    ""autoCompletions"": ""[{\""type\"":\""MAIN_TITLE\"",\""text\"":\""Ciba-Geigy Canada Ltd. v. Apotex Inc.\""},{\""type\"":\""DECISION_OTHER_REFERENCES\"",\""text\"":\""[1992] 3 S.C.R. 120\""}]"",
    ""jurisdictionId"": ""unspecified"",
    ""citedCount"": 1
  }
]"
https://synthetic.leread.ca/silver/G0376,"[
  {
    ""id"": ""silver-G0376"",
    ""docType"": ""DECISION"",
    ""path"": ""/synthetic/silver/G0376"",
    ""docTitle"": ""Clairol International v. Thomas Supply & Equipment Co."",
    ""autoCompletions"": ""[{\""type\"":\""MAIN_TITLE\"",\""text\"":\""Clairol International v. Thomas Supply & Equipment Co.\""},{\""type\"":\""DECISION_ALTERNATE_TITLE\"",\""text\"":\""Clairol International v. Thomas Supply &amp; Equipment Co.,\""},{\""type\"":\""DECISION_OTHER_REFERENCES\"",\""text\"":\""[1968] 2 Ex. C.R. 552\""}]"",
    ""jurisdictionId"": ""unspecified"",
    ""citedCount"": 1
  }
]"
https://synthetic.leread.ca/silver/G0377,"[
  {
    ""id"": ""silver-G0377"",
    ""docType"": ""DECISION"",
    ""path"": ""/synthetic/silver/G0377"",
    ""docTitle"": ""Conde Nast Publications v. Union des Editions Modernes"",
    ""autoCompletions"": ""[{\""type\"":\""MAIN_TITLE\"",\""text\"":\""Conde Nast Publications v. Union des Editions Modernes\""},{\""type\"":\""DECISION_OTHER_REFERENCES\"",\""text\"":\""[1979] F.C.J. No. 801 (Q.L.)\""}]"",
    ""jurisdictionId"": ""unspecified"",
    ""citedCount"": 1
  }
]"
https://synthetic.leread.ca/silver/G0378,"[
  {
    ""id"": ""silver-G0378"",
    ""docType"": ""DECISION"",
    ""path"": ""/synthetic/silver/G0378"",
    ""docTitle"": ""Consorzio del Prosciutto di Parma v. Maple Leaf Meats Inc."",
    ""autoCompletions"": ""[{\""type\"":\""MAIN_TITLE\"",\""text\"":\""Consorzio del Prosciutto di Parma v. Maple Leaf Meats Inc.\""},{\""type\"":\""DECISION_ALTERNATE_TITLE\"",\""text\"":\""Consorzio\""},{\""type\"":\""DECISION_OTHER_REFERENCES\"",\""text\"":\""[2001] 2 F.C. 536\""}]"",
    ""jurisdictionId"": ""unspecified"",
    ""citedCount"": 5
  }
]"
https://synthetic.leread.ca/silver/G0379,"[
  {
    ""id"": ""silver-G0379"",
    ""docType"": ""DECISION"",
    ""path"": ""/synthetic/silver/G0379"",
    ""docTitle"": ""Cornell Trading Ltd. v. Saan Stores Ltd."",
    ""autoCompletions"": ""[{\""type\"":\""MAIN_TITLE\"",\""text\"":\""Cornell Trading Ltd. v. Saan Stores Ltd.\""},{\""type\"":\""DECISION_OTHER_REFERENCES\"",\""text\"":\""(2000), 185 F.T.R. 198\""}]"",
    ""jurisdictionId"": ""unspecified"",
    ""citedCount"": 1
  }
]"
https://synthetic.leread.ca/silver/G0380,"[
  {
    ""id"": ""silver-G0380"",
    ""docType"": ""DECISION"",
    ""path"": ""/synthetic/silver/G0380"",
    ""docTitle"": ""Culinar Inc. v. Gestion Charaine Inc. et al"",
    ""autoCompletions"": ""[{\""type\"":\""MAIN_TITLE\"",\""text\"":\""Culinar Inc. v. Gestion Charaine Inc. et al\""},{\""type\"":\""DECISION_OTHER_REFERENCES\"",\""text\"":\""(1987), 16 F.T.R. 202\""}]"",
    ""jurisdictionId"": ""unspecified"",
    ""citedCount"": 1
  }
]"
https://synthetic.leread.ca/silver/G0381,"[
  {
    ""id"": ""silver-G0381"",
    ""docType"": ""DECISION"",
    ""path"": ""/synthetic/silver/G0381"",
    ""docTitle"": ""Drackett Co. of Canada v. American Home Products Corp"",
    ""autoCompletions"": ""[{\""type\"":\""MAIN_TITLE\"",\""text\"":\""Drackett Co. of Canada v. American Home Products Corp\""},{\""type\"":\""DECISION_OTHER_REFERENCES\"",\""text\"":\""(1968), 55 C.P.R. 29\""}]"",
    ""jurisdictionId"": ""unspecified"",
    ""citedCount"": 1
  }
]"
https://synthetic.leread.ca/silver/G0382,"[
  {
    ""id"": ""silver-G0382"",
    ""docType"": ""DECISION"",
    ""path"": ""/synthetic/silver/G0382"",
    ""docTitle"": ""Eye Masters Ltd. v. Ross King Holdings Ltd."",
    ""autoCompletions"": ""[{\""type\"":\""MAIN_TITLE\"",\""text\"":\""Eye Masters Ltd. v. Ross King Holdings Ltd.\""},{\""type\"":\""DECISION_ALTERNATE_TITLE\"",\""text\"":\""Eye Master's\""},{\""type\"":\""DECISION_OTHER_REFERENCES\"",\""text\"":\""[1992] 3 F.C. 625\""}]"",
    ""jurisdictionId"": ""unspecified"",
    ""citedCount"": 2
  }
]"
https://synthetic.leread.ca/silver/G0383,"[
  {
    ""id"": ""silver-G0383"",
    ""docType"": ""DECISION"",
    ""path"": ""/synthetic/silver/G0383"",
    ""docTitle"": ""Fonorola, Inc. v. Motorola, Inc."",
    ""autoCompletions"": ""[{\""type\"":\""MAIN_TITLE\"",\""text\"":\""Fonorola, Inc. v. Motorola, Inc.\""},{\""type\"":\""DECISION_OTHER_REFERENCES\"",\""text\"":\""(1998), 144 F.T.R. 97\""}]"",
    ""jurisdictionId"": ""unspecified"",
    ""citedCount"": 1
  }
]"
https://synthetic.leread.ca/silver/G0384,"[
  {
    ""id"": ""silver-G0384"",
    ""docType"": ""DECISION"",
    ""path"": ""/synthetic/silver/G0384"",
    ""docTitle"": ""GSW Ltd. v. Great West Steel Industries"",
    ""autoCompletions"": ""[{\""type\"":\""MAIN_TITLE\"",\""text\"":\""GSW Ltd. v. Great West Steel Industries\""},{\""type\"":\""DECISION_OTHER_REFERENCES\"",\""text\"":\""(1975), 22 C.P.R. (2d) 154\""}]"",
    ""jurisdictionId"": ""unspecified"",
    ""citedCount"": 1
  }
]"
https://synthetic.leread.ca/silver/G0385,"[
  {
    ""id"": ""silver-G0385"",
    ""docType"": ""DECISION"",
    ""path"": ""/synthetic/silver/G0385"",
    ""docTitle"": ""Garbo Garbo Inc. v. Harriet Brown & Co"",
    ""autoCompletions"": ""[{\""type\"":\""MAIN_TITLE\"",\""text\"":\""Garbo Garbo Inc. v. Harriet Brown & Co\""},{\""type\"":\""DECISION_ALTERNATE_TITLE\"",\""text\"":\""Garbo Garbo Inc. v. Harriet Brown &amp; Co\""},{\""type\"":\""DECISION_OTHER_REFERENCES\"",\""text\"":\""(1999), 176 F.T.R. 80\""}]"",
    ""jurisdictionId"": ""unspecified"",
    ""citedCount"": 1
  }
]"
https://synthetic.leread.ca/silver/G0386,"[
  {
    ""id"": ""silver-G0386"",
    ""docType"": ""DECISION"",
    ""path"": ""/synthetic/silver/G0386"",
    ""docTitle"": ""General Motors Corporation v. Bellows"",
    ""autoCompletions"": ""[{\""type\"":\""MAIN_TITLE\"",\""text\"":\""General Motors Corporation v. Bellows\""},{\""type\"":\""DECISION_OTHER_REFERENCES\"",\""text\"":\""[1949] S.C.R. 678\""}]"",
    ""jurisdictionId"": ""unspecified"",
    ""citedCount"": 1
  }
]"
https://synthetic.leread.ca/silver/G0387,"[
  {
    ""id"": ""silver-G0387"",
    ""docType"": ""DECISION"",
    ""path"": ""/synthetic/silver/G0387"",
    ""docTitle"": ""Horn Abbot Ltd. v. Thurston Hayes Development Ltd."",
    ""autoCompletions"": ""[{\""type\"":\""MAIN_TITLE\"",\""text\"":\""Horn Abbot Ltd. v. Thurston Hayes Development Ltd.\""},{\""type\"":\""DECISION_OTHER_REFERENCES\"",\""text\"":\""(1997), 137 F.T.R. 206\""}]"",
    ""jurisdictionId"": ""unspecified"",
    ""citedCount"": 1
  }
]"
https://synthetic.leread.ca/silver/G0388,"[
  {
    ""id"": ""silver-G0388"",
    ""docType"": ""DECISION"",
    ""path"": ""/synthetic/silver/G0388"",
    ""docTitle"": ""Ikea Ltd./Idea Ltée v. Idea Design Ltd."",
    ""autoCompletions"": ""[{\""type\"":\""MAIN_TITLE\"",\""text\"":\""Ikea Ltd./Idea Ltée v. Idea Design Ltd.\""},{\""type\"":\""DECISION_OTHER_REFERENCES\"",\""text\"":\""(1987), 8 F.T.R. 215\""}]"",
    ""jurisdictionId"": ""unspecified"",
    ""citedCount"": 1
  }
]"
https://synthetic.leread.ca/silver/G0389,"[
  {
    ""id"": ""silver-G0389"",
    ""docType"": ""DECISION"",
    ""path"": ""/synthetic/silver/G0389"",
    ""docTitle"": ""Jercity Franchises Ltd. v. Foord"",
    ""autoCompletions"": ""[{\""type\"":\""MAIN_TITLE\"",\""text\"":\""Jercity Franchises Ltd. v. Foord\""},{\""type\"":\""DECISION_OTHER_REFERENCES\"",\""text\"":\""(1990), 39 F.T.R. 315\""}]"",
    ""jurisdictionId"": ""unspecified"",
    ""citedCount"": 1
  }
]"
https://synthetic.leread.ca/silver/G0390,"[
  {
    ""id"": ""silver-G0390"",
    ""docType"": ""DECISION"",
    ""path"": ""/synthetic/silver/G0390"",
    ""docTitle"": ""Jordan & Ste-Michelle Cellars Ltd. v. T.G. Bright & Co., Ltd."",
    ""autoCompletions"": ""[{\""type\"":\""MAIN_TITLE\"",\""text\"":\""Jordan & Ste-Michelle Cellars Ltd. v. T.G. Bright & Co., Ltd.\""},{\""type\"":\""DECISION_ALTERNATE_TITLE\"",\""text\"":\""Jordan &amp; Ste-Michelle Cellars Ltd. v. T.G. Bright &amp; Co., Ltd.\""},{\""type\"":\""DECISION_OTHER_REFERENCES\"",\""text\"":\""[1984] 1 F.C. 964\""}]"",
    ""jurisdictionId"": ""unspecified"",
    ""citedCount"": 1
  }
]"
https://synthetic.leread.ca/silver/G0391,"[
  {
    ""id"": ""silver-G0391"",
    ""docType"": ""DECISION"",
    ""path"": ""/synthetic/silver/G0391"",
    ""docTitle"": ""Joseph E. Seagram & Sons Ltd. v. Canada (Register of Trade-Marks)"",
    ""autoCompletions"": ""[{\""type\"":\""MAIN_TITLE\"",\""text\"":\""Joseph E. Seagram & Sons Ltd. v. Canada (Register of Trade-Marks)\""},{\""type\"":\""DECISION_ALTERNATE_TITLE\"",\""text\"":\""Joseph E. Seagram &amp; Sons Ltd.\""},{\""type\"":\""DECISION_ALTERNATE_TITLE\"",\""text\"":\""Joseph E. Seagram &amp; Sons Ltd. v. Canada (Register of Trade-Marks)\""},{\""type\"":\""DECISION_OTHER_REFERENCES\"",\""text\"":\""(1990), 38 F.T.R. 96\""}]"",
    ""jurisdictionId"": ""unspecified"",
    ""citedCount"": 2
  }
]"
https://synthetic.leread.ca/silver/G0392,"[
  {
    ""id"": ""silver-G0392"",
    ""docType"": ""DECISION"",
    ""path"": ""/synthetic/silver/G0392"",
    ""docTitle"": ""Kellogg Salada Canada Inc. v. Maximum Nutrition Ltd."",
    ""autoCompletions"": ""[{\""type\"":\""MAIN_TITLE\"",\""text\"":\""Kellogg Salada Canada Inc. v. Maximum Nutrition Ltd.\""},{\""type\"":\""DECISION_OTHER_REFERENCES\"",\""text\"":\""[1992] 3 F.C. 442\""}]"",
    ""jurisdictionId"": ""unspecified"",
    ""citedCount"": 1
  }
]"
https://synthetic.leread.ca/silver/G0393,"[
  {
    ""id"": ""silver-G0393"",
    ""docType"": ""DECISION"",
    ""path"": ""/synthetic/silver/G0393"",
    ""docTitle"": ""MacDonald v. Vapor Canada Ltd."",
    ""autoCompletions"": ""[{\""type\"":\""MAIN_TITLE\"",\""text\"":\""MacDonald v. Vapor Canada Ltd.\""},{\""type\"":\""DECISION_OTHER_REFERENCES\"",\""text\"":\""[1977] 2 S.C.R. 134\""}]"",
    ""jurisdictionId"": ""unspecified"",
    ""citedCount"": 1
  }
]"
https://synthetic.leread.ca/silver/G0394,"[
  {
    ""id"": ""silver-G0394"",
    ""docType"": ""DECISION"",
    ""path"": ""/synthetic/silver/G0394"",
    ""docTitle"": ""Man and His Home Ltd. v. Mansoor Electronics Ltd."",
    ""autoCompletions"": ""[{\""type\"":\""MAIN_TITLE\"",\""text\"":\""Man and His Home Ltd. v. Mansoor Electronics Ltd.\""},{\""type\"":\""DECISION_ALTERNATE_TITLE\"",\""text\"":\""Man and his Home\""},{\""type\"":\""DECISION_OTHER_REFERENCES\"",\""text\"":\""(1999), 163 F.T.R. 270\""}]"",
    ""jurisdictionId"": ""unspecified"",
    ""citedCount"": 2
  }
]"
https://synthetic.leread.ca/silver/G0395,"[
  {
    ""id"": ""silver-G0395"",
    ""docType"": ""DECISION"",
    ""path"": ""/synthetic/silver/G0395"",
    ""docTitle"": ""Merial LLC v. Novartis Animal Health Canada Inc"",
    ""autoCompletions"": ""[{\""type\"":\""MAIN_TITLE\"",\""text\"":\""Merial LLC v. Novartis Animal Health Canada Inc\""},{\""type\"":\""DECISION_OTHER_REFERENCES\"",\""text\"":\""(2001), 11 C.P.R. (4<sup>th</sup>) 191\""}]"",
    ""jurisdictionId"": ""unspecified"",
    ""citedCount"": 1
  }
]"
https://synthetic.leread.ca/silver/G0396,"[
  {
    ""id"": ""silver-G0396"",
    ""docType"": ""DECISION"",
    ""path"": ""/synthetic/silver/G0396"",
    ""docTitle"": ""Miss Universe, Inc. v. Bohna"",
    ""autoCompletions"": ""[{\""type\"":\""MAIN_TITLE\"",\""text\"":\""Miss Universe, Inc. v. Bohna\""},{\""type\"":\""DECISION_ALTERNATE_TITLE\"",\""text\"":\""<i>Miss Universe</i>, Inc.\""},{\""type\"":\""DECISION_ALTERNATE_TITLE\"",\""text\"":\""Miss Universe\""},{\""type\"":\""DECISION_OTHER_REFERENCES\"",\""text\"":\""[1995] 1 F.C. 614\""}]"",
    ""jurisdictionId"": ""unspecified"",
    ""citedCount"": 3
  }
]"
https://synthetic.leread.ca/silver/G0397,"[
  {
    ""id"": ""silver-G0397"",
    ""docType"": ""DECISION"",
    ""path"": ""/synthetic/silver/G0397"",
    ""docTitle"": ""Molson Breweries v. John Labatt Ltd."",
    ""autoCompletions"": ""[{\""type\"":\""MAIN_TITLE\"",\""text\"":\""Molson Breweries v. John Labatt Ltd.\""},{\""type\"":\""DECISION_ALTERNATE_TITLE\"",\""text\"":\""Molson Breweries\""},{\""type\"":\""DECISION_OTHER_REFERENCES\"",\""text\"":\""[2000] 3 F.C. 145\""}]"",
    ""jurisdictionId"": ""unspecified"",
    ""citedCount"": 2
  }
]"
https://synthetic.leread.ca/silver/G0399,"[
  {
    ""id"": ""silver-G0399"",
    ""docType"": ""DECISION"",
    ""path"": ""/synthetic/silver/G0399"",
    ""docTitle"": ""Oshawa Holdings Ltd. v. Fjord Pacific Marine Industries"",
    ""autoCompletions"": ""[{\""type\"":\""MAIN_TITLE\"",\""text\"":\""Oshawa Holdings Ltd. v. Fjord Pacific Marine Industries\""},{\""type\"":\""DECISION_OTHER_REFERENCES\"",\""text\"":\""(1981), 36 N.R. 71\""}]"",
    ""jurisdictionId"": ""unspecified"",
    ""citedCount"": 1
  }
]"
https://synthetic.leread.ca/silver/G0400,"[
  {
    ""id"": ""silver-G0400"",
    ""docType"": ""DECISION"",
    ""path"": ""/synthetic/silver/G0400"",
    ""docTitle"": ""Pac-Fab Inc. v. Registrar of Trade-marks"",
    ""autoCompletions"": ""[{\""type\"":\""MAIN_TITLE\"",\""text\"":\""Pac-Fab Inc. v. Registrar of Trade-marks\""},{\""type\"":\""DECISION_OTHER_REFERENCES\"",\""text\"":\""(1982), 69 C.P.R. (2d) 250\""}]"",
    ""jurisdictionId"": ""unspecified"",
    ""citedCount"": 1
  }
]"
https://synthetic.leread.ca/silver/G0401,"[
  {
    ""id"": ""silver-G0401"",
    ""docType"": ""DECISION"",
    ""path"": ""/synthetic/silver/G0401"",
    ""docTitle"": ""Panther Beauty Corp. v. United Artists Corp"",
    ""autoCompletions"": ""[{\""type\"":\""MAIN_TITLE\"",\""text\"":\""Panther Beauty Corp. v. United Artists Corp\""},{\""type\"":\""DECISION_ALTERNATE_TITLE\"",\""text\"":\""Pink Panther Beauty Corp\""},{\""type\"":\""DECISION_ALTERNATE_TITLE\"",\""text\"":\""Pink Panther Beauty Corp.\""},{\""type\"":\""DECISION_OTHER_REFERENCES\"",\""text\"":\""[1998] 3 F.C. 534\""}]"",
    ""jurisdictionId"": ""unspecified"",
    ""citedCount"": 8
  }
]"
https://synthetic.leread.ca/silver/G0402,"[
  {
    ""id"": ""silver-G0402"",
    ""docType"": ""DECISION"",
    ""path"": ""/synthetic/silver/G0402"",
    ""docTitle"": ""Park Avenue Furniture Corp. v. Wickes/Smmons Bedding Ltd"",
    ""autoCompletions"": ""[{\""type\"":\""MAIN_TITLE\"",\""text\"":\""Park Avenue Furniture Corp. v. Wickes/Smmons Bedding Ltd\""},{\""type\"":\""DECISION_OTHER_REFERENCES\"",\""text\"":\""(1991), 130 N.R. 223\""}]"",
    ""jurisdictionId"": ""unspecified"",
    ""citedCount"": 1
  }
]"
https://synthetic.leread.ca/silver/G0403,"[
  {
    ""id"": ""silver-G0403"",
    ""docType"": ""DECISION"",
    ""path"": ""/synthetic/silver/G0403"",
    ""docTitle"": ""Philip Morris Inc. v. Imperial Tobacco Ltd"",
    ""autoCompletions"": ""[{\""type\"":\""MAIN_TITLE\"",\""text\"":\""Philip Morris Inc. v. Imperial Tobacco Ltd\""},{\""type\"":\""DECISION_OTHER_REFERENCES\"",\""text\"":\""(1985), 7 C.P.R. (3d) 254\""}]"",
    ""jurisdictionId"": ""unspecified"",
    ""citedCount"": 1
  }
]"
https://synthetic.leread.ca/silver/G0404,"[
  {
    ""id"": ""silver-G0404"",
    ""docType"": ""DECISION"",
    ""path"": ""/synthetic/silver/G0404"",
    ""docTitle"": ""Polo Ralph Lauren Corp. v. United States Polo Assn."",
    ""autoCompletions"": ""[{\""type\"":\""MAIN_TITLE\"",\""text\"":\""Polo Ralph Lauren Corp. v. United States Polo Assn.\""},{\""type\"":\""DECISION_OTHER_REFERENCES\"",\""text\"":\""(2000), 9 C.P.R. (4<sup>th</sup>) 51\""}]"",
    ""jurisdictionId"": ""unspecified"",
    ""citedCount"": 1
  }
]"
https://synthetic.leread.ca/silver/G0405,"[
  {
    ""id"": ""silver-G0405"",
    ""docType"": ""DECISION"",
    ""path"": ""/synthetic/silver/G0405"",
    ""docTitle"": ""Polysar Ltd. v. Gesco Distributing Ltd."",
    ""autoCompletions"": ""[{\""type\"":\""MAIN_TITLE\"",\""text\"":\""Polysar Ltd. v. Gesco Distributing Ltd.\""},{\""type\"":\""DECISION_OTHER_REFERENCES\"",\""text\"":\""(1985), 6 C.P.R. (3d) 289\""}]"",
    ""jurisdictionId"": ""unspecified"",
    ""citedCount"": 1
  }
]"
https://synthetic.leread.ca/silver/G0406,"[
  {
    ""id"": ""silver-G0406"",
    ""docType"": ""DECISION"",
    ""path"": ""/synthetic/silver/G0406"",
    ""docTitle"": ""Provenzano v. Registrar of Trade-marks"",
    ""autoCompletions"": ""[{\""type\"":\""MAIN_TITLE\"",\""text\"":\""Provenzano v. Registrar of Trade-marks\""},{\""type\"":\""DECISION_OTHER_REFERENCES\"",\""text\"":\""(1977), 37 C.P.R. (2d) 189\""}]"",
    ""jurisdictionId"": ""unspecified"",
    ""citedCount"": 1
  }
]"
https://synthetic.leread.ca/silver/G0407,"[
  {
    ""id"": ""silver-G0407"",
    ""docType"": ""DECISION"",
    ""path"": ""/synthetic/silver/G0407"",
    ""docTitle"": ""R. v. Governor of Pentonville Prison, ex parte Osman"",
    ""autoCompletions"": ""[{\""type\"":\""MAIN_TITLE\"",\""text\"":\""R. v. Governor of Pentonville Prison, ex parte Osman\""},{\""type\"":\""DECISION_ALTERNATE_TITLE\"",\""text\"":\""R. V. Governor of Pentonville Prison, ex Parte Osman\""}]"",
    ""jurisdictionId"": ""unspecified"",
    ""citedCount"": 1
  }
]"
https://synthetic.leread.ca/silver/G0408,"[
  {
    ""id"": ""silver-G0408"",
    ""docType"": ""DECISION"",
    ""path"": ""/synthetic/silver/G0408"",
    ""docTitle"": ""S.C. Johnson & Son, Inc. v. Esprit de Corp"",
    ""autoCompletions"": ""[{\""type\"":\""MAIN_TITLE\"",\""text\"":\""S.C. Johnson & Son, Inc. v. Esprit de Corp\""},{\""type\"":\""DECISION_ALTERNATE_TITLE\"",\""text\"":\""S.C. Johnson &amp; Son, Inc. v. Esprit de Corp\""},{\""type\"":\""DECISION_OTHER_REFERENCES\"",\""text\"":\""(1986), 8 F.T.R. 81\""}]"",
    ""jurisdictionId"": ""unspecified"",
    ""citedCount"": 1
  }
]"
https://synthetic.leread.ca/silver/G0409,"[
  {
    ""id"": ""silver-G0409"",
    ""docType"": ""DECISION"",
    ""path"": ""/synthetic/silver/G0409"",
    ""docTitle"": ""S.C. Johnson & Son, Ltd. v. Marketing International Ltd."",
    ""autoCompletions"": ""[{\""type\"":\""MAIN_TITLE\"",\""text\"":\""S.C. Johnson & Son, Ltd. v. Marketing International Ltd.\""},{\""type\"":\""DECISION_ALTERNATE_TITLE\"",\""text\"":\""S.C. Johnson &amp; Son, Ltd. v. Marketing International Ltd.\""},{\""type\"":\""DECISION_OTHER_REFERENCES\"",\""text\"":\""[1977] F.C.J. No. 111 (Q.L.)\""}]"",
    ""jurisdictionId"": ""unspecified"",
    ""citedCount"": 1
  }
]"
https://synthetic.leread.ca/silver/G0410,"[
  {
    ""id"": ""silver-G0410"",
    ""docType"": ""DECISION"",
    ""path"": ""/synthetic/silver/G0410"",
    ""docTitle"": ""Sherwood Brands Overseas Inc. v. Linkletter (P.E.I.) Ltd."",
    ""autoCompletions"": ""[{\""type\"":\""MAIN_TITLE\"",\""text\"":\""Sherwood Brands Overseas Inc. v. Linkletter (P.E.I.) Ltd.\""},{\""type\"":\""DECISION_OTHER_REFERENCES\"",\""text\"":\""(2001), 15 C.P.R. (4<sup>th</sup>) 385\""}]"",
    ""jurisdictionId"": ""unspecified"",
    ""citedCount"": 1
  }
]"
https://synthetic.leread.ca/silver/G0411,"[
  {
    ""id"": ""silver-G0411"",
    ""docType"": ""DECISION"",
    ""path"": ""/synthetic/silver/G0411"",
    ""docTitle"": ""Source Perrier (Société Anonyme) v. Fira-Less Marketing Co. Ltd."",
    ""autoCompletions"": ""[{\""type\"":\""MAIN_TITLE\"",\""text\"":\""Source Perrier (Société Anonyme) v. Fira-Less Marketing Co. Ltd.\""},{\""type\"":\""DECISION_ALTERNATE_TITLE\"",\""text\"":\""Source Perrier\""},{\""type\"":\""DECISION_OTHER_REFERENCES\"",\""text\"":\""[1983] 2 F.C. 18\""}]"",
    ""jurisdictionId"": ""unspecified"",
    ""citedCount"": 2
  }
]"
https://synthetic.leread.ca/silver/G0412,"[
  {
    ""id"": ""silver-G0412"",
    ""docType"": ""DECISION"",
    ""path"": ""/synthetic/silver/G0412"",
    ""docTitle"": ""Sum-Spec Canada Ltd. v. Imasco Retail Inc./Société de Détail"",
    ""autoCompletions"": ""[{\""type\"":\""MAIN_TITLE\"",\""text\"":\""Sum-Spec Canada Ltd. v. Imasco Retail Inc./Société de Détail\""},{\""type\"":\""DECISION_OTHER_REFERENCES\"",\""text\"":\""(1990), 35 F.T.R. 44\""}]"",
    ""jurisdictionId"": ""unspecified"",
    ""citedCount"": 1
  }
]"
https://synthetic.leread.ca/silver/G0413,"[
  {
    ""id"": ""silver-G0413"",
    ""docType"": ""DOCTRINE"",
    ""path"": ""/synthetic/silver/G0413"",
    ""docTitle"": ""The Law of Evidence in Canada"",
    ""autoCompletions"": ""[{\""type\"":\""MAIN_TITLE\"",\""text\"":\""The Law of Evidence in Canada\""},{\""type\"":\""DOCTRINE_AUTHOR\"",\""text\"":\""John Sopinka, Sidney N. Lederman, Alan W. Bryant\""},{\""type\"":\""DOCTRINE_AUTHOR\"",\""text\"":\""Sopinka, Lederman and Bryant\""}]"",
    ""jurisdictionId"": ""unspecified"",
    ""citedCount"": 2
  }
]"
https://synthetic.leread.ca/silver/G0414,"[
  {
    ""id"": ""silver-G0414"",
    ""docType"": ""LEGISLATION"",
    ""path"": ""/synthetic/silver/G0414"",
    ""docTitle"": ""Trade-marks Act"",
    ""autoCompletions"": ""[{\""type\"":\""MAIN_TITLE\"",\""text\"":\""Trade-marks Act\""},{\""type\"":\""LEGISLATION_ALTERNATE_TITLE\"",\""text\"":\""Act\""},{\""type\"":\""LEGISLATION_REFERENCE\"",\""text\"":\""R.S. 1985, c. T-13\""},{\""type\"":\""LEGISLATION_ALTERNATE_REFERENCE\"",\""text\"":\""R.S.C. 1985, c. T-13\""},{\""type\"":\""LEGISLATION_ALTERNATE_REFERENCE\"",\""text\"":\""RSC 1985, c T-13\""}]"",
    ""jurisdictionId"": ""unspecified"",
    ""citedCount"": 102
  }
]"
https://synthetic.leread.ca/silver/G0415,"[
  {
    ""id"": ""silver-G0415"",
    ""docType"": ""DECISION"",
    ""path"": ""/synthetic/silver/G0415"",
    ""docTitle"": ""Triple G. Manufacturing Inc. v. Work Wear Corp."",
    ""autoCompletions"": ""[{\""type\"":\""MAIN_TITLE\"",\""text\"":\""Triple G. Manufacturing Inc. v. Work Wear Corp.\""},{\""type\"":\""DECISION_OTHER_REFERENCES\"",\""text\"":\""(1990), 35 F.T.R. 193\""}]"",
    ""jurisdictionId"": ""unspecified"",
    ""citedCount"": 1
  }
]"
https://synthetic.leread.ca/silver/G0416,"[
  {
    ""id"": ""silver-G0416"",
    ""docType"": ""DECISION"",
    ""path"": ""/synthetic/silver/G0416"",
    ""docTitle"": ""Unitel Communications Inc. v. Bell Canada"",
    ""autoCompletions"": ""[{\""type\"":\""MAIN_TITLE\"",\""text\"":\""Unitel Communications Inc. v. Bell Canada\""},{\""type\"":\""DECISION_ALTERNATE_TITLE\"",\""text\"":\""Unitel Communications Inc.\""},{\""type\"":\""DECISION_OTHER_REFERENCES\"",\""text\"":\""(1995), 92 F.T.R. 161\""}]"",
    ""jurisdictionId"": ""unspecified"",
    ""citedCount"": 2
  }
]"
https://synthetic.leread.ca/silver/G0417,"[
  {
    ""id"": ""silver-G0417"",
    ""docType"": ""DECISION"",
    ""path"": ""/synthetic/silver/G0417"",
    ""docTitle"": ""Wool Bureau of Canada Ltd. v. Registrar of Trade-marks"",
    ""autoCompletions"": ""[{\""type\"":\""MAIN_TITLE\"",\""text\"":\""Wool Bureau of Canada Ltd. v. Registrar of Trade-marks\""},{\""type\"":\""DECISION_OTHER_REFERENCES\"",\""text\"":\""(1978), 40 C.P.R. (2d) 25\""}]"",
    ""jurisdictionId"": ""unspecified"",
    ""citedCount"": 1
  }
]"
https://synthetic.leread.ca/silver/G0419,"[
  {
    ""id"": ""silver-G0419"",
    ""docType"": ""DECISION"",
    ""path"": ""/synthetic/silver/G0419"",
    ""docTitle"": ""Collis v. Saskatchewan Government Insurance"",
    ""autoCompletions"": ""[{\""type\"":\""MAIN_TITLE\"",\""text\"":\""Collis v. Saskatchewan Government Insurance\""},{\""type\"":\""DECISION_OTHER_REFERENCES\"",\""text\"":\""[1998] TWL QB98113\""}]"",
    ""jurisdictionId"": ""unspecified"",
    ""citedCount"": 1
  }
]"
https://synthetic.leread.ca/silver/G0420,"[
  {
    ""id"": ""silver-G0420"",
    ""docType"": ""DECISION"",
    ""path"": ""/synthetic/silver/G0420"",
    ""docTitle"": ""Donen v. Saskatchewan Government Insurance"",
    ""autoCompletions"": ""[{\""type\"":\""MAIN_TITLE\"",\""text\"":\""Donen v. Saskatchewan Government Insurance\""},{\""type\"":\""DECISION_OTHER_REFERENCES\"",\""text\"":\""[1998] TWL QB98224\""}]"",
    ""jurisdictionId"": ""unspecified"",
    ""citedCount"": 1
  }
]"
https://synthetic.leread.ca/silver/G0421,"[
  {
    ""id"": ""silver-G0421"",
    ""docType"": ""DECISION"",
    ""path"": ""/synthetic/silver/G0421"",
    ""docTitle"": ""Mintzler v. Saskatchewan Government Insurance"",
    ""autoCompletions"": ""[{\""type\"":\""MAIN_TITLE\"",\""text\"":\""Mintzler v. Saskatchewan Government Insurance\""},{\""type\"":\""DECISION_OTHER_REFERENCES\"",\""text\"":\""2001 SKCA 54\""}]"",
    ""jurisdictionId"": ""unspecified"",
    ""citedCount"": 1
  }
]"
https://synthetic.leread.ca/silver/G0423,"[
  {
    ""id"": ""silver-G0423"",
    ""docType"": ""LEGISLATION"",
    ""path"": ""/synthetic/silver/G0423"",
    ""docTitle"": ""unknown"",
    ""autoCompletions"": ""[{\""type\"":\""MAIN_TITLE\"",\""text\"":\""unknown\""},{\""type\"":\""LEGISLATION_ALTERNATE_TITLE\"",\""text\"":\""Act\""}]"",
    ""jurisdictionId"": ""unspecified"",
    ""citedCount"": 8
  }
]"
https://synthetic.leread.ca/silver/G0424,"[
  {
    ""id"": ""silver-G0424"",
    ""docType"": ""LEGISLATION"",
    ""path"": ""/synthetic/silver/G0424"",
    ""docTitle"": ""Agreement on Internal Trade"",
    ""autoCompletions"": ""[{\""type\"":\""MAIN_TITLE\"",\""text\"":\""Agreement on Internal Trade\""},{\""type\"":\""LEGISLATION_ALTERNATE_TITLE\"",\""text\"":\""Agreement\""}]"",
    ""jurisdictionId"": ""unspecified"",
    ""citedCount"": 3
  }
]"
https://synthetic.leread.ca/silver/G0425,"[
  {
    ""id"": ""silver-G0425"",
    ""docType"": ""DECISION"",
    ""path"": ""/synthetic/silver/G0425"",
    ""docTitle"": ""Arsenault Ltd. v. Sone"",
    ""autoCompletions"": ""[{\""type\"":\""MAIN_TITLE\"",\""text\"":\""Arsenault Ltd. v. Sone\""},{\""type\"":\""DECISION_OTHER_REFERENCES\"",\""text\"":\""164 O.A.C. 195 (C.A.)\""},{\""type\"":\""DECISION_OTHER_REFERENCES\"",\""text\"":\""[2002] O.J. No. 3772\""}]"",
    ""jurisdictionId"": ""unspecified"",
    ""citedCount"": 1
  }
]"
https://synthetic.leread.ca/silver/G0426,"[
  {
    ""id"": ""silver-G0426"",
    ""docType"": ""DECISION"",
    ""path"": ""/synthetic/silver/G0426"",
    ""docTitle"": ""BNY Financial Corp.-Canada v. National Automotive Warehousing Inc."",
    ""autoCompletions"": ""[{\""type\"":\""MAIN_TITLE\"",\""text\"":\""BNY Financial Corp.-Canada v. National Automotive Warehousing Inc.\""},{\""type\"":\""DECISION_ALTERNATE_TITLE\"",\""text\"":\""BNY Financial\""},{\""type\"":\""DECISION_OTHER_REFERENCES\"",\""text\"":\""[1999] O.J. No. 1273\""}]"",
    ""jurisdictionId"": ""unspecified"",
    ""citedCount"": 2
  }
]"
https://synthetic.leread.ca/silver/G0427,"[
  {
    ""id"": ""silver-G0427"",
    ""docType"": ""DECISION"",
    ""path"": ""/synthetic/silver/G0427"",
    ""docTitle"": ""Basedo v. University Health Network"",
    ""autoCompletions"": ""[{\""type\"":\""MAIN_TITLE\"",\""text\"":\""Basedo v. University Health Network\""},{\""type\"":\""DECISION_OTHER_REFERENCES\"",\""text\"":\""[2002] O.J. No. 597 (Sup. Ct.)\""}]"",
    ""jurisdictionId"": ""unspecified"",
    ""citedCount"": 1
  }
]"
https://synthetic.leread.ca/silver/G0428,"[
  {
    ""id"": ""silver-G0428"",
    ""docType"": ""DECISION"",
    ""path"": ""/synthetic/silver/G0428"",
    ""docTitle"": ""Boucher v. Public Accountants Council for the Province of Ontario"",
    ""autoCompletions"": ""[{\""type\"":\""MAIN_TITLE\"",\""text\"":\""Boucher v. Public Accountants Council for the Province of Ontario\""},{\""type\"":\""DECISION_ALTERNATE_TITLE\"",\""text\"":\""Boucher et al. v. Public Accountants Council for the <br/> Province of Ontario et al.\""},{\""type\"":\""DECISION_ALTERNATE_TITLE\"",\""text\"":\""Boucher v. Public Accountants Council for the <br/> Province of Ontario\""},{\""type\"":\""DECISION_OTHER_REFERENCES\"",\""text\"":\""[2000] O.J. No. 3126\""},{\""type\"":\""DECISION_OTHER_REFERENCES\"",\""text\"":\""[2000] O.T.C. 694 (S.C.J.)\""}]"",
    ""jurisdictionId"": ""unspecified"",
    ""citedCount"": 2
  }
]"
https://synthetic.leread.ca/silver/G0429,"[
  {
    ""id"": ""silver-G0429"",
    ""docType"": ""DECISION"",
    ""path"": ""/synthetic/silver/G0429"",
    ""docTitle"": ""Canadian Pacific Ltd. v. Matsqui Indian Band"",
    ""autoCompletions"": ""[{\""type\"":\""MAIN_TITLE\"",\""text\"":\""Canadian Pacific Ltd. v. Matsqui Indian Band\""},{\""type\"":\""DECISION_ALTERNATE_TITLE\"",\""text\"":\""Matsqui Indian Band v. Canadian Pacific Ltd.\""},{\""type\"":\""DECISION_OTHER_REFERENCES\"",\""text\"":\""[1995] 1 S.C.R. 3\""},{\""type\"":\""DECISION_OTHER_REFERENCES\"",\""text\"":\""[1995] S.C.J. No. 1\""}]"",
    ""jurisdictionId"": ""unspecified"",
    ""citedCount"": 2
  }
]"
https://synthetic.leread.ca/silver/G0431,"[
  {
    ""id"": ""silver-G0431"",
    ""docType"": ""DECISION"",
    ""path"": ""/synthetic/silver/G0431"",
    ""docTitle"": ""Duong v. NN Life Insurance Co. of Canada"",
    ""autoCompletions"": ""[{\""type\"":\""MAIN_TITLE\"",\""text\"":\""Duong v. NN Life Insurance Co. of Canada\""},{\""type\"":\""DECISION_ALTERNATE_TITLE\"",\""text\"":\""Duong v. NN Life Insurance Co. of Canada (2001)\""},{\""type\"":\""DECISION_OTHER_REFERENCES\"",\""text\"":\""141 O.A.C. 307\""}]"",
    ""jurisdictionId"": ""unspecified"",
    ""citedCount"": 1
  }
]"
https://synthetic.leread.ca/silver/G0432,"[
  {
    ""id"": ""silver-G0432"",
    ""docType"": ""DECISION"",
    ""path"": ""/synthetic/silver/G0432"",
    ""docTitle"": ""Hadmor Productions Ltd. v. Hamilton"",
    ""autoCompletions"": ""[{\""type\"":\""MAIN_TITLE\"",\""text\"":\""Hadmor Productions Ltd. v. Hamilton\""},{\""type\"":\""DECISION_OTHER_REFERENCES\"",\""text\"":\""[1982] 1 All E.R. 1042\""}]"",
    ""jurisdictionId"": ""unspecified"",
    ""citedCount"": 1
  }
]"
https://synthetic.leread.ca/silver/G0433,"[
  {
    ""id"": ""silver-G0433"",
    ""docType"": ""DECISION"",
    ""path"": ""/synthetic/silver/G0433"",
    ""docTitle"": ""Hamilton v. Open Window Bakery Ltd."",
    ""autoCompletions"": ""[{\""type\"":\""MAIN_TITLE\"",\""text\"":\""Hamilton v. Open Window Bakery Ltd.\""},{\""type\"":\""DECISION_OTHER_REFERENCES\"",\""text\"":\""2004 SCC 9\""},{\""type\"":\""DECISION_OTHER_REFERENCES\"",\""text\"":\""[2004] S.C.J. No. 72\""}]"",
    ""jurisdictionId"": ""unspecified"",
    ""citedCount"": 1
  }
]"
https://synthetic.leread.ca/silver/G0434,"[
  {
    ""id"": ""silver-G0434"",
    ""docType"": ""DECISION"",
    ""path"": ""/synthetic/silver/G0434"",
    ""docTitle"": ""Lawyers"",
    ""autoCompletions"": ""[{\""type\"":\""MAIN_TITLE\"",\""text\"":\""Lawyers\""},{\""type\"":\""DECISION_ALTERNATE_TITLE\"",\""text\"":\""Lawyers' Professional Indemnity Co. v. Geto Investments Ltd.\""},{\""type\"":\""DECISION_OTHER_REFERENCES\"",\""text\"":\""17 C.P.C. (5th) 334 (S.C.J.)\""},{\""type\"":\""DECISION_OTHER_REFERENCES\"",\""text\"":\""[2002] O.J. No. 921\""}]"",
    ""jurisdictionId"": ""unspecified"",
    ""citedCount"": 1
  }
]"
https://synthetic.leread.ca/silver/G0435,"[
  {
    ""id"": ""silver-G0435"",
    ""docType"": ""DECISION"",
    ""path"": ""/synthetic/silver/G0435"",
    ""docTitle"": ""Murano v. Bank of Montreal"",
    ""autoCompletions"": ""[{\""type\"":\""MAIN_TITLE\"",\""text\"":\""Murano v. Bank of Montreal\""},{\""type\"":\""DECISION_ALTERNATE_TITLE\"",\""text\"":\""Murano v. Bank of Montreal (1998)\""},{\""type\"":\""DECISION_OTHER_REFERENCES\"",\""text\"":\""163 D.L.R. (4th) 21 (C.A.)\""},{\""type\"":\""DECISION_OTHER_REFERENCES\"",\""text\"":\""41 O.R. (3d) 222\""},{\""type\"":\""DECISION_OTHER_REFERENCES\"",\""text\"":\""O.R.\""}]"",
    ""jurisdictionId"": ""unspecified"",
    ""citedCount"": 2
  }
]"
https://synthetic.leread.ca/silver/G0436,"[
  {
    ""id"": ""silver-G0436"",
    ""docType"": ""LEGISLATION"",
    ""path"": ""/synthetic/silver/G0436"",
    ""docTitle"": ""Public Accountancy Act"",
    ""autoCompletions"": ""[{\""type\"":\""MAIN_TITLE\"",\""text\"":\""Public Accountancy Act\""},{\""type\"":\""LEGISLATION_REFERENCE\"",\""text\"":\""R.S.O. 1990, P.37\""},{\""type\"":\""LEGISLATION_ALTERNATE_REFERENCE\"",\""text\"":\""R.S.O. 1990, c. P.37\""}]"",
    ""jurisdictionId"": ""unspecified"",
    ""citedCount"": 3
  }
]"
https://synthetic.leread.ca/silver/G0437,"[
  {
    ""id"": ""silver-G0437"",
    ""docType"": ""LEGISLATION"",
    ""path"": ""/synthetic/silver/G0437"",
    ""docTitle"": ""Public Officers Act"",
    ""autoCompletions"": ""[{\""type\"":\""MAIN_TITLE\"",\""text\"":\""Public Officers Act\""},{\""type\"":\""LEGISLATION_REFERENCE\"",\""text\"":\""R.S.O. 1990, c. P.45\""}]"",
    ""jurisdictionId"": ""unspecified"",
    ""citedCount"": 3
  }
]"
https://synthetic.leread.ca/silver/G0439,"[
  {
    ""id"": ""silver-G0439"",
    ""docType"": ""DECISION"",
    ""path"": ""/synthetic/silver/G0439"",
    ""docTitle"": ""Stellarbridge Management Inc. v. Magna International (Canada) Inc."",
    ""autoCompletions"": ""[{\""type\"":\""MAIN_TITLE\"",\""text\"":\""Stellarbridge Management Inc. v. Magna International (Canada) Inc.\""},{\""type\"":\""DECISION_ALTERNATE_TITLE\"",\""text\"":\""Stellarbridge\""},{\""type\"":\""DECISION_ALTERNATE_TITLE\"",\""text\"":\""Stellarbridge Management Inc. v. Magna International (Canada) Inc. (2004)\""},{\""type\"":\""DECISION_OTHER_REFERENCES\"",\""text\"":\""71 O.R. (3d) 263\""},{\""type\"":\""DECISION_OTHER_REFERENCES\"",\""text\"":\""[2004] O.J. No. 2102 (C.A.)\""}]"",
    ""jurisdictionId"": ""unspecified"",
    ""citedCount"": 3
  }
]"
https://synthetic.leread.ca/silver/G0440,"[
  {
    ""id"": ""silver-G0440"",
    ""docType"": ""DECISION"",
    ""path"": ""/synthetic/silver/G0440"",
    ""docTitle"": ""Toronto (City) v. First Ontario Realty Corp."",
    ""autoCompletions"": ""[{\""type\"":\""MAIN_TITLE\"",\""text\"":\""Toronto (City) v. First Ontario Realty Corp.\""},{\""type\"":\""DECISION_ALTERNATE_TITLE\"",\""text\"":\""Toronto (City) v. First Ontario Realty Corp. (2002)\""},{\""type\"":\""DECISION_OTHER_REFERENCES\"",\""text\"":\""59 O.R. (3d) 568\""},{\""type\"":\""DECISION_OTHER_REFERENCES\"",\""text\"":\""[2002] O.J. No. 2519 (S.C.J.)\""}]"",
    ""jurisdictionId"": ""unspecified"",
    ""citedCount"": 1
  }
]"
https://synthetic.leread.ca/silver/G0441,"[
  {
    ""id"": ""silver-G0441"",
    ""docType"": ""DECISION"",
    ""path"": ""/synthetic/silver/G0441"",
    ""docTitle"": ""Wasserman"",
    ""autoCompletions"": ""[{\""type\"":\""MAIN_TITLE\"",\""text\"":\""Wasserman\""}]"",
    ""jurisdictionId"": ""unspecified"",
    ""citedCount"": 1
  }
]"
https://synthetic.leread.ca/silver/G0442,"[
  {
    ""id"": ""silver-G0442"",
    ""docType"": ""DECISION"",
    ""path"": ""/synthetic/silver/G0442"",
    ""docTitle"": ""Zesta Engineering Ltd. v. Cloutier"",
    ""autoCompletions"": ""[{\""type\"":\""MAIN_TITLE\"",\""text\"":\""Zesta Engineering Ltd. v. Cloutier\""},{\""type\"":\""DECISION_ALTERNATE_TITLE\"",\""text\"":\""Zesta Engineering\""},{\""type\"":\""DECISION_OTHER_REFERENCES\"",\""text\"":\""21 C.C.E.L. (3d) 161 (C.A.)\""},{\""type\"":\""DECISION_OTHER_REFERENCES\"",\""text\"":\""[2002] O.J. No. 4495\""}]"",
    ""jurisdictionId"": ""unspecified"",
    ""citedCount"": 2
  }
]"
https://synthetic.leread.ca/silver/G0443,"[
  {
    ""id"": ""silver-G0443"",
    ""docType"": ""LEGISLATION"",
    ""path"": ""/synthetic/silver/G0443"",
    ""docTitle"": ""Act to Amend the Workers’ Compensation Act (Newfoundland)"",
    ""autoCompletions"": ""[{\""type\"":\""MAIN_TITLE\"",\""text\"":\""Act to Amend the Workers’ Compensation Act (Newfoundland)\""},{\""type\"":\""LEGISLATION_ALTERNATE_TITLE\"",\""text\"":\""Act to Amend the Workers’ Compensation Act\""},{\""type\"":\""LEGISLATION_REFERENCE\"",\""text\"":\""S.N. 1998, c. 19\""}]"",
    ""jurisdictionId"": ""unspecified"",
    ""citedCount"": 1
  }
]"
https://synthetic.leread.ca/silver/G0444,"[
  {
    ""id"": ""silver-G0444"",
    ""docType"": ""LEGISLATION"",
    ""path"": ""/synthetic/silver/G0444"",
    ""docTitle"": ""An Act to Amend the Workers Compensation Act (Prince Edward Island)"",
    ""autoCompletions"": ""[{\""type\"":\""MAIN_TITLE\"",\""text\"":\""An Act to Amend the Workers Compensation Act (Prince Edward Island)\""},{\""type\"":\""LEGISLATION_ALTERNATE_TITLE\"",\""text\"":\""An Act to Amend the Workers Compensation Act\""},{\""type\"":\""LEGISLATION_REFERENCE\"",\""text\"":\""S.P.E.I. 2001, c. 20\""}]"",
    ""jurisdictionId"": ""unspecified"",
    ""citedCount"": 1
  }
]"
https://synthetic.leread.ca/silver/G0445,"[
  {
    ""id"": ""silver-G0445"",
    ""docType"": ""LEGISLATION"",
    ""path"": ""/synthetic/silver/G0445"",
    ""docTitle"": ""An Act to Amend the Workers’ Compensation Act (New Brunswick)"",
    ""autoCompletions"": ""[{\""type\"":\""MAIN_TITLE\"",\""text\"":\""An Act to Amend the Workers’ Compensation Act (New Brunswick)\""},{\""type\"":\""LEGISLATION_ALTERNATE_TITLE\"",\""text\"":\""An Act to Amend the Workers’ Compensation Act\""},{\""type\"":\""LEGISLATION_REFERENCE\"",\""text\"":\""S.N.B. 1992, c. 34\""}]"",
    ""jurisdictionId"": ""unspecified"",
    ""citedCount"": 1
  }
]"
https://synthetic.leread.ca/silver/G0446,"[
  {
    ""id"": ""silver-G0446"",
    ""docType"": ""LEGISLATION"",
    ""path"": ""/synthetic/silver/G0446"",
    ""docTitle"": ""An Act to Reform the Law Respecting Compensation for Workers"",
    ""autoCompletions"": ""[{\""type\"":\""MAIN_TITLE\"",\""text\"":\""An Act to Reform the Law Respecting Compensation for Workers\""},{\""type\"":\""LEGISLATION_REFERENCE\"",\""text\"":\""S.N.S. 1995, c. 10\""}]"",
    ""jurisdictionId"": ""unspecified"",
    ""citedCount"": 1
  }
]"
https://synthetic.leread.ca/silver/G0447,"[
  {
    ""id"": ""silver-G0447"",
    ""docType"": ""LEGISLATION"",
    ""path"": ""/synthetic/silver/G0447"",
    ""docTitle"": ""An Act to Secure the Financial Stability of the Compensation System for Injured Workers, to Promote the Prevention of Injury and Disease in Ontario Workplaces and to Revise the Workers’ Compensation Act and Make Related Amendments to Other Acts"",
    ""autoCompletions"": ""[{\""type\"":\""MAIN_TITLE\"",\""text\"":\""An Act to Secure the Financial Stability of the Compensation System for Injured Workers, to Promote the Prevention of Injury and Disease in Ontario Workplaces and to Revise the Workers’ Compensation Act and Make Related Amendments to Other Acts\""},{\""type\"":\""LEGISLATION_ALTERNATE_TITLE\"",\""text\"":\""Workplace Safety and Insurance Act\""},{\""type\"":\""LEGISLATION_REFERENCE\"",\""text\"":\""S.O. 1997, c. 16\""}]"",
    ""jurisdictionId"": ""unspecified"",
    ""citedCount"": 2
  }
]"
https://synthetic.leread.ca/silver/G0449,"[
  {
    ""id"": ""silver-G0449"",
    ""docType"": ""DECISION"",
    ""path"": ""/synthetic/silver/G0449"",
    ""docTitle"": ""Athey v. Leonati"",
    ""autoCompletions"": ""[{\""type\"":\""MAIN_TITLE\"",\""text\"":\""Athey v. Leonati\""},{\""type\"":\""DECISION_OTHER_REFERENCES\"",\""text\"":\""[1996] 3 S.C.R. 458\""}]"",
    ""jurisdictionId"": ""unspecified"",
    ""citedCount"": 1
  }
]"
https://synthetic.leread.ca/silver/G0451,"[
  {
    ""id"": ""silver-G0451"",
    ""docType"": ""DECISION"",
    ""path"": ""/synthetic/silver/G0451"",
    ""docTitle"": ""Canada Post Corp. v. New Brunswick (Workplace Health, Safety and Compensation Commission)"",
    ""autoCompletions"": ""[{\""type\"":\""MAIN_TITLE\"",\""text\"":\""Canada Post Corp. v. New Brunswick (Workplace Health, Safety and Compensation Commission)\""},{\""type\"":\""DECISION_OTHER_REFERENCES\"",\""text\"":\""[2003] N.B.J. No. 151 (C.A.)\""}]"",
    ""jurisdictionId"": ""unspecified"",
    ""citedCount"": 1
  }
]"
https://synthetic.leread.ca/silver/G0452,"[
  {
    ""id"": ""silver-G0452"",
    ""docType"": ""DECISION"",
    ""path"": ""/synthetic/silver/G0452"",
    ""docTitle"": ""Canada Post Corp. v. Nova Scotia (Workers’ Compensation Appeals Tribunal)"",
    ""autoCompletions"": ""[{\""type\"":\""MAIN_TITLE\"",\""text\"":\""Canada Post Corp. v. Nova Scotia (Workers’ Compensation Appeals Tribunal)\""},{\""type\"":\""DECISION_ALTERNATE_TITLE\"",\""text\"":\""Canada Post v. Nova Scotia\""},{\""type\"":\""DECISION_OTHER_REFERENCES\"",\""text\"":\""[2004] N.S.J. No. 242 (C.A.) (QL)\""}]"",
    ""jurisdictionId"": ""unspecified"",
    ""citedCount"": 2
  }
]"
https://synthetic.leread.ca/silver/G0453,"[
  {
    ""id"": ""silver-G0453"",
    ""docType"": ""DECISION"",
    ""path"": ""/synthetic/silver/G0453"",
    ""docTitle"": ""Children’s Aid Society of Cape Breton-Victoria v. Nova Scotia (Workers’ Compensation Appeals Tribunal)"",
    ""autoCompletions"": ""[{\""type\"":\""MAIN_TITLE\"",\""text\"":\""Children’s Aid Society of Cape Breton-Victoria v. Nova Scotia (Workers’ Compensation Appeals Tribunal)\""},{\""type\"":\""DECISION_ALTERNATE_TITLE\"",\""text\"":\""Children’s Aid Society of Cape Breton-Victoria v.\""},{\""type\"":\""DECISION_ALTERNATE_TITLE\"",\""text\"":\""Nova Scotia\""},{\""type\"":\""DECISION_OTHER_REFERENCES\"",\""text\"":\""[2005] N.S.J. No. 75 (C.A.) (QL)\""}]"",
    ""jurisdictionId"": ""unspecified"",
    ""citedCount"": 1
  }
]"
https://synthetic.leread.ca/silver/G0454,"[
  {
    ""id"": ""silver-G0454"",
    ""docType"": ""DOCTRINE"",
    ""path"": ""/synthetic/silver/G0454"",
    ""docTitle"": ""Diagnostic and Statistical Manual of Mental Disorders"",
    ""autoCompletions"": ""[{\""type\"":\""MAIN_TITLE\"",\""text\"":\""Diagnostic and Statistical Manual of Mental Disorders\""},{\""type\"":\""MAIN_TITLE\"",\""text\"":\""American Psychiatric Association\""},{\""type\"":\""MAIN_TITLE\"",\""text\"":\""DSM-IV\""},{\""type\"":\""MAIN_TITLE\"",\""text\"":\""Diagnostic and Statistical Manual of Mental Disorders,\""},{\""type\"":\""MAIN_TITLE\"",\""text\"":\""The American Psychiatric Association\""},{\""type\"":\""DOCTRINE_AUTHOR\"",\""text\"":\""American Psychiatric Association's\""}]"",
    ""jurisdictionId"": ""unspecified"",
    ""citedCount"": 11
  }
]"
https://synthetic.leread.ca/silver/G0455,"[
  {
    ""id"": ""silver-G0455"",
    ""docType"": ""DECISION"",
    ""path"": ""/synthetic/silver/G0455"",
    ""docTitle"": ""Dowling v. Workers’ Compensation Board (P.E.I.)"",
    ""autoCompletions"": ""[{\""type\"":\""MAIN_TITLE\"",\""text\"":\""Dowling v. Workers’ Compensation Board (P.E.I.)\""},{\""type\"":\""DECISION_OTHER_REFERENCES\"",\""text\"":\""(1994), 124 Nfld. &amp; P.E.I.R. 358 (P.E.I.S.C.(A.D.))\""}]"",
    ""jurisdictionId"": ""unspecified"",
    ""citedCount"": 1
  }
]"
https://synthetic.leread.ca/silver/G0457,"[
  {
    ""id"": ""silver-G0457"",
    ""docType"": ""DECISION"",
    ""path"": ""/synthetic/silver/G0457"",
    ""docTitle"": ""Dwyer v. Workplace Health, Safety and Compensation Commission (N.B.)"",
    ""autoCompletions"": ""[{\""type\"":\""MAIN_TITLE\"",\""text\"":\""Dwyer v. Workplace Health, Safety and Compensation Commission (N.B.)\""},{\""type\"":\""DECISION_OTHER_REFERENCES\"",\""text\"":\""(1996), 179 N.B.R. (2d) 348 (C.A.)\""}]"",
    ""jurisdictionId"": ""unspecified"",
    ""citedCount"": 1
  }
]"
https://synthetic.leread.ca/silver/G0458,"[
  {
    ""id"": ""silver-G0458"",
    ""docType"": ""LEGISLATION"",
    ""path"": ""/synthetic/silver/G0458"",
    ""docTitle"": ""Employment Insurance Act"",
    ""autoCompletions"": ""[{\""type\"":\""MAIN_TITLE\"",\""text\"":\""Employment Insurance Act\""},{\""type\"":\""LEGISLATION_REFERENCE\"",\""text\"":\""S.C. 1996, c. 23\""}]"",
    ""jurisdictionId"": ""unspecified"",
    ""citedCount"": 1
  }
]"
https://synthetic.leread.ca/silver/G0459,"[
  {
    ""id"": ""silver-G0459"",
    ""docType"": ""DECISION"",
    ""path"": ""/synthetic/silver/G0459"",
    ""docTitle"": ""Gallant v. Workplace Health, Safety and Compensation Commission (N.B.)"",
    ""autoCompletions"": ""[{\""type\"":\""MAIN_TITLE\"",\""text\"":\""Gallant v. Workplace Health, Safety and Compensation Commission (N.B.)\""},{\""type\"":\""DECISION_OTHER_REFERENCES\"",\""text\"":\""(2000), 228 N.B.R. (2d) 98\""},{\""type\"":\""DECISION_OTHER_REFERENCES\"",\""text\"":\""(2000), 228 N.B.R. (2d) 98 (C.A.)\""},{\""type\"":\""DECISION_OTHER_REFERENCES\"",\""text\"":\""[2000] N.B.J. No. 320 (C.A.) (QL)\""}]"",
    ""jurisdictionId"": ""unspecified"",
    ""citedCount"": 2
  }
]"
https://synthetic.leread.ca/silver/G0460,"[
  {
    ""id"": ""silver-G0460"",
    ""docType"": ""LEGISLATION"",
    ""path"": ""/synthetic/silver/G0460"",
    ""docTitle"": ""Government Employees Compensation Act"",
    ""autoCompletions"": ""[{\""type\"":\""MAIN_TITLE\"",\""text\"":\""Government Employees Compensation Act\""},{\""type\"":\""LEGISLATION_ALTERNATE_TITLE\"",\""text\"":\""GECA\""},{\""type\"":\""LEGISLATION_REFERENCE\"",\""text\"":\""R.S.C. 1985, c. G-5\""}]"",
    ""jurisdictionId"": ""unspecified"",
    ""citedCount"": 7
  }
]"
https://synthetic.leread.ca/silver/G0461,"[
  {
    ""id"": ""silver-G0461"",
    ""docType"": ""DECISION"",
    ""path"": ""/synthetic/silver/G0461"",
    ""docTitle"": ""Green v. Workplace Health, Safety and Compensation Commission (N.B.)"",
    ""autoCompletions"": ""[{\""type\"":\""MAIN_TITLE\"",\""text\"":\""Green v. Workplace Health, Safety and Compensation Commission (N.B.)\""},{\""type\"":\""DECISION_OTHER_REFERENCES\"",\""text\"":\""(1998), 201 N.B.R. (2d) 93 (C.A.)\""}]"",
    ""jurisdictionId"": ""unspecified"",
    ""citedCount"": 1
  }
]"
https://synthetic.leread.ca/silver/G0462,"[
  {
    ""id"": ""silver-G0462"",
    ""docType"": ""DECISION"",
    ""path"": ""/synthetic/silver/G0462"",
    ""docTitle"": ""Harry v. Alberta (Workers’ Compensation Board)"",
    ""autoCompletions"": ""[{\""type\"":\""MAIN_TITLE\"",\""text\"":\""Harry v. Alberta (Workers’ Compensation Board)\""},{\""type\"":\""DECISION_OTHER_REFERENCES\"",\""text\"":\""[2001] A.J. No. 1384 (Q.B.) (QL)\""}]"",
    ""jurisdictionId"": ""unspecified"",
    ""citedCount"": 1
  }
]"
https://synthetic.leread.ca/silver/G0463,"[
  {
    ""id"": ""silver-G0463"",
    ""docType"": ""DECISION"",
    ""path"": ""/synthetic/silver/G0463"",
    ""docTitle"": ""Keddy v. New Brunswick (Workplace Health, Safety and Compensation Commission)"",
    ""autoCompletions"": ""[{\""type\"":\""MAIN_TITLE\"",\""text\"":\""Keddy v. New Brunswick (Workplace Health, Safety and Compensation Commission)\""},{\""type\"":\""DECISION_ALTERNATE_TITLE\"",\""text\"":\""Keddy\""},{\""type\"":\""DECISION_ALTERNATE_TITLE\"",\""text\"":\""Keddy v. Workplace Health, Safety and Compensation Commission (N.B.) et al.\""},{\""type\"":\""DECISION_OTHER_REFERENCES\"",\""text\"":\""(2002), 247 N.B.R. (2d) 284\""},{\""type\"":\""DECISION_OTHER_REFERENCES\"",\""text\"":\""(2002), 247 N.B.R. (2d) 284 (C.A.)\""},{\""type\"":\""DECISION_OTHER_REFERENCES\"",\""text\"":\""[2002] N.B.J. No. 91 (Q.L.) (C.A.)\""}]"",
    ""jurisdictionId"": ""unspecified"",
    ""citedCount"": 6
  }
]"
https://synthetic.leread.ca/silver/G0464,"[
  {
    ""id"": ""silver-G0464"",
    ""docType"": ""DECISION"",
    ""path"": ""/synthetic/silver/G0464"",
    ""docTitle"": ""Kovach v. Workers’ Compensation Board"",
    ""autoCompletions"": ""[{\""type\"":\""MAIN_TITLE\"",\""text\"":\""Kovach v. Workers’ Compensation Board\""},{\""type\"":\""DECISION_OTHER_REFERENCES\"",\""text\"":\""[1996] B.C.J. No. 2388 (C.A.) (QL)\""}]"",
    ""jurisdictionId"": ""unspecified"",
    ""citedCount"": 1
  }
]"
https://synthetic.leread.ca/silver/G0466,"[
  {
    ""id"": ""silver-G0466"",
    ""docType"": ""DECISION"",
    ""path"": ""/synthetic/silver/G0466"",
    ""docTitle"": ""Martin v. Commission de la santé, de la sécurité et de l’indemnisation des accidents au travail (N.-B.)"",
    ""autoCompletions"": ""[{\""type\"":\""MAIN_TITLE\"",\""text\"":\""Martin v. Commission de la santé, de la sécurité et de l’indemnisation des accidents au travail (N.-B.)\""},{\""type\"":\""DECISION_ALTERNATE_TITLE\"",\""text\"":\""Martin\""},{\""type\"":\""DECISION_OTHER_REFERENCES\"",\""text\"":\""(1998), 205 N.B.R. (2d) 319 (C.A.)\""}]"",
    ""jurisdictionId"": ""unspecified"",
    ""citedCount"": 2
  }
]"
https://synthetic.leread.ca/silver/G0467,"[
  {
    ""id"": ""silver-G0467"",
    ""docType"": ""DECISION"",
    ""path"": ""/synthetic/silver/G0467"",
    ""docTitle"": ""Melanson v. Workers’ Compensation Board (N.B.)"",
    ""autoCompletions"": ""[{\""type\"":\""MAIN_TITLE\"",\""text\"":\""Melanson v. Workers’ Compensation Board (N.B.)\""},{\""type\"":\""DECISION_OTHER_REFERENCES\"",\""text\"":\""(1994), 146 N.B.R. (2d) 294 (C.A.)\""}]"",
    ""jurisdictionId"": ""unspecified"",
    ""citedCount"": 1
  }
]"
https://synthetic.leread.ca/silver/G0468,"[
  {
    ""id"": ""silver-G0468"",
    ""docType"": ""DECISION"",
    ""path"": ""/synthetic/silver/G0468"",
    ""docTitle"": ""Morrison (Estate) v. Cape Breton Development Corp."",
    ""autoCompletions"": ""[{\""type\"":\""MAIN_TITLE\"",\""text\"":\""Morrison (Estate) v. Cape Breton Development Corp.\""},{\""type\"":\""DECISION_OTHER_REFERENCES\"",\""text\"":\""[2003] N.S.J. No. 353 (C.A.) (QL)\""}]"",
    ""jurisdictionId"": ""unspecified"",
    ""citedCount"": 1
  }
]"
https://synthetic.leread.ca/silver/G0469,"[
  {
    ""id"": ""silver-G0469"",
    ""docType"": ""DECISION"",
    ""path"": ""/synthetic/silver/G0469"",
    ""docTitle"": ""Moyer v. Workplace Health, Safety and Compensation Commission (N.B.)"",
    ""autoCompletions"": ""[{\""type\"":\""MAIN_TITLE\"",\""text\"":\""Moyer v. Workplace Health, Safety and Compensation Commission (N.B.)\""},{\""type\"":\""DECISION_OTHER_REFERENCES\"",\""text\"":\""(2004), 277 N.B.R. (2d) 111 (C.A.)\""}]"",
    ""jurisdictionId"": ""unspecified"",
    ""citedCount"": 1
  }
]"
https://synthetic.leread.ca/silver/G0470,"[
  {
    ""id"": ""silver-G0470"",
    ""docType"": ""DECISION"",
    ""path"": ""/synthetic/silver/G0470"",
    ""docTitle"": ""Myles v. Workplace Health, Safety and Compensation Commission (N.B.)"",
    ""autoCompletions"": ""[{\""type\"":\""MAIN_TITLE\"",\""text\"":\""Myles v. Workplace Health, Safety and Compensation Commission (N.B.)\""},{\""type\"":\""DECISION_OTHER_REFERENCES\"",\""text\"":\""(1996), 181 N.B.R. (2d) 183 (C.A.)\""}]"",
    ""jurisdictionId"": ""unspecified"",
    ""citedCount"": 1
  }
]"
https://synthetic.leread.ca/silver/G0471,"[
  {
    ""id"": ""silver-G0471"",
    ""docType"": ""DOCTRINE"",
    ""path"": ""/synthetic/silver/G0471"",
    ""docTitle"": ""New Directions for Workers’ Compensation Reform: A Discussion Paper"",
    ""autoCompletions"": ""[{\""type\"":\""MAIN_TITLE\"",\""text\"":\""New Directions for Workers’ Compensation Reform: A Discussion Paper\""},{\""type\"":\""DOCTRINE_AUTHOR\"",\""text\"":\""Cam Jackson\""}]"",
    ""jurisdictionId"": ""unspecified"",
    ""citedCount"": 1
  }
]"
https://synthetic.leread.ca/silver/G0474,"[
  {
    ""id"": ""silver-G0474"",
    ""docType"": ""LEGISLATION"",
    ""path"": ""/synthetic/silver/G0474"",
    ""docTitle"": ""Policy 21-103"",
    ""autoCompletions"": ""[{\""type\"":\""MAIN_TITLE\"",\""text\"":\""Policy 21-103\""},{\""type\"":\""LEGISLATION_ALTERNATE_TITLE\"",\""text\"":\""Commission Policy 21-103.01\""},{\""type\"":\""LEGISLATION_ALTERNATE_TITLE\"",\""text\"":\""Commission’s Policy Directive 21-103.01\""},{\""type\"":\""LEGISLATION_ALTERNATE_TITLE\"",\""text\"":\""Conditions for Entitlement-Stress\""},{\""type\"":\""LEGISLATION_ALTERNATE_TITLE\"",\""text\"":\""Policy 21-103.01\""},{\""type\"":\""LEGISLATION_ALTERNATE_TITLE\"",\""text\"":\""Policy No. 21-103.01\""},{\""type\"":\""LEGISLATION_ALTERNATE_TITLE\"",\""text\"":\""that policy directive\""},{\""type\"":\""LEGISLATION_REFERENCE\"",\""text\"":\""<auto_label id=\\\""189\\\"" labelname=\\\""title\\\"" parent=\\\""citation\\\"" style=\\\""background-color: rgb(147, 196, 125); color: black;\\\"" titletype=\\\""official\\\"" verified=\\\""false\\\"">Policy No. 21-103</auto_label>\""}]"",
    ""jurisdictionId"": ""unspecified"",
    ""citedCount"": 10
  }
]"
https://synthetic.leread.ca/silver/G0476,"[
  {
    ""id"": ""silver-G0476"",
    ""docType"": ""DECISION"",
    ""path"": ""/synthetic/silver/G0476"",
    ""docTitle"": ""Saunders v. Workers’ Compensation Commission (Nfld.) et al."",
    ""autoCompletions"": ""[{\""type\"":\""MAIN_TITLE\"",\""text\"":\""Saunders v. Workers’ Compensation Commission (Nfld.) et al.\""},{\""type\"":\""DECISION_OTHER_REFERENCES\"",\""text\"":\""(1998), 166 Nfld. &amp; P.E.I.R. 227 (Nfld. S.C.)\""}]"",
    ""jurisdictionId"": ""unspecified"",
    ""citedCount"": 1
  }
]"
https://synthetic.leread.ca/silver/G0477,"[
  {
    ""id"": ""silver-G0477"",
    ""docType"": ""DECISION"",
    ""path"": ""/synthetic/silver/G0477"",
    ""docTitle"": ""Smith v. Newfoundland (Workplace Health, Safety and Compensation Review Commission)"",
    ""autoCompletions"": ""[{\""type\"":\""MAIN_TITLE\"",\""text\"":\""Smith v. Newfoundland (Workplace Health, Safety and Compensation Review Commission)\""},{\""type\"":\""DECISION_OTHER_REFERENCES\"",\""text\"":\""[2002] N.J. No. 150 (S.C.) (QL)\""}]"",
    ""jurisdictionId"": ""unspecified"",
    ""citedCount"": 1
  }
]"
https://synthetic.leread.ca/silver/G0478,"[
  {
    ""id"": ""silver-G0478"",
    ""docType"": ""DECISION"",
    ""path"": ""/synthetic/silver/G0478"",
    ""docTitle"": ""Snell v. Farrell"",
    ""autoCompletions"": ""[{\""type\"":\""MAIN_TITLE\"",\""text\"":\""Snell v. Farrell\""},{\""type\"":\""DECISION_OTHER_REFERENCES\"",\""text\"":\""[1990] 2 S.C.R. 311\""}]"",
    ""jurisdictionId"": ""unspecified"",
    ""citedCount"": 1
  }
]"
https://synthetic.leread.ca/silver/G0479,"[
  {
    ""id"": ""silver-G0479"",
    ""docType"": ""LEGISLATION"",
    ""path"": ""/synthetic/silver/G0479"",
    ""docTitle"": ""The Workers Compensation Amendment and Consequential Amendments Act"",
    ""autoCompletions"": ""[{\""type\"":\""MAIN_TITLE\"",\""text\"":\""The Workers Compensation Amendment and Consequential Amendments Act\""},{\""type\"":\""LEGISLATION_REFERENCE\"",\""text\"":\""S.M. 1991, c. 36\""}]"",
    ""jurisdictionId"": ""unspecified"",
    ""citedCount"": 1
  }
]"
https://synthetic.leread.ca/silver/G0480,"[
  {
    ""id"": ""silver-G0480"",
    ""docType"": ""DECISION"",
    ""path"": ""/synthetic/silver/G0480"",
    ""docTitle"": ""Voice Construction Ltd. v. Construction & General Workers’ Union, Local 92"",
    ""autoCompletions"": ""[{\""type\"":\""MAIN_TITLE\"",\""text\"":\""Voice Construction Ltd. v. Construction & General Workers’ Union, Local 92\""},{\""type\"":\""DECISION_ALTERNATE_TITLE\"",\""text\"":\""Voice Construction\""},{\""type\"":\""DECISION_ALTERNATE_TITLE\"",\""text\"":\""Voice Construction Ltd. v. Construction and General Workers’ Union, Local 92\""},{\""type\"":\""DECISION_ALTERNATE_TITLE\"",\""text\"":\""Voice Construction Ltd. v. Construction &amp; General Workers’ Union, Local 92\""},{\""type\"":\""DECISION_OTHER_REFERENCES\"",\""text\"":\""[2004] 1 S.C.R. 609\""}]"",
    ""jurisdictionId"": ""unspecified"",
    ""citedCount"": 4
  }
]"
https://synthetic.leread.ca/silver/G0481,"[
  {
    ""id"": ""silver-G0481"",
    ""docType"": ""LEGISLATION"",
    ""path"": ""/synthetic/silver/G0481"",
    ""docTitle"": ""Workers Compensation Amendment Act"",
    ""autoCompletions"": ""[{\""type\"":\""MAIN_TITLE\"",\""text\"":\""Workers Compensation Amendment Act\""},{\""type\"":\""LEGISLATION_REFERENCE\"",\""text\"":\""S.B.C. 2002, c. 56\""}]"",
    ""jurisdictionId"": ""unspecified"",
    ""citedCount"": 1
  }
]"
https://synthetic.leread.ca/silver/G0482,"[
  {
    ""id"": ""silver-G0482"",
    ""docType"": ""DOCTRINE"",
    ""path"": ""/synthetic/silver/G0482"",
    ""docTitle"": ""Workers’ Compensation in Canada"",
    ""autoCompletions"": ""[{\""type\"":\""MAIN_TITLE\"",\""text\"":\""Workers’ Compensation in Canada\""},{\""type\"":\""MAIN_TITLE\"",\""text\"":\""Canada\""},{\""type\"":\""MAIN_TITLE\"",\""text\"":\""Workers’ Compensation in\""},{\""type\"":\""DOCTRINE_AUTHOR\"",\""text\"":\""Ison\""},{\""type\"":\""DOCTRINE_AUTHOR\"",\""text\"":\""Terence G. Ison\""}]"",
    ""jurisdictionId"": ""unspecified"",
    ""citedCount"": 3
  }
]"
https://synthetic.leread.ca/silver/G0483,"[
  {
    ""id"": ""silver-G0483"",
    ""docType"": ""DOCTRINE"",
    ""path"": ""/synthetic/silver/G0483"",
    ""docTitle"": ""Workers’ Compensation in Ontario"",
    ""autoCompletions"": ""[{\""type\"":\""MAIN_TITLE\"",\""text\"":\""Workers’ Compensation in Ontario\""},{\""type\"":\""MAIN_TITLE\"",\""text\"":\""Ontario\""},{\""type\"":\""MAIN_TITLE\"",\""text\"":\""Workers’ Compensation In Ontario\""},{\""type\"":\""MAIN_TITLE\"",\""text\"":\""Workers’ Compensation in\""},{\""type\"":\""DOCTRINE_AUTHOR\"",\""text\"":\""Dee, McCombie and Newhouse\""},{\""type\"":\""DOCTRINE_AUTHOR\"",\""text\"":\""Douglas G. Gilbert &amp; L.A. Liversidge\""},{\""type\"":\""DOCTRINE_AUTHOR\"",\""text\"":\""Douglas G. Gilbert and L.A. Liversidge\""},{\""type\"":\""DOCTRINE_AUTHOR\"",\""text\"":\""Douglas Gilbert\""},{\""type\"":\""DOCTRINE_AUTHOR\"",\""text\"":\""Garth Dee, Nick McCombie and Gary Newhouse\""},{\""type\"":\""DOCTRINE_AUTHOR\"",\""text\"":\""Gilbert and Liversidge\""}]"",
    ""jurisdictionId"": ""unspecified"",
    ""citedCount"": 6
  }
]"
https://synthetic.leread.ca/silver/G0484,"[
  {
    ""id"": ""silver-G0484"",
    ""docType"": ""LEGISLATION"",
    ""path"": ""/synthetic/silver/G0484"",
    ""docTitle"": ""Workplace Health, Safety and Compensation Commission Act"",
    ""autoCompletions"": ""[{\""type\"":\""MAIN_TITLE\"",\""text\"":\""Workplace Health, Safety and Compensation Commission Act\""},{\""type\"":\""LEGISLATION_ALTERNATE_TITLE\"",\""text\"":\""Act\""},{\""type\"":\""LEGISLATION_ALTERNATE_TITLE\"",\""text\"":\""Loi sur la Commission de la santé, de la sécurité et de l’indemnisation des accidents au travail\""},{\""type\"":\""LEGISLATION_ALTERNATE_TITLE\"",\""text\"":\""WHSCC Act\""},{\""type\"":\""LEGISLATION_ALTERNATE_TITLE\"",\""text\"":\""Workplace Health, Safety Compensation Commission Act\""},{\""type\"":\""LEGISLATION_REFERENCE\"",\""text\"":\""S.N.B. 1994, c. W-14\""}]"",
    ""jurisdictionId"": ""unspecified"",
    ""citedCount"": 23
  }
]"
https://synthetic.leread.ca/silver/G0486,"[
  {
    ""id"": ""silver-G0486"",
    ""docType"": ""DECISION"",
    ""path"": ""/synthetic/silver/G0486"",
    ""docTitle"": ""[1992] O.W.C.A.T.D. No. 713 (QL)"",
    ""autoCompletions"": ""[{\""type\"":\""MAIN_TITLE\"",\""text\"":\""[1992] O.W.C.A.T.D. No. 713 (QL)\""},{\""type\"":\""DECISION_ALTERNATE_TITLE\"",\""text\"":\""<i>717/88</i>\""},{\""type\"":\""DECISION_OTHER_REFERENCES\"",\""text\"":\""[1992] O.W.C.A.T.D. No. 713 (QL)\""}]"",
    ""jurisdictionId"": ""unspecified"",
    ""citedCount"": 1
  }
]"
https://synthetic.leread.ca/silver/G0487,"[
  {
    ""id"": ""silver-G0487"",
    ""docType"": ""DECISION"",
    ""path"": ""/synthetic/silver/G0487"",
    ""docTitle"": ""[1994] O.W.C.A.T.D. No. 83 (QL)"",
    ""autoCompletions"": ""[{\""type\"":\""MAIN_TITLE\"",\""text\"":\""[1994] O.W.C.A.T.D. No. 83 (QL)\""},{\""type\"":\""DECISION_OTHER_REFERENCES\"",\""text\"":\""[1994] O.W.C.A.T.D. No. 83 (QL)\""}]"",
    ""jurisdictionId"": ""unspecified"",
    ""citedCount"": 1
  }
]"
https://synthetic.leread.ca/silver/G0488,"[
  {
    ""id"": ""silver-G0488"",
    ""docType"": ""DECISION"",
    ""path"": ""/synthetic/silver/G0488"",
    ""docTitle"": ""[1995] O.W.C.A.T.D. No. 1116 (QL)"",
    ""autoCompletions"": ""[{\""type\"":\""MAIN_TITLE\"",\""text\"":\""[1995] O.W.C.A.T.D. No. 1116 (QL)\""},{\""type\"":\""DECISION_OTHER_REFERENCES\"",\""text\"":\""[1995] O.W.C.A.T.D. No. 1116 (QL)\""}]"",
    ""jurisdictionId"": ""unspecified"",
    ""citedCount"": 1
  }
]"
https://synthetic.leread.ca/silver/G0489,"[
  {
    ""id"": ""silver-G0489"",
    ""docType"": ""DECISION"",
    ""path"": ""/synthetic/silver/G0489"",
    ""docTitle"": ""[1999] O.W.S.I.A.T.D. No. 2233 (QL)"",
    ""autoCompletions"": ""[{\""type\"":\""MAIN_TITLE\"",\""text\"":\""[1999] O.W.S.I.A.T.D. No. 2233 (QL)\""},{\""type\"":\""DECISION_ALTERNATE_TITLE\"",\""text\"":\""<i>1763/99</i>\""},{\""type\"":\""DECISION_OTHER_REFERENCES\"",\""text\"":\""[1999] O.W.S.I.A.T.D. No. 2233 (QL)\""}]"",
    ""jurisdictionId"": ""unspecified"",
    ""citedCount"": 1
  }
]"
https://synthetic.leread.ca/silver/G0490,"[
  {
    ""id"": ""silver-G0490"",
    ""docType"": ""DECISION"",
    ""path"": ""/synthetic/silver/G0490"",
    ""docTitle"": ""[2002] O.W.S.I.A.T.D. No. 1064 (QL)"",
    ""autoCompletions"": ""[{\""type\"":\""MAIN_TITLE\"",\""text\"":\""[2002] O.W.S.I.A.T.D. No. 1064 (QL)\""},{\""type\"":\""DECISION_ALTERNATE_TITLE\"",\""text\"":\""<i>576 02</i>\""},{\""type\"":\""DECISION_OTHER_REFERENCES\"",\""text\"":\""[2002] O.W.S.I.A.T.D. No. 1064 (QL)\""}]"",
    ""jurisdictionId"": ""unspecified"",
    ""citedCount"": 1
  }
]"
https://synthetic.leread.ca/silver/G0492,"[
  {
    ""id"": ""silver-G0492"",
    ""docType"": ""DECISION"",
    ""path"": ""/synthetic/silver/G0492"",
    ""docTitle"": ""Secretary of State for Education and Science v. Tameside Metropolitan Borough Council"",
    ""autoCompletions"": ""[{\""type\"":\""MAIN_TITLE\"",\""text\"":\""Secretary of State for Education and Science v. Tameside Metropolitan Borough Council\""},{\""type\"":\""DECISION_OTHER_REFERENCES\"",\""text\"":\""[1977] A.C. 1014 (H.L.)\""}]"",
    ""jurisdictionId"": ""unspecified"",
    ""citedCount"": 1
  }
]"
https://synthetic.leread.ca/silver/G0493,"[
  {
    ""id"": ""silver-G0493"",
    ""docType"": ""DOCTRINE"",
    ""path"": ""/synthetic/silver/G0493"",
    ""docTitle"": ""Standards of Review Employed by Appellate Courts"",
    ""autoCompletions"": ""[{\""type\"":\""MAIN_TITLE\"",\""text\"":\""Standards of Review Employed by Appellate Courts\""},{\""type\"":\""DOCTRINE_AUTHOR\"",\""text\"":\""R.P. Kerans\""}]"",
    ""jurisdictionId"": ""unspecified"",
    ""citedCount"": 1
  }
]"
https://synthetic.leread.ca/silver/G0495,"[
  {
    ""id"": ""silver-G0495"",
    ""docType"": ""DECISION"",
    ""path"": ""/synthetic/silver/G0495"",
    ""docTitle"": ""Baffin Plumbing & Heating Ltd. v. Northwest Territories (Labour Standards Board)"",
    ""autoCompletions"": ""[{\""type\"":\""MAIN_TITLE\"",\""text\"":\""Baffin Plumbing & Heating Ltd. v. Northwest Territories (Labour Standards Board)\""},{\""type\"":\""DECISION_ALTERNATE_TITLE\"",\""text\"":\""Baffin Plumbing &amp; Heating Ltd. v. Northwest Territories (Labour Standards Board)\""},{\""type\"":\""DECISION_OTHER_REFERENCES\"",\""text\"":\""[1993] N.W.T.J. No 111\""},{\""type\"":\""DECISION_OTHER_REFERENCES\"",\""text\"":\""[1993] N.W.T.R. 301\""},{\""type\"":\""DECISION_OTHER_REFERENCES\"",\""text\"":\""[1997] N.W.T.J. No. 26\""}]"",
    ""jurisdictionId"": ""unspecified"",
    ""citedCount"": 2
  }
]"
https://synthetic.leread.ca/silver/G0496,"[
  {
    ""id"": ""silver-G0496"",
    ""docType"": ""DECISION"",
    ""path"": ""/synthetic/silver/G0496"",
    ""docTitle"": ""Canada Life Assurance Co. v. Nova Scotia (Minister of Municipal Affairs)"",
    ""autoCompletions"": ""[{\""type\"":\""MAIN_TITLE\"",\""text\"":\""Canada Life Assurance Co. v. Nova Scotia (Minister of Municipal Affairs)\""},{\""type\"":\""DECISION_OTHER_REFERENCES\"",\""text\"":\""[1995] CarswellNS 260 (S.C.)\""},{\""type\"":\""DECISION_OTHER_REFERENCES\"",\""text\"":\""[1995] N.S.J. No. 500\""}]"",
    ""jurisdictionId"": ""unspecified"",
    ""citedCount"": 1
  }
]"
https://synthetic.leread.ca/silver/G0497,"[
  {
    ""id"": ""silver-G0497"",
    ""docType"": ""DECISION"",
    ""path"": ""/synthetic/silver/G0497"",
    ""docTitle"": ""Canadian Union of Public Employees, Local 301 v. Montreal (City)"",
    ""autoCompletions"": ""[{\""type\"":\""MAIN_TITLE\"",\""text\"":\""Canadian Union of Public Employees, Local 301 v. Montreal (City)\""},{\""type\"":\""DECISION_ALTERNATE_TITLE\"",\""text\"":\""Montreal (City)\""},{\""type\"":\""DECISION_OTHER_REFERENCES\"",\""text\"":\""1997 CanLII 386\""},{\""type\"":\""DECISION_OTHER_REFERENCES\"",\""text\"":\""[1997] 1 S.C.R. 793\""}]"",
    ""jurisdictionId"": ""unspecified"",
    ""citedCount"": 2
  }
]"
https://synthetic.leread.ca/silver/G0499,"[
  {
    ""id"": ""silver-G0499"",
    ""docType"": ""DECISION"",
    ""path"": ""/synthetic/silver/G0499"",
    ""docTitle"": ""Daku v. Saskatchewan (Agriculture and Food Lands Appeal Board)"",
    ""autoCompletions"": ""[{\""type\"":\""MAIN_TITLE\"",\""text\"":\""Daku v. Saskatchewan (Agriculture and Food Lands Appeal Board)\""},{\""type\"":\""DECISION_ALTERNATE_TITLE\"",\""text\"":\""Daku\""},{\""type\"":\""DECISION_OTHER_REFERENCES\"",\""text\"":\""1998 CanLII 13481\""},{\""type\"":\""DECISION_OTHER_REFERENCES\"",\""text\"":\""[1998] S.J. No. 139 (Q.B.)\""}]"",
    ""jurisdictionId"": ""unspecified"",
    ""citedCount"": 2
  }
]"
https://synthetic.leread.ca/silver/G0500,"[
  {
    ""id"": ""silver-G0500"",
    ""docType"": ""DOCTRINE"",
    ""path"": ""/synthetic/silver/G0500"",
    ""docTitle"": ""Judicial Review of Administrative Action in Canada"",
    ""autoCompletions"": ""[{\""type\"":\""MAIN_TITLE\"",\""text\"":\""Judicial Review of Administrative Action in Canada\""}]"",
    ""jurisdictionId"": ""unspecified"",
    ""citedCount"": 1
  }
]"
https://synthetic.leread.ca/silver/G0501,"[
  {
    ""id"": ""silver-G0501"",
    ""docType"": ""LEGISLATION"",
    ""path"": ""/synthetic/silver/G0501"",
    ""docTitle"": ""Labour Standards Act"",
    ""autoCompletions"": ""[{\""type\"":\""MAIN_TITLE\"",\""text\"":\""Labour Standards Act\""}]"",
    ""jurisdictionId"": ""unspecified"",
    ""citedCount"": 2
  }
]"
https://synthetic.leread.ca/silver/G0503,"[
  {
    ""id"": ""silver-G0503"",
    ""docType"": ""DECISION"",
    ""path"": ""/synthetic/silver/G0503"",
    ""docTitle"": ""MacQueen v. New Brunswick (Assessment and Planning Appeal Board)"",
    ""autoCompletions"": ""[{\""type\"":\""MAIN_TITLE\"",\""text\"":\""MacQueen v. New Brunswick (Assessment and Planning Appeal Board)\""},{\""type\"":\""DECISION_OTHER_REFERENCES\"",\""text\"":\""2005 NBQB 154\""},{\""type\"":\""DECISION_OTHER_REFERENCES\"",\""text\"":\""[2005] CarswellNB 315\""}]"",
    ""jurisdictionId"": ""unspecified"",
    ""citedCount"": 1
  }
]"
https://synthetic.leread.ca/silver/G0505,"[
  {
    ""id"": ""silver-G0505"",
    ""docType"": ""DECISION"",
    ""path"": ""/synthetic/silver/G0505"",
    ""docTitle"": ""Marren v. Echo Bay Mines Ltd."",
    ""autoCompletions"": ""[{\""type\"":\""MAIN_TITLE\"",\""text\"":\""Marren v. Echo Bay Mines Ltd.\""},{\""type\"":\""DECISION_OTHER_REFERENCES\"",\""text\"":\""2000 NWTCA 6\""},{\""type\"":\""DECISION_OTHER_REFERENCES\"",\""text\"":\""[2000] N.W.T.J. No. 62\""}]"",
    ""jurisdictionId"": ""unspecified"",
    ""citedCount"": 1
  }
]"
https://synthetic.leread.ca/silver/G0507,"[
  {
    ""id"": ""silver-G0507"",
    ""docType"": ""DECISION"",
    ""path"": ""/synthetic/silver/G0507"",
    ""docTitle"": ""Metropolitan Toronto Condominum Corp. No 781 v. Reyhanian"",
    ""autoCompletions"": ""[{\""type\"":\""MAIN_TITLE\"",\""text\"":\""Metropolitan Toronto Condominum Corp. No 781 v. Reyhanian\""},{\""type\"":\""DECISION_OTHER_REFERENCES\"",\""text\"":\""[2000] O.J.No. 2640\""}]"",
    ""jurisdictionId"": ""unspecified"",
    ""citedCount"": 1
  }
]"
https://synthetic.leread.ca/silver/G0508,"[
  {
    ""id"": ""silver-G0508"",
    ""docType"": ""DECISION"",
    ""path"": ""/synthetic/silver/G0508"",
    ""docTitle"": ""North American Tungsten Corp. Ltd. v. MacKenzie Valley Land and Water Board"",
    ""autoCompletions"": ""[{\""type\"":\""MAIN_TITLE\"",\""text\"":\""North American Tungsten Corp. Ltd. v. MacKenzie Valley Land and Water Board\""},{\""type\"":\""DECISION_ALTERNATE_TITLE\"",\""text\"":\""North American Tungsten\""},{\""type\"":\""DECISION_OTHER_REFERENCES\"",\""text\"":\""2003 NWTCA 3\""},{\""type\"":\""DECISION_OTHER_REFERENCES\"",\""text\"":\""[2003] N.W.T.J. No. 4\""}]"",
    ""jurisdictionId"": ""unspecified"",
    ""citedCount"": 3
  }
]"
https://synthetic.leread.ca/silver/G0510,"[
  {
    ""id"": ""silver-G0510"",
    ""docType"": ""LEGISLATION"",
    ""path"": ""/synthetic/silver/G0510"",
    ""docTitle"": ""Ontario Rules of Civil Procedure"",
    ""autoCompletions"": ""[{\""type\"":\""MAIN_TITLE\"",\""text\"":\""Ontario Rules of Civil Procedure\""},{\""type\"":\""LEGISLATION_ALTERNATE_TITLE\"",\""text\"":\""Ontario’s amended Rule 20\""},{\""type\"":\""LEGISLATION_REFERENCE\"",\""text\"":\""<auto_label id=\\\""135\\\"" labelname=\\\""title\\\"" parent=\\\""citation\\\"" style=\\\""background-color: rgb(147, 196, 125); color: black;\\\"" titletype=\\\""official\\\"" verified=\\\""false\\\"">Ontario Rule 39.01</auto_label>\""}]"",
    ""jurisdictionId"": ""unspecified"",
    ""citedCount"": 2
  }
]"
https://synthetic.leread.ca/silver/G0511,"[
  {
    ""id"": ""silver-G0511"",
    ""docType"": ""DECISION"",
    ""path"": ""/synthetic/silver/G0511"",
    ""docTitle"": ""R. v. Northumberland Compensation Appeal Tribunal, ex parte Shaw"",
    ""autoCompletions"": ""[{\""type\"":\""MAIN_TITLE\"",\""text\"":\""R. v. Northumberland Compensation Appeal Tribunal, ex parte Shaw\""},{\""type\"":\""DECISION_ALTERNATE_TITLE\"",\""text\"":\""Northumberland\""},{\""type\"":\""DECISION_ALTERNATE_TITLE\"",\""text\"":\""Northumberland case\""},{\""type\"":\""DECISION_OTHER_REFERENCES\"",\""text\"":\""[1952] 1 All E.R. 122\""},{\""type\"":\""DECISION_OTHER_REFERENCES\"",\""text\"":\""[1952] 1 K.B. 338 (C.A.)\""}]"",
    ""jurisdictionId"": ""unspecified"",
    ""citedCount"": 6
  }
]"
https://synthetic.leread.ca/silver/G0513,"[
  {
    ""id"": ""silver-G0513"",
    ""docType"": ""DECISION"",
    ""path"": ""/synthetic/silver/G0513"",
    ""docTitle"": ""S. (J.) (Litigation Guardian of) v. Nunavut"",
    ""autoCompletions"": ""[{\""type\"":\""MAIN_TITLE\"",\""text\"":\""S. (J.) (Litigation Guardian of) v. Nunavut\""},{\""type\"":\""DECISION_OTHER_REFERENCES\"",\""text\"":\""2006 NUCJ 01\""},{\""type\"":\""DECISION_OTHER_REFERENCES\"",\""text\"":\""[2006] Nu.J. No. 1\""}]"",
    ""jurisdictionId"": ""unspecified"",
    ""citedCount"": 1
  }
]"
https://synthetic.leread.ca/silver/G0514,"[
  {
    ""id"": ""silver-G0514"",
    ""docType"": ""DOCTRINE"",
    ""path"": ""/synthetic/silver/G0514"",
    ""docTitle"": ""The Dictionary of Canadian Law"",
    ""autoCompletions"": ""[{\""type\"":\""MAIN_TITLE\"",\""text\"":\""The Dictionary of Canadian Law\""}]"",
    ""jurisdictionId"": ""unspecified"",
    ""citedCount"": 1
  }
]"
https://synthetic.leread.ca/silver/G0515,"[
  {
    ""id"": ""silver-G0515"",
    ""docType"": ""DECISION"",
    ""path"": ""/synthetic/silver/G0515"",
    ""docTitle"": ""Waverly (Village) v. Minister of Municipal Affairs"",
    ""autoCompletions"": ""[{\""type\"":\""MAIN_TITLE\"",\""text\"":\""Waverly (Village) v. Minister of Municipal Affairs\""},{\""type\"":\""DECISION_OTHER_REFERENCES\"",\""text\"":\""[1993] CarswellNS 201 (S.C.)\""},{\""type\"":\""DECISION_OTHER_REFERENCES\"",\""text\"":\""[1993] N.S.J. No. 238\""}]"",
    ""jurisdictionId"": ""unspecified"",
    ""citedCount"": 1
  }
]"
https://synthetic.leread.ca/silver/G0516,"[
  {
    ""id"": ""silver-G0516"",
    ""docType"": ""DECISION"",
    ""path"": ""/synthetic/silver/G0516"",
    ""docTitle"": ""Whitehouse v. Sun Oil"",
    ""autoCompletions"": ""[{\""type\"":\""MAIN_TITLE\"",\""text\"":\""Whitehouse v. Sun Oil\""},{\""type\"":\""DECISION_ALTERNATE_TITLE\"",\""text\"":\""Whitehouse v. Sun Oil.\""},{\""type\"":\""DECISION_OTHER_REFERENCES\"",\""text\"":\""[1982] 6 W.W.R. 289\""},{\""type\"":\""DECISION_OTHER_REFERENCES\"",\""text\"":\""[1982] A.J. No. 656 (AB. C.A.)\""}]"",
    ""jurisdictionId"": ""unspecified"",
    ""citedCount"": 1
  }
]"
https://synthetic.leread.ca/silver/G0517,"[
  {
    ""id"": ""silver-G0517"",
    ""docType"": ""DECISION"",
    ""path"": ""/synthetic/silver/G0517"",
    ""docTitle"": ""Whitty and Associates Inc. et. al. v. Kakivak Developments et. al."",
    ""autoCompletions"": ""[{\""type\"":\""MAIN_TITLE\"",\""text\"":\""Whitty and Associates Inc. et. al. v. Kakivak Developments et. al.\""},{\""type\"":\""DECISION_OTHER_REFERENCES\"",\""text\"":\""Iqaluit CV-0000407 (Nu. C.J.)\""}]"",
    ""jurisdictionId"": ""unspecified"",
    ""citedCount"": 1
  }
]"
https://synthetic.leread.ca/silver/G0518,"[
  {
    ""id"": ""silver-G0518"",
    ""docType"": ""DECISION"",
    ""path"": ""/synthetic/silver/G0518"",
    ""docTitle"": ""710357 Ontario Ltd. v. Penetanguishene (Town of)"",
    ""autoCompletions"": ""[{\""type\"":\""MAIN_TITLE\"",\""text\"":\""710357 Ontario Ltd. v. Penetanguishene (Town of)\""},{\""type\"":\""DECISION_ALTERNATE_TITLE\"",\""text\"":\""710357 Ontario Ltd. v. Penetanguishene (Town of) (1998)\""},{\""type\"":\""DECISION_ALTERNATE_TITLE\"",\""text\"":\""Penetanguishene\""},{\""type\"":\""DECISION_OTHER_REFERENCES\"",\""text\"":\""164 D.L.R. (4th) 755\""}]"",
    ""jurisdictionId"": ""unspecified"",
    ""citedCount"": 4
  }
]"
https://synthetic.leread.ca/silver/G0519,"[
  {
    ""id"": ""silver-G0519"",
    ""docType"": ""LEGISLATION"",
    ""path"": ""/synthetic/silver/G0519"",
    ""docTitle"": ""An Act to Amend the Hamlets Act"",
    ""autoCompletions"": ""[{\""type\"":\""MAIN_TITLE\"",\""text\"":\""An Act to Amend the Hamlets Act\""},{\""type\"":\""LEGISLATION_ALTERNATE_TITLE\"",\""text\"":\""An Act of Amend the Hamlets Act\""},{\""type\"":\""LEGISLATION_REFERENCE\"",\""text\"":\""S. Nu. 2003, c. 3\""}]"",
    ""jurisdictionId"": ""unspecified"",
    ""citedCount"": 1
  }
]"
https://synthetic.leread.ca/silver/G0521,"[
  {
    ""id"": ""silver-G0521"",
    ""docType"": ""LEGISLATION"",
    ""path"": ""/synthetic/silver/G0521"",
    ""docTitle"": ""Cambridge Bay Water Rate By-law #188"",
    ""autoCompletions"": ""[{\""type\"":\""MAIN_TITLE\"",\""text\"":\""Cambridge Bay Water Rate By-law #188\""},{\""type\"":\""LEGISLATION_ALTERNATE_TITLE\"",\""text\"":\""by-law\""},{\""type\"":\""LEGISLATION_ALTERNATE_TITLE\"",\""text\"":\""by-law #188\""},{\""type\"":\""LEGISLATION_ALTERNATE_TITLE\"",\""text\"":\""by-law, <auto_label id=\\\""4\\\"" labelname=\\\""citation\\\"" parent=\\\""title\\\"" style=\\\""background-color: rgb(255, 87, 51); color: black;\\\"" verified=\\\""false\\\"">#188</auto_label>\""},{\""type\"":\""LEGISLATION_REFERENCE\"",\""text\"":\""<auto_label id=\\\""118\\\"" labelname=\\\""title\\\"" parent=\\\""citation\\\"" style=\\\""background-color: rgb(147, 196, 125); color: black;\\\"" titletype=\\\""official\\\"" verified=\\\""false\\\"">by-law #188</auto_label>\""},{\""type\"":\""LEGISLATION_ALTERNATE_REFERENCE\"",\""text\"":\""<auto_label id=\\\""126\\\"" labelname=\\\""title\\\"" parent=\\\""citation\\\"" style=\\\""background-color: rgb(147, 196, 125); color: black;\\\"" titletype=\\\""official\\\"" verified=\\\""false\\\"">By-law #188</auto_label>\""},{\""type\"":\""LEGISLATION_ALTERNATE_REFERENCE\"",\""text\"":\""<auto_label id=\\\""38\\\"" labelname=\\\""title\\\"" parent=\\\""citation\\\"" style=\\\""background-color: rgb(147, 196, 125); color: black;\\\"" titletype=\\\""official\\\"" verified=\\\""false\\\"">By-law #188</auto_label>\""},{\""type\"":\""LEGISLATION_ALTERNATE_REFERENCE\"",\""text\"":\""<auto_label id=\\\""7\\\"" labelname=\\\""title\\\"" parent=\\\""citation\\\"" style=\\\""background-color: rgb(147, 196, 125); color: black;\\\"" titletype=\\\""official\\\"" verified=\\\""false\\\"">By-law #188</auto_label>\""}]"",
    ""jurisdictionId"": ""unspecified"",
    ""citedCount"": 7
  }
]"
https://synthetic.leread.ca/silver/G0522,"[
  {
    ""id"": ""silver-G0522"",
    ""docType"": ""LEGISLATION"",
    ""path"": ""/synthetic/silver/G0522"",
    ""docTitle"": ""Hamlets Act"",
    ""autoCompletions"": ""[{\""type\"":\""MAIN_TITLE\"",\""text\"":\""Hamlets Act\""},{\""type\"":\""LEGISLATION_ALTERNATE_TITLE\"",\""text\"":\""Act\""},{\""type\"":\""LEGISLATION_REFERENCE\"",\""text\"":\""R.S.N.W.T. 1988, c. H 1\""}]"",
    ""jurisdictionId"": ""unspecified"",
    ""citedCount"": 16
  }
]"
https://synthetic.leread.ca/silver/G0523,"[
  {
    ""id"": ""silver-G0523"",
    ""docType"": ""LEGISLATION"",
    ""path"": ""/synthetic/silver/G0523"",
    ""docTitle"": ""Interpretation Act (Alberta)"",
    ""autoCompletions"": ""[{\""type\"":\""MAIN_TITLE\"",\""text\"":\""Interpretation Act (Alberta)\""},{\""type\"":\""LEGISLATION_ALTERNATE_TITLE\"",\""text\"":\""Alberta=s Interpretation Act\""},{\""type\"":\""LEGISLATION_REFERENCE\"",\""text\"":\""R.S.A. 2000, c. I 8\""}]"",
    ""jurisdictionId"": ""unspecified"",
    ""citedCount"": 1
  }
]"
https://synthetic.leread.ca/silver/G0524,"[
  {
    ""id"": ""silver-G0524"",
    ""docType"": ""DECISION"",
    ""path"": ""/synthetic/silver/G0524"",
    ""docTitle"": ""Kitikmeot Corp. v. Cambridge Bay, 2006 NUCJ 16"",
    ""autoCompletions"": ""[{\""type\"":\""MAIN_TITLE\"",\""text\"":\""Kitikmeot Corp. v. Cambridge Bay, 2006 NUCJ 16\""},{\""type\"":\""DECISION_ALTERNATE_TITLE\"",\""text\"":\""Cambridge Bay\""},{\""type\"":\""DECISION_OTHER_REFERENCES\"",\""text\"":\""2006 NUCJ 16\""}]"",
    ""jurisdictionId"": ""unspecified"",
    ""citedCount"": 2
  }
]"
https://synthetic.leread.ca/silver/G0525,"[
  {
    ""id"": ""silver-G0525"",
    ""docType"": ""DOCTRINE"",
    ""path"": ""/synthetic/silver/G0525"",
    ""docTitle"": ""Makuch, Canadian Municipal and Planning Law"",
    ""autoCompletions"": ""[{\""type\"":\""MAIN_TITLE\"",\""text\"":\""Makuch, Canadian Municipal and Planning Law\""},{\""type\"":\""MAIN_TITLE\"",\""text\"":\""Canadian Municipal and Planning Law\""},{\""type\"":\""DOCTRINE_AUTHOR\"",\""text\"":\""Makuch\""}]"",
    ""jurisdictionId"": ""unspecified"",
    ""citedCount"": 1
  }
]"
https://synthetic.leread.ca/silver/G0526,"[
  {
    ""id"": ""silver-G0526"",
    ""docType"": ""DECISION"",
    ""path"": ""/synthetic/silver/G0526"",
    ""docTitle"": ""Montréal (City of) v. Arcade Amusements Inc."",
    ""autoCompletions"": ""[{\""type\"":\""MAIN_TITLE\"",\""text\"":\""Montréal (City of) v. Arcade Amusements Inc.\""},{\""type\"":\""DECISION_OTHER_REFERENCES\"",\""text\"":\""[1985] 1 S.C.R. 368\""}]"",
    ""jurisdictionId"": ""unspecified"",
    ""citedCount"": 1
  }
]"
https://synthetic.leread.ca/silver/G0527,"[
  {
    ""id"": ""silver-G0527"",
    ""docType"": ""LEGISLATION"",
    ""path"": ""/synthetic/silver/G0527"",
    ""docTitle"": ""Municipal Government Act"",
    ""autoCompletions"": ""[{\""type\"":\""MAIN_TITLE\"",\""text\"":\""Municipal Government Act\""}]"",
    ""jurisdictionId"": ""unspecified"",
    ""citedCount"": 1
  }
]"
https://synthetic.leread.ca/silver/G0530,"[
  {
    ""id"": ""silver-G0530"",
    ""docType"": ""DOCTRINE"",
    ""path"": ""/synthetic/silver/G0530"",
    ""docTitle"": ""Rogers, The Law of Canadian Municipal Corporations"",
    ""autoCompletions"": ""[{\""type\"":\""MAIN_TITLE\"",\""text\"":\""Rogers, The Law of Canadian Municipal Corporations\""},{\""type\"":\""MAIN_TITLE\"",\""text\"":\""The Law of Canadian Municipal Corporations\""},{\""type\"":\""DOCTRINE_AUTHOR\"",\""text\"":\""Rogers\""}]"",
    ""jurisdictionId"": ""unspecified"",
    ""citedCount"": 2
  }
]"
https://synthetic.leread.ca/silver/G0531,"[
  {
    ""id"": ""silver-G0531"",
    ""docType"": ""DECISION"",
    ""path"": ""/synthetic/silver/G0531"",
    ""docTitle"": ""School District No. 61 v. District of Oak Bay"",
    ""autoCompletions"": ""[{\""type\"":\""MAIN_TITLE\"",\""text\"":\""School District No. 61 v. District of Oak Bay\""},{\""type\"":\""DECISION_OTHER_REFERENCES\"",\""text\"":\""2006 BCCA 28\""}]"",
    ""jurisdictionId"": ""unspecified"",
    ""citedCount"": 1
  }
]"
https://synthetic.leread.ca/silver/G0532,"[
  {
    ""id"": ""silver-G0532"",
    ""docType"": ""DOCTRINE"",
    ""path"": ""/synthetic/silver/G0532"",
    ""docTitle"": ""Sullivan, Statutory Interpretation"",
    ""autoCompletions"": ""[{\""type\"":\""MAIN_TITLE\"",\""text\"":\""Sullivan, Statutory Interpretation\""},{\""type\"":\""MAIN_TITLE\"",\""text\"":\""Statutory Interpretation\""},{\""type\"":\""DOCTRINE_AUTHOR\"",\""text\"":\""Sullivan\""}]"",
    ""jurisdictionId"": ""unspecified"",
    ""citedCount"": 1
  }
]"
https://synthetic.leread.ca/silver/G0533,"[
  {
    ""id"": ""silver-G0533"",
    ""docType"": ""LEGISLATION"",
    ""path"": ""/synthetic/silver/G0533"",
    ""docTitle"": ""The Judicature Act"",
    ""autoCompletions"": ""[{\""type\"":\""MAIN_TITLE\"",\""text\"":\""The Judicature Act\""},{\""type\"":\""LEGISLATION_REFERENCE\"",\""text\"":\""S.N.W.T. 1998, c. 34\""}]"",
    ""jurisdictionId"": ""unspecified"",
    ""citedCount"": 1
  }
]"
https://synthetic.leread.ca/silver/G0535,"[
  {
    ""id"": ""silver-G0535"",
    ""docType"": ""LEGISLATION"",
    ""path"": ""/synthetic/silver/G0535"",
    ""docTitle"": ""Utility Rates Review Council Act"",
    ""autoCompletions"": ""[{\""type\"":\""MAIN_TITLE\"",\""text\"":\""Utility Rates Review Council Act\""}]"",
    ""jurisdictionId"": ""unspecified"",
    ""citedCount"": 1
  }
]"
https://synthetic.leread.ca/silver/G0536,"[
  {
    ""id"": ""silver-G0536"",
    ""docType"": ""DECISION"",
    ""path"": ""/synthetic/silver/G0536"",
    ""docTitle"": ""Farnya v. Chorny"",
    ""autoCompletions"": ""[{\""type\"":\""MAIN_TITLE\"",\""text\"":\""Farnya v. Chorny\""},{\""type\"":\""DECISION_ALTERNATE_TITLE\"",\""text\"":\""Farnya vs. Chorny\""},{\""type\"":\""DECISION_OTHER_REFERENCES\"",\""text\"":\""[1952] 2 D.L.R. 354 (BCCA)\""}]"",
    ""jurisdictionId"": ""unspecified"",
    ""citedCount"": 2
  }
]"
https://synthetic.leread.ca/silver/G0537,"[
  {
    ""id"": ""silver-G0537"",
    ""docType"": ""DECISION"",
    ""path"": ""/synthetic/silver/G0537"",
    ""docTitle"": ""Juniper Centre Inc. v. United Steelworkers of America"",
    ""autoCompletions"": ""[{\""type\"":\""MAIN_TITLE\"",\""text\"":\""Juniper Centre Inc. v. United Steelworkers of America\""},{\""type\"":\""DECISION_ALTERNATE_TITLE\"",\""text\"":\""Juniper\""},{\""type\"":\""DECISION_ALTERNATE_TITLE\"",\""text\"":\""Juniper Centre Inc. - and - United Steelworkers of America ‑ and - T. Sollis et al\""},{\""type\"":\""DECISION_OTHER_REFERENCES\"",\""text\"":\""(1992), M.L.B.D.\""}]"",
    ""jurisdictionId"": ""unspecified"",
    ""citedCount"": 4
  }
]"
https://synthetic.leread.ca/silver/G0538,"[
  {
    ""id"": ""silver-G0538"",
    ""docType"": ""LEGISLATION"",
    ""path"": ""/synthetic/silver/G0538"",
    ""docTitle"": ""Labour Relations Act"",
    ""autoCompletions"": ""[{\""type\"":\""MAIN_TITLE\"",\""text\"":\""Labour Relations Act\""},{\""type\"":\""LEGISLATION_ALTERNATE_TITLE\"",\""text\"":\""The Labour Relations Act\""}]"",
    ""jurisdictionId"": ""unspecified"",
    ""citedCount"": 1
  }
]"
https://synthetic.leread.ca/silver/G0539,"[
  {
    ""id"": ""silver-G0539"",
    ""docType"": ""LEGISLATION"",
    ""path"": ""/synthetic/silver/G0539"",
    ""docTitle"": ""The Workplace Safety and Health Act"",
    ""autoCompletions"": ""[{\""type\"":\""MAIN_TITLE\"",\""text\"":\""The Workplace Safety and Health Act\""},{\""type\"":\""LEGISLATION_ALTERNATE_TITLE\"",\""text\"":\""Ac\""},{\""type\"":\""LEGISLATION_ALTERNATE_TITLE\"",\""text\"":\""Act\""},{\""type\"":\""LEGISLATION_ALTERNATE_TITLE\"",\""text\"":\""THE WORKPLACE SAFETY AND HEALTH ACT\""}]"",
    ""jurisdictionId"": ""unspecified"",
    ""citedCount"": 31
  }
]"
https://synthetic.leread.ca/silver/G0540,"[
  {
    ""id"": ""silver-G0540"",
    ""docType"": ""DECISION"",
    ""path"": ""/synthetic/silver/G0540"",
    ""docTitle"": ""(2005), 246 Nfld. & P.E.I.R. 228"",
    ""autoCompletions"": ""[{\""type\"":\""MAIN_TITLE\"",\""text\"":\""(2005), 246 Nfld. & P.E.I.R. 228\""},{\""type\"":\""DECISION_OTHER_REFERENCES\"",\""text\"":\""(2005), 246 Nfld. &amp; P.E.I.R. 228\""}]"",
    ""jurisdictionId"": ""unspecified"",
    ""citedCount"": 1
  }
]"
https://synthetic.leread.ca/silver/G0542,"[
  {
    ""id"": ""silver-G0542"",
    ""docType"": ""DECISION"",
    ""path"": ""/synthetic/silver/G0542"",
    ""docTitle"": ""Arsenault-Cameron v. Prince Edward Island"",
    ""autoCompletions"": ""[{\""type\"":\""MAIN_TITLE\"",\""text\"":\""Arsenault-Cameron v. Prince Edward Island\""},{\""type\"":\""DECISION_ALTERNATE_TITLE\"",\""text\"":\""Arsenault-Cameron\""},{\""type\"":\""DECISION_OTHER_REFERENCES\"",\""text\"":\""1999] 3 S.C.R. 851\""},{\""type\"":\""DECISION_OTHER_REFERENCES\"",\""text\"":\""[1999] 3 S.C.R. 851\""}]"",
    ""jurisdictionId"": ""unspecified"",
    ""citedCount"": 5
  }
]"
https://synthetic.leread.ca/silver/G0543,"[
  {
    ""id"": ""silver-G0543"",
    ""docType"": ""DECISION"",
    ""path"": ""/synthetic/silver/G0543"",
    ""docTitle"": ""Beno v. Canada"",
    ""autoCompletions"": ""[{\""type\"":\""MAIN_TITLE\"",\""text\"":\""Beno v. Canada\""},{\""type\"":\""DECISION_ALTERNATE_TITLE\"",\""text\"":\""<b>Beno</b> cases\""},{\""type\"":\""DECISION_OTHER_REFERENCES\"",\""text\"":\""[1997] 1 F.C. 911\""},{\""type\"":\""DECISION_OTHER_REFERENCES\"",\""text\"":\""[1997] 2 F.C. 527\""},{\""type\"":\""DECISION_OTHER_REFERENCES\"",\""text\"":\""[1997] S.C.C.A. No. 322\""}]"",
    ""jurisdictionId"": ""unspecified"",
    ""citedCount"": 4
  }
]"
https://synthetic.leread.ca/silver/G0544,"[
  {
    ""id"": ""silver-G0544"",
    ""docType"": ""DECISION"",
    ""path"": ""/synthetic/silver/G0544"",
    ""docTitle"": ""Beno v. Letourneau"",
    ""autoCompletions"": ""[{\""type\"":\""MAIN_TITLE\"",\""text\"":\""Beno v. Letourneau\""},{\""type\"":\""DECISION_ALTERNATE_TITLE\"",\""text\"":\""Beno\""},{\""type\"":\""DECISION_OTHER_REFERENCES\"",\""text\"":\""(1996), 207 N.R. 76 (FCA)\""}]"",
    ""jurisdictionId"": ""unspecified"",
    ""citedCount"": 3
  }
]"
https://synthetic.leread.ca/silver/G0545,"[
  {
    ""id"": ""silver-G0545"",
    ""docType"": ""DOCTRINE"",
    ""path"": ""/synthetic/silver/G0545"",
    ""docTitle"": ""Bias, How and When to Raise the Objection"",
    ""autoCompletions"": ""[{\""type\"":\""MAIN_TITLE\"",\""text\"":\""Bias, How and When to Raise the Objection\""},{\""type\"":\""DOCTRINE_AUTHOR\"",\""text\"":\""Geoffrey S. Lester\""}]"",
    ""jurisdictionId"": ""unspecified"",
    ""citedCount"": 1
  }
]"
https://synthetic.leread.ca/silver/G0546,"[
  {
    ""id"": ""silver-G0546"",
    ""docType"": ""DOCTRINE"",
    ""path"": ""/synthetic/silver/G0546"",
    ""docTitle"": ""Canadian Labour Arbitration"",
    ""autoCompletions"": ""[{\""type\"":\""MAIN_TITLE\"",\""text\"":\""Canadian Labour Arbitration\""},{\""type\"":\""DOCTRINE_AUTHOR\"",\""text\"":\""Brown and Beatty\""}]"",
    ""jurisdictionId"": ""unspecified"",
    ""citedCount"": 2
  }
]"
https://synthetic.leread.ca/silver/G0547,"[
  {
    ""id"": ""silver-G0547"",
    ""docType"": ""DECISION"",
    ""path"": ""/synthetic/silver/G0547"",
    ""docTitle"": ""City of St. John"",
    ""autoCompletions"": ""[{\""type\"":\""MAIN_TITLE\"",\""text\"":\""City of St. John\""},{\""type\"":\""DECISION_OTHER_REFERENCES\"",\""text\"":\""(1986), 24 L.A.C. (3d) 152\""}]"",
    ""jurisdictionId"": ""unspecified"",
    ""citedCount"": 2
  }
]"
https://synthetic.leread.ca/silver/G0548,"[
  {
    ""id"": ""silver-G0548"",
    ""docType"": ""DECISION"",
    ""path"": ""/synthetic/silver/G0548"",
    ""docTitle"": ""Committee for Justice and Liberty v. Canada (National Energy Board)"",
    ""autoCompletions"": ""[{\""type\"":\""MAIN_TITLE\"",\""text\"":\""Committee for Justice and Liberty v. Canada (National Energy Board)\""},{\""type\"":\""DECISION_ALTERNATE_TITLE\"",\""text\"":\""Committee for Justice &amp; Liberty v. Canada (National Energy Board)\""},{\""type\"":\""DECISION_OTHER_REFERENCES\"",\""text\"":\""[1978] 1 S.C.R. 369\""}]"",
    ""jurisdictionId"": ""unspecified"",
    ""citedCount"": 2
  }
]"
https://synthetic.leread.ca/silver/G0549,"[
  {
    ""id"": ""silver-G0549"",
    ""docType"": ""DECISION"",
    ""path"": ""/synthetic/silver/G0549"",
    ""docTitle"": ""Eckervogt v. British Columbia (Minister of Employment and Investment)"",
    ""autoCompletions"": ""[{\""type\"":\""MAIN_TITLE\"",\""text\"":\""Eckervogt v. British Columbia (Minister of Employment and Investment)\""},{\""type\"":\""DECISION_ALTERNATE_TITLE\"",\""text\"":\""Eckervogt\""},{\""type\"":\""DECISION_OTHER_REFERENCES\"",\""text\"":\""(2004), 241 D.L.R. (4th) 685\""}]"",
    ""jurisdictionId"": ""unspecified"",
    ""citedCount"": 2
  }
]"
https://synthetic.leread.ca/silver/G0550,"[
  {
    ""id"": ""silver-G0550"",
    ""docType"": ""DECISION"",
    ""path"": ""/synthetic/silver/G0550"",
    ""docTitle"": ""Flamborough"",
    ""autoCompletions"": ""[{\""type\"":\""MAIN_TITLE\"",\""text\"":\""Flamborough\""},{\""type\"":\""DECISION_ALTERNATE_TITLE\"",\""text\"":\""Flamborough v. National Energy Board, Interprovincial Pipelines Ltd. and Canada\""},{\""type\"":\""DECISION_OTHER_REFERENCES\"",\""text\"":\""(1984), 55 N.R. 95 (FCA)\""},{\""type\"":\""DECISION_OTHER_REFERENCES\"",\""text\"":\""(1984), 55 N.R. 95 (Fed. C.A.)\""}]"",
    ""jurisdictionId"": ""unspecified"",
    ""citedCount"": 6
  }
]"
https://synthetic.leread.ca/silver/G0551,"[
  {
    ""id"": ""silver-G0551"",
    ""docType"": ""DECISION"",
    ""path"": ""/synthetic/silver/G0551"",
    ""docTitle"": ""Golden Valley"",
    ""autoCompletions"": ""[{\""type\"":\""MAIN_TITLE\"",\""text\"":\""Golden Valley\""},{\""type\"":\""DECISION_ALTERNATE_TITLE\"",\""text\"":\""Golden Valley Golf Course Ltd. v. B.C. (Minister of Transportation and Highways)\""},{\""type\"":\""DECISION_OTHER_REFERENCES\"",\""text\"":\""(2001), 200 D.L.R. (4th) 248\""}]"",
    ""jurisdictionId"": ""unspecified"",
    ""citedCount"": 2
  }
]"
https://synthetic.leread.ca/silver/G0552,"[
  {
    ""id"": ""silver-G0552"",
    ""docType"": ""DECISION"",
    ""path"": ""/synthetic/silver/G0552"",
    ""docTitle"": ""Hansraj v. Ao"",
    ""autoCompletions"": ""[{\""type\"":\""MAIN_TITLE\"",\""text\"":\""Hansraj v. Ao\""},{\""type\"":\""DECISION_OTHER_REFERENCES\"",\""text\"":\""2004 ABCA 130\""}]"",
    ""jurisdictionId"": ""unspecified"",
    ""citedCount"": 1
  }
]"
https://synthetic.leread.ca/silver/G0556,"[
  {
    ""id"": ""silver-G0556"",
    ""docType"": ""DECISION"",
    ""path"": ""/synthetic/silver/G0556"",
    ""docTitle"": ""Newfoundland and Labrador (Treasury Board) v. Newfoundland and Labrador Nurses’ Union"",
    ""autoCompletions"": ""[{\""type\"":\""MAIN_TITLE\"",\""text\"":\""Newfoundland and Labrador (Treasury Board) v. Newfoundland and Labrador Nurses’ Union\""},{\""type\"":\""DECISION_OTHER_REFERENCES\"",\""text\"":\""(2006), 258 Nfld. &amp; P.E.I.R. 21 (NLCA)\""}]"",
    ""jurisdictionId"": ""unspecified"",
    ""citedCount"": 1
  }
]"
https://synthetic.leread.ca/silver/G0557,"[
  {
    ""id"": ""silver-G0557"",
    ""docType"": ""DOCTRINE"",
    ""path"": ""/synthetic/silver/G0557"",
    ""docTitle"": ""Palmer’s Collective Agreement Arbitration in Canada"",
    ""autoCompletions"": ""[{\""type\"":\""MAIN_TITLE\"",\""text\"":\""Palmer’s Collective Agreement Arbitration in Canada\""},{\""type\"":\""MAIN_TITLE\"",\""text\"":\""Palmer\""}]"",
    ""jurisdictionId"": ""unspecified"",
    ""citedCount"": 2
  }
]"
https://synthetic.leread.ca/silver/G0558,"[
  {
    ""id"": ""silver-G0558"",
    ""docType"": ""DOCTRINE"",
    ""path"": ""/synthetic/silver/G0558"",
    ""docTitle"": ""Principles of Administrative Law"",
    ""autoCompletions"": ""[{\""type\"":\""MAIN_TITLE\"",\""text\"":\""Principles of Administrative Law\""},{\""type\"":\""DOCTRINE_AUTHOR\"",\""text\"":\""Jones and DeVillars\""}]"",
    ""jurisdictionId"": ""unspecified"",
    ""citedCount"": 1
  }
]"
https://synthetic.leread.ca/silver/G0559,"[
  {
    ""id"": ""silver-G0559"",
    ""docType"": ""DOCTRINE"",
    ""path"": ""/synthetic/silver/G0559"",
    ""docTitle"": ""Principles of Administrative Law (Third Edition)"",
    ""autoCompletions"": ""[{\""type\"":\""MAIN_TITLE\"",\""text\"":\""Principles of Administrative Law (Third Edition)\""},{\""type\"":\""DOCTRINE_AUTHOR\"",\""text\"":\""Jones and de Villars\""},{\""type\"":\""DOCTRINE_AUTHOR\"",\""text\"":\""Jones, Q.C. and de Villars, Q.C.\""}]"",
    ""jurisdictionId"": ""unspecified"",
    ""citedCount"": 1
  }
]"
https://synthetic.leread.ca/silver/G0560,"[
  {
    ""id"": ""silver-G0560"",
    ""docType"": ""DOCTRINE"",
    ""path"": ""/synthetic/silver/G0560"",
    ""docTitle"": ""Procedures in Dealing with Bias – The Adjudicator’s Perspective"",
    ""autoCompletions"": ""[{\""type\"":\""MAIN_TITLE\"",\""text\"":\""Procedures in Dealing with Bias – The Adjudicator’s Perspective\""},{\""type\"":\""DOCTRINE_AUTHOR\"",\""text\"":\""Gary Yee\""}]"",
    ""jurisdictionId"": ""unspecified"",
    ""citedCount"": 1
  }
]"
https://synthetic.leread.ca/silver/G0561,"[
  {
    ""id"": ""silver-G0561"",
    ""docType"": ""DECISION"",
    ""path"": ""/synthetic/silver/G0561"",
    ""docTitle"": ""R. v. Tremblay"",
    ""autoCompletions"": ""[{\""type\"":\""MAIN_TITLE\"",\""text\"":\""R. v. Tremblay\""},{\""type\"":\""DECISION_OTHER_REFERENCES\"",\""text\"":\""2004 ABCA 102\""}]"",
    ""jurisdictionId"": ""unspecified"",
    ""citedCount"": 1
  }
]"
https://synthetic.leread.ca/silver/G0562,"[
  {
    ""id"": ""silver-G0562"",
    ""docType"": ""DOCTRINE"",
    ""path"": ""/synthetic/silver/G0562"",
    ""docTitle"": ""Raising and Dealing with Issues of Bias and Disclosure"",
    ""autoCompletions"": ""[{\""type\"":\""MAIN_TITLE\"",\""text\"":\""Raising and Dealing with Issues of Bias and Disclosure\""},{\""type\"":\""DOCTRINE_AUTHOR\"",\""text\"":\""David Mullan and Martha Boyle\""}]"",
    ""jurisdictionId"": ""unspecified"",
    ""citedCount"": 2
  }
]"
https://synthetic.leread.ca/silver/G0563,"[
  {
    ""id"": ""silver-G0563"",
    ""docType"": ""DECISION"",
    ""path"": ""/synthetic/silver/G0563"",
    ""docTitle"": ""Re C.U.P.E. Local 597 and St. Patrick’s Mercy Home"",
    ""autoCompletions"": ""[{\""type\"":\""MAIN_TITLE\"",\""text\"":\""Re C.U.P.E. Local 597 and St. Patrick’s Mercy Home\""},{\""type\"":\""DECISION_OTHER_REFERENCES\"",\""text\"":\""(1982), 139 D.L.R. (3d) 740 (NLTD)\""}]"",
    ""jurisdictionId"": ""unspecified"",
    ""citedCount"": 2
  }
]"
https://synthetic.leread.ca/silver/G0564,"[
  {
    ""id"": ""silver-G0564"",
    ""docType"": ""DECISION"",
    ""path"": ""/synthetic/silver/G0564"",
    ""docTitle"": ""Re Duncan"",
    ""autoCompletions"": ""[{\""type\"":\""MAIN_TITLE\"",\""text\"":\""Re Duncan\""},{\""type\"":\""DECISION_ALTERNATE_TITLE\"",\""text\"":\""Duncan, Re\""},{\""type\"":\""DECISION_OTHER_REFERENCES\"",\""text\"":\""1958] S.C.R. 41\""}]"",
    ""jurisdictionId"": ""unspecified"",
    ""citedCount"": 1
  }
]"
https://synthetic.leread.ca/silver/G0565,"[
  {
    ""id"": ""silver-G0565"",
    ""docType"": ""DECISION"",
    ""path"": ""/synthetic/silver/G0565"",
    ""docTitle"": ""Robertson v. Edmonton (City) Police Service (No. 10)"",
    ""autoCompletions"": ""[{\""type\"":\""MAIN_TITLE\"",\""text\"":\""Robertson v. Edmonton (City) Police Service (No. 10)\""},{\""type\"":\""DECISION_ALTERNATE_TITLE\"",\""text\"":\""Robertson\""},{\""type\"":\""DECISION_OTHER_REFERENCES\"",\""text\"":\""[2005] 11 W.W.R. 656 (ABQB)\""}]"",
    ""jurisdictionId"": ""unspecified"",
    ""citedCount"": 3
  }
]"
https://synthetic.leread.ca/silver/G0566,"[
  {
    ""id"": ""silver-G0566"",
    ""docType"": ""DECISION"",
    ""path"": ""/synthetic/silver/G0566"",
    ""docTitle"": ""SOS-Save Our St. Clair Inc. v. Toronto (City)"",
    ""autoCompletions"": ""[{\""type\"":\""MAIN_TITLE\"",\""text\"":\""SOS-Save Our St. Clair Inc. v. Toronto (City)\""},{\""type\"":\""DECISION_ALTERNATE_TITLE\"",\""text\"":\""SOS-Save Our St. Clair\""},{\""type\"":\""DECISION_OTHER_REFERENCES\"",\""text\"":\""(2005), 78 O.R. (3d) 331 (Div. Ct.)\""}]"",
    ""jurisdictionId"": ""unspecified"",
    ""citedCount"": 2
  }
]"
https://synthetic.leread.ca/silver/G0567,"[
  {
    ""id"": ""silver-G0567"",
    ""docType"": ""DOCTRINE"",
    ""path"": ""/synthetic/silver/G0567"",
    ""docTitle"": ""Supreme Court of Canada Practice"",
    ""autoCompletions"": ""[{\""type\"":\""MAIN_TITLE\"",\""text\"":\""Supreme Court of Canada Practice\""},{\""type\"":\""DOCTRINE_AUTHOR\"",\""text\"":\""B.A. Crane and H.S. Brown\""}]"",
    ""jurisdictionId"": ""unspecified"",
    ""citedCount"": 1
  }
]"
https://synthetic.leread.ca/silver/G0571,"[
  {
    ""id"": ""silver-G0571"",
    ""docType"": ""DECISION"",
    ""path"": ""/synthetic/silver/G0571"",
    ""docTitle"": ""Canadian Union of Public Employees, Local 21 v. City of Regina and Regina Civic Middle Management Association"",
    ""autoCompletions"": ""[{\""type\"":\""MAIN_TITLE\"",\""text\"":\""Canadian Union of Public Employees, Local 21 v. City of Regina and Regina Civic Middle Management Association\""},{\""type\"":\""DECISION_ALTERNATE_TITLE\"",\""text\"":\""Canadian Union of Public Employees, Local 21 v. City of\""},{\""type\"":\""DECISION_ALTERNATE_TITLE\"",\""text\"":\""City of\""},{\""type\"":\""DECISION_ALTERNATE_TITLE\"",\""text\"":\""Regina\""},{\""type\"":\""DECISION_ALTERNATE_TITLE\"",\""text\"":\""and Regina Civic Middle Management Association\""}]"",
    ""jurisdictionId"": ""unspecified"",
    ""citedCount"": 2
  }
]"
https://synthetic.leread.ca/silver/G0572,"[
  {
    ""id"": ""silver-G0572"",
    ""docType"": ""DECISION"",
    ""path"": ""/synthetic/silver/G0572"",
    ""docTitle"": ""Employees Supporting Education Services v. University of Manitoba"",
    ""autoCompletions"": ""[{\""type\"":\""MAIN_TITLE\"",\""text\"":\""Employees Supporting Education Services v. University of Manitoba\""},{\""type\"":\""DECISION_OTHER_REFERENCES\"",\""text\"":\""Case No. 394/05/LRA\""}]"",
    ""jurisdictionId"": ""unspecified"",
    ""citedCount"": 1
  }
]"
https://synthetic.leread.ca/silver/G0573,"[
  {
    ""id"": ""silver-G0573"",
    ""docType"": ""DECISION"",
    ""path"": ""/synthetic/silver/G0573"",
    ""docTitle"": ""Grain Service Union (ILWU Canadian Area) v. AgPro Grain Inc."",
    ""autoCompletions"": ""[{\""type\"":\""MAIN_TITLE\"",\""text\"":\""Grain Service Union (ILWU Canadian Area) v. AgPro Grain Inc.\""},{\""type\"":\""DECISION_OTHER_REFERENCES\"",\""text\"":\""[1995] 1<sup>st</sup> Quarter Sask. Labour Rep. 243\""}]"",
    ""jurisdictionId"": ""unspecified"",
    ""citedCount"": 1
  }
]"
https://synthetic.leread.ca/silver/G0574,"[
  {
    ""id"": ""silver-G0574"",
    ""docType"": ""DECISION"",
    ""path"": ""/synthetic/silver/G0574"",
    ""docTitle"": ""Hillcrest Farms Ltd. v. Grain Services Union (ILWU – Canadian Area)"",
    ""autoCompletions"": ""[{\""type\"":\""MAIN_TITLE\"",\""text\"":\""Hillcrest Farms Ltd. v. Grain Services Union (ILWU – Canadian Area)\""},{\""type\"":\""DECISION_OTHER_REFERENCES\"",\""text\"":\""[1997]\""}]"",
    ""jurisdictionId"": ""unspecified"",
    ""citedCount"": 1
  }
]"
https://synthetic.leread.ca/silver/G0575,"[
  {
    ""id"": ""silver-G0575"",
    ""docType"": ""DECISION"",
    ""path"": ""/synthetic/silver/G0575"",
    ""docTitle"": ""Re: MacKenzie Society Ventures Inc."",
    ""autoCompletions"": ""[{\""type\"":\""MAIN_TITLE\"",\""text\"":\""Re: MacKenzie Society Ventures Inc.\""},{\""type\"":\""DECISION_OTHER_REFERENCES\"",\""text\"":\""[1998]\""}]"",
    ""jurisdictionId"": ""unspecified"",
    ""citedCount"": 1
  }
]"
https://synthetic.leread.ca/silver/G0576,"[
  {
    ""id"": ""silver-G0576"",
    ""docType"": ""LEGISLATION"",
    ""path"": ""/synthetic/silver/G0576"",
    ""docTitle"": ""SIAST’s Violence Policy"",
    ""autoCompletions"": ""[{\""type\"":\""MAIN_TITLE\"",\""text\"":\""SIAST’s Violence Policy\""}]"",
    ""jurisdictionId"": ""unspecified"",
    ""citedCount"": 1
  }
]"
https://synthetic.leread.ca/silver/G0577,"[
  {
    ""id"": ""silver-G0577"",
    ""docType"": ""DECISION"",
    ""path"": ""/synthetic/silver/G0577"",
    ""docTitle"": ""Saskatchewan Joint Board, Retail, Wholesale and Department Store Union v. Remai Investments Corporation"",
    ""autoCompletions"": ""[{\""type\"":\""MAIN_TITLE\"",\""text\"":\""Saskatchewan Joint Board, Retail, Wholesale and Department Store Union v. Remai Investments Corporation\""},{\""type\"":\""DECISION_ALTERNATE_TITLE\"",\""text\"":\""Saskatchewan Joint Board, Retail, Wholesale an Department Store Union v. Remai Investments Corporation\""},{\""type\"":\""DECISION_OTHER_REFERENCES\"",\""text\"":\""LRB File Nos. 014-97 &amp; 019-97\""},{\""type\"":\""DECISION_OTHER_REFERENCES\"",\""text\"":\""[1997]\""}]"",
    ""jurisdictionId"": ""unspecified"",
    ""citedCount"": 1
  }
]"
https://synthetic.leread.ca/silver/G0578,"[
  {
    ""id"": ""silver-G0578"",
    ""docType"": ""LEGISLATION"",
    ""path"": ""/synthetic/silver/G0578"",
    ""docTitle"": ""The Institute Act"",
    ""autoCompletions"": ""[{\""type\"":\""MAIN_TITLE\"",\""text\"":\""The Institute Act\""},{\""type\"":\""LEGISLATION_REFERENCE\"",\""text\"":\""S.S. 1986-87-88, c.I-9.1\""}]"",
    ""jurisdictionId"": ""unspecified"",
    ""citedCount"": 2
  }
]"
https://synthetic.leread.ca/silver/G0579,"[
  {
    ""id"": ""silver-G0579"",
    ""docType"": ""LEGISLATION"",
    ""path"": ""/synthetic/silver/G0579"",
    ""docTitle"": ""The Saskatchewan Institute of Applied Science and Technology Act"",
    ""autoCompletions"": ""[{\""type\"":\""MAIN_TITLE\"",\""text\"":\""The Saskatchewan Institute of Applied Science and Technology Act\""},{\""type\"":\""LEGISLATION_REFERENCE\"",\""text\"":\""S.S. 1996, c.S-25.2\""}]"",
    ""jurisdictionId"": ""unspecified"",
    ""citedCount"": 2
  }
]"
https://synthetic.leread.ca/silver/G0580,"[
  {
    ""id"": ""silver-G0580"",
    ""docType"": ""LEGISLATION"",
    ""path"": ""/synthetic/silver/G0580"",
    ""docTitle"": ""Trade Union Act (Saskatchewan)"",
    ""autoCompletions"": ""[{\""type\"":\""MAIN_TITLE\"",\""text\"":\""Trade Union Act (Saskatchewan)\""},{\""type\"":\""LEGISLATION_ALTERNATE_TITLE\"",\""text\"":\""Act\""},{\""type\"":\""LEGISLATION_ALTERNATE_TITLE\"",\""text\"":\""The Trade Union Act\""},{\""type\"":\""LEGISLATION_ALTERNATE_TITLE\"",\""text\"":\""The Labour Relations Act\""},{\""type\"":\""LEGISLATION_ALTERNATE_TITLE\"",\""text\"":\""The Labour Relations Act 1995\""},{\""type\"":\""LEGISLATION_ALTERNATE_TITLE\"",\""text\"":\""Trade Union Act\""},{\""type\"":\""LEGISLATION_REFERENCE\"",\""text\"":\""C.C.S.M., c. L-10\""},{\""type\"":\""LEGISLATION_ALTERNATE_REFERENCE\"",\""text\"":\""R.S.N.S. 1989, c. 475\""},{\""type\"":\""LEGISLATION_ALTERNATE_REFERENCE\"",\""text\"":\""R.S.S. 1978, c.T-17\""},{\""type\"":\""LEGISLATION_ALTERNATE_REFERENCE\"",\""text\"":\""R.S.S. 1978, c. T-17\""}]"",
    ""jurisdictionId"": ""unspecified"",
    ""citedCount"": 60
  }
]"
https://synthetic.leread.ca/silver/G0581,"[
  {
    ""id"": ""silver-G0581"",
    ""docType"": ""DECISION"",
    ""path"": ""/synthetic/silver/G0581"",
    ""docTitle"": ""United Food and Commercial Workers, Local 1400 v. Wal-Mart Canada Corp"",
    ""autoCompletions"": ""[{\""type\"":\""MAIN_TITLE\"",\""text\"":\""United Food and Commercial Workers, Local 1400 v. Wal-Mart Canada Corp\""},{\""type\"":\""DECISION_OTHER_REFERENCES\"",\""text\"":\""2008 CanLII 64399 (SK.L.R.B.)\""},{\""type\"":\""DECISION_OTHER_REFERENCES\"",\""text\"":\""LRB File No. 069-04\""},{\""type\"":\""DECISION_OTHER_REFERENCES\"",\""text\"":\""[2008] Sask. L.R.B.R. 951\""}]"",
    ""jurisdictionId"": ""unspecified"",
    ""citedCount"": 1
  }
]"
https://synthetic.leread.ca/silver/G0582,"[
  {
    ""id"": ""silver-G0582"",
    ""docType"": ""DECISION"",
    ""path"": ""/synthetic/silver/G0582"",
    ""docTitle"": ""United Nurses of Alberta, Local 151"",
    ""autoCompletions"": ""[{\""type\"":\""MAIN_TITLE\"",\""text\"":\""United Nurses of Alberta, Local 151\""},{\""type\"":\""DECISION_OTHER_REFERENCES\"",\""text\"":\""[1986] Alta. L.R.B.R. 610\""}]"",
    ""jurisdictionId"": ""unspecified"",
    ""citedCount"": 1
  }
]"
https://synthetic.leread.ca/silver/G0583,"[
  {
    ""id"": ""silver-G0583"",
    ""docType"": ""DECISION"",
    ""path"": ""/synthetic/silver/G0583"",
    ""docTitle"": ""University of Saskatchewan vs. Administrative and Supervisory Personnel Association"",
    ""autoCompletions"": ""[{\""type\"":\""MAIN_TITLE\"",\""text\"":\""University of Saskatchewan vs. Administrative and Supervisory Personnel Association\""},{\""type\"":\""DECISION_OTHER_REFERENCES\"",\""text\"":\""LRB File No. 057-05\""},{\""type\"":\""DECISION_OTHER_REFERENCES\"",\""text\"":\""[2008] Sask. L.R.B.R. 154\""}]"",
    ""jurisdictionId"": ""unspecified"",
    ""citedCount"": 1
  }
]"
https://synthetic.leread.ca/silver/G0584,"[
  {
    ""id"": ""silver-G0584"",
    ""docType"": ""DECISION"",
    ""path"": ""/synthetic/silver/G0584"",
    ""docTitle"": ""Wellington Separate Support Staff Association v. Wellington Separate School Board"",
    ""autoCompletions"": ""[{\""type\"":\""MAIN_TITLE\"",\""text\"":\""Wellington Separate Support Staff Association v. Wellington Separate School Board\""},{\""type\"":\""DECISION_ALTERNATE_TITLE\"",\""text\"":\""Wellington Separate Support Staff Association\""},{\""type\"":\""DECISION_OTHER_REFERENCES\"",\""text\"":\""[1993] O.L.R.D. No. 3368\""}]"",
    ""jurisdictionId"": ""unspecified"",
    ""citedCount"": 1
  }
]"
https://synthetic.leread.ca/silver/G0585,"[
  {
    ""id"": ""silver-G0585"",
    ""docType"": ""DECISION"",
    ""path"": ""/synthetic/silver/G0585"",
    ""docTitle"": ""York University Staff Association v. York University"",
    ""autoCompletions"": ""[{\""type\"":\""MAIN_TITLE\"",\""text\"":\""York University Staff Association v. York University\""},{\""type\"":\""DECISION_OTHER_REFERENCES\"",\""text\"":\""[1994] OLRB Rep. January 96\""}]"",
    ""jurisdictionId"": ""unspecified"",
    ""citedCount"": 1
  }
]"
https://synthetic.leread.ca/silver/G0586,"[
  {
    ""id"": ""silver-G0586"",
    ""docType"": ""DECISION"",
    ""path"": ""/synthetic/silver/G0586"",
    ""docTitle"": ""Cellulose Acetate Silk Company Limited. v. Widnes Foundry (1925), Limited"",
    ""autoCompletions"": ""[{\""type\"":\""MAIN_TITLE\"",\""text\"":\""Cellulose Acetate Silk Company Limited. v. Widnes Foundry (1925), Limited\""},{\""type\"":\""DECISION_OTHER_REFERENCES\"",\""text\"":\""[1933] A.C. 20 (H.L.)\""}]"",
    ""jurisdictionId"": ""unspecified"",
    ""citedCount"": 1
  }
]"
https://synthetic.leread.ca/silver/G0587,"[
  {
    ""id"": ""silver-G0587"",
    ""docType"": ""LEGISLATION"",
    ""path"": ""/synthetic/silver/G0587"",
    ""docTitle"": ""Court of Queen"",
    ""autoCompletions"": ""[{\""type\"":\""MAIN_TITLE\"",\""text\"":\""Court of Queen\""}]"",
    ""jurisdictionId"": ""unspecified"",
    ""citedCount"": 1
  }
]"
https://synthetic.leread.ca/silver/G0588,"[
  {
    ""id"": ""silver-G0588"",
    ""docType"": ""DECISION"",
    ""path"": ""/synthetic/silver/G0588"",
    ""docTitle"": ""Dorge v. Dumesnil et al."",
    ""autoCompletions"": ""[{\""type\"":\""MAIN_TITLE\"",\""text\"":\""Dorge v. Dumesnil et al.\""},{\""type\"":\""DECISION_OTHER_REFERENCES\"",\""text\"":\""(1973), 39 D.L.R. (3d) 750 (Man.Q.B.)\""}]"",
    ""jurisdictionId"": ""unspecified"",
    ""citedCount"": 1
  }
]"
https://synthetic.leread.ca/silver/G0589,"[
  {
    ""id"": ""silver-G0589"",
    ""docType"": ""DECISION"",
    ""path"": ""/synthetic/silver/G0589"",
    ""docTitle"": ""Dunlop Pneumatic Tyre Company Limited v. New Garage and Motor Company Limited"",
    ""autoCompletions"": ""[{\""type\"":\""MAIN_TITLE\"",\""text\"":\""Dunlop Pneumatic Tyre Company Limited v. New Garage and Motor Company Limited\""},{\""type\"":\""DECISION_OTHER_REFERENCES\"",\""text\"":\""[1915] A.C. 79\""}]"",
    ""jurisdictionId"": ""unspecified"",
    ""citedCount"": 1
  }
]"
https://synthetic.leread.ca/silver/G0590,"[
  {
    ""id"": ""silver-G0590"",
    ""docType"": ""DECISION"",
    ""path"": ""/synthetic/silver/G0590"",
    ""docTitle"": ""Elsley v. J. G. Collins Insurance Agencies Ltd."",
    ""autoCompletions"": ""[{\""type\"":\""MAIN_TITLE\"",\""text\"":\""Elsley v. J. G. Collins Insurance Agencies Ltd.\""},{\""type\"":\""DECISION_OTHER_REFERENCES\"",\""text\"":\""1978 83 D.L.R. (3d) 1\""},{\""type\"":\""DECISION_OTHER_REFERENCES\"",\""text\"":\""[1978] 2 S.C.R. 916\""}]"",
    ""jurisdictionId"": ""unspecified"",
    ""citedCount"": 1
  }
]"
https://synthetic.leread.ca/silver/G0591,"[
  {
    ""id"": ""silver-G0591"",
    ""docType"": ""DECISION"",
    ""path"": ""/synthetic/silver/G0591"",
    ""docTitle"": ""Gisvold v. Hill"",
    ""autoCompletions"": ""[{\""type\"":\""MAIN_TITLE\"",\""text\"":\""Gisvold v. Hill\""},{\""type\"":\""DECISION_OTHER_REFERENCES\"",\""text\"":\""(1963), 37 D.L.R.(2nd) 606 (B.C.S.C.)\""}]"",
    ""jurisdictionId"": ""unspecified"",
    ""citedCount"": 1
  }
]"
https://synthetic.leread.ca/silver/G0592,"[
  {
    ""id"": ""silver-G0592"",
    ""docType"": ""DECISION"",
    ""path"": ""/synthetic/silver/G0592"",
    ""docTitle"": ""Maxwell v. Gibsons Drugs Ltd. et al."",
    ""autoCompletions"": ""[{\""type\"":\""MAIN_TITLE\"",\""text\"":\""Maxwell v. Gibsons Drugs Ltd. et al.\""},{\""type\"":\""DECISION_OTHER_REFERENCES\"",\""text\"":\""(1979), 103 D.L.R. (3d) 433 (B.C.S.C.)\""}]"",
    ""jurisdictionId"": ""unspecified"",
    ""citedCount"": 1
  }
]"
https://synthetic.leread.ca/silver/G0593,"[
  {
    ""id"": ""silver-G0593"",
    ""docType"": ""DECISION"",
    ""path"": ""/synthetic/silver/G0593"",
    ""docTitle"": ""Prairie Pulse Inc. v. Lacasse"",
    ""autoCompletions"": ""[{\""type\"":\""MAIN_TITLE\"",\""text\"":\""Prairie Pulse Inc. v. Lacasse\""},{\""type\"":\""DECISION_OTHER_REFERENCES\"",\""text\"":\""(2004), 244 Sask. R. 126 (Q.B.)\""}]"",
    ""jurisdictionId"": ""unspecified"",
    ""citedCount"": 1
  }
]"
https://synthetic.leread.ca/silver/G0594,"[
  {
    ""id"": ""silver-G0594"",
    ""docType"": ""LEGISLATION"",
    ""path"": ""/synthetic/silver/G0594"",
    ""docTitle"": ""Sale of Goods Act (Saskatchewan)"",
    ""autoCompletions"": ""[{\""type\"":\""MAIN_TITLE\"",\""text\"":\""Sale of Goods Act (Saskatchewan)\""},{\""type\"":\""LEGISLATION_ALTERNATE_TITLE\"",\""text\"":\""The Sale of Goods Act\""},{\""type\"":\""LEGISLATION_REFERENCE\"",\""text\"":\""R.S.S. 1978, c. S-1\""}]"",
    ""jurisdictionId"": ""unspecified"",
    ""citedCount"": 2
  }
]"
https://synthetic.leread.ca/silver/G0595,"[
  {
    ""id"": ""silver-G0595"",
    ""docType"": ""LEGISLATION"",
    ""path"": ""/synthetic/silver/G0595"",
    ""docTitle"": ""The Queen"",
    ""autoCompletions"": ""[{\""type\"":\""MAIN_TITLE\"",\""text\"":\""The Queen\""},{\""type\"":\""LEGISLATION_ALTERNATE_TITLE\"",\""text\"":\""s Bench Rules\""}]"",
    ""jurisdictionId"": ""unspecified"",
    ""citedCount"": 1
  }
]"
https://synthetic.leread.ca/silver/G0596,"[
  {
    ""id"": ""silver-G0596"",
    ""docType"": ""DECISION"",
    ""path"": ""/synthetic/silver/G0596"",
    ""docTitle"": ""Berthelot v. Rioux"",
    ""autoCompletions"": ""[{\""type\"":\""MAIN_TITLE\"",\""text\"":\""Berthelot v. Rioux\""},{\""type\"":\""DECISION_OTHER_REFERENCES\"",\""text\"":\""(1996), 177 N.B.R. (2<sup>nd</sup>) 144\""},{\""type\"":\""DECISION_OTHER_REFERENCES\"",\""text\"":\""(N.B.Q.B.)\""}]"",
    ""jurisdictionId"": ""unspecified"",
    ""citedCount"": 1
  }
]"
https://synthetic.leread.ca/silver/G0598,"[
  {
    ""id"": ""silver-G0598"",
    ""docType"": ""DECISION"",
    ""path"": ""/synthetic/silver/G0598"",
    ""docTitle"": ""Canada Post Corp. v. Smith"",
    ""autoCompletions"": ""[{\""type\"":\""MAIN_TITLE\"",\""text\"":\""Canada Post Corp. v. Smith\""},{\""type\"":\""DECISION_OTHER_REFERENCES\"",\""text\"":\""[1994] O.J. No. 2232 (Div. Ct.)\""}]"",
    ""jurisdictionId"": ""unspecified"",
    ""citedCount"": 1
  }
]"
https://synthetic.leread.ca/silver/G0599,"[
  {
    ""id"": ""silver-G0599"",
    ""docType"": ""DECISION"",
    ""path"": ""/synthetic/silver/G0599"",
    ""docTitle"": ""Carlingwood Motors Ltd. v. Nissan Canada Inc."",
    ""autoCompletions"": ""[{\""type\"":\""MAIN_TITLE\"",\""text\"":\""Carlingwood Motors Ltd. v. Nissan Canada Inc.\""},{\""type\"":\""DECISION_OTHER_REFERENCES\"",\""text\"":\""[2000] O.J. No. 2508\""}]"",
    ""jurisdictionId"": ""unspecified"",
    ""citedCount"": 2
  }
]"
https://synthetic.leread.ca/silver/G0600,"[
  {
    ""id"": ""silver-G0600"",
    ""docType"": ""LEGISLATION"",
    ""path"": ""/synthetic/silver/G0600"",
    ""docTitle"": ""Contingent Fee Rules"",
    ""autoCompletions"": ""[{\""type\"":\""MAIN_TITLE\"",\""text\"":\""Contingent Fee Rules\""}]"",
    ""jurisdictionId"": ""unspecified"",
    ""citedCount"": 1
  }
]"
https://synthetic.leread.ca/silver/G0601,"[
  {
    ""id"": ""silver-G0601"",
    ""docType"": ""LEGISLATION"",
    ""path"": ""/synthetic/silver/G0601"",
    ""docTitle"": ""Financial Administration Act (New Brunswick)"",
    ""autoCompletions"": ""[{\""type\"":\""MAIN_TITLE\"",\""text\"":\""Financial Administration Act (New Brunswick)\""},{\""type\"":\""LEGISLATION_ALTERNATE_TITLE\"",\""text\"":\""Financial Administration Act\""},{\""type\"":\""LEGISLATION_REFERENCE\"",\""text\"":\""R.S.N.B., 1973, c.F-11\""}]"",
    ""jurisdictionId"": ""unspecified"",
    ""citedCount"": 1
  }
]"
https://synthetic.leread.ca/silver/G0602,"[
  {
    ""id"": ""silver-G0602"",
    ""docType"": ""DOCTRINE"",
    ""path"": ""/synthetic/silver/G0602"",
    ""docTitle"": ""Glenn Report"",
    ""autoCompletions"": ""[{\""type\"":\""MAIN_TITLE\"",\""text\"":\""Glenn Report\""}]"",
    ""jurisdictionId"": ""unspecified"",
    ""citedCount"": 2
  }
]"
https://synthetic.leread.ca/silver/G0603,"[
  {
    ""id"": ""silver-G0603"",
    ""docType"": ""DECISION"",
    ""path"": ""/synthetic/silver/G0603"",
    ""docTitle"": ""Graat v. The Queen"",
    ""autoCompletions"": ""[{\""type\"":\""MAIN_TITLE\"",\""text\"":\""Graat v. The Queen\""},{\""type\"":\""DECISION_OTHER_REFERENCES\"",\""text\"":\""[1982] 2 S.C.R. 819\""}]"",
    ""jurisdictionId"": ""unspecified"",
    ""citedCount"": 1
  }
]"
https://synthetic.leread.ca/silver/G0604,"[
  {
    ""id"": ""silver-G0604"",
    ""docType"": ""DOCTRINE"",
    ""path"": ""/synthetic/silver/G0604"",
    ""docTitle"": ""Harvard Law Review"",
    ""autoCompletions"": ""[{\""type\"":\""MAIN_TITLE\"",\""text\"":\""Harvard Law Review\""}]"",
    ""jurisdictionId"": ""unspecified"",
    ""citedCount"": 1
  }
]"
https://synthetic.leread.ca/silver/G0605,"[
  {
    ""id"": ""silver-G0605"",
    ""docType"": ""DOCTRINE"",
    ""path"": ""/synthetic/silver/G0605"",
    ""docTitle"": ""Hazard Report"",
    ""autoCompletions"": ""[{\""type\"":\""MAIN_TITLE\"",\""text\"":\""Hazard Report\""}]"",
    ""jurisdictionId"": ""unspecified"",
    ""citedCount"": 1
  }
]"
https://synthetic.leread.ca/silver/G0606,"[
  {
    ""id"": ""silver-G0606"",
    ""docType"": ""LEGISLATION"",
    ""path"": ""/synthetic/silver/G0606"",
    ""docTitle"": ""Judicature Act 1973 (New Brunswick)"",
    ""autoCompletions"": ""[{\""type\"":\""MAIN_TITLE\"",\""text\"":\""Judicature Act 1973 (New Brunswick)\""},{\""type\"":\""LEGISLATION_ALTERNATE_TITLE\"",\""text\"":\""Judicature Act 1973\""},{\""type\"":\""LEGISLATION_REFERENCE\"",\""text\"":\""A.S.N.B., c.J-2\""}]"",
    ""jurisdictionId"": ""unspecified"",
    ""citedCount"": 1
  }
]"
https://synthetic.leread.ca/silver/G0607,"[
  {
    ""id"": ""silver-G0607"",
    ""docType"": ""DECISION"",
    ""path"": ""/synthetic/silver/G0607"",
    ""docTitle"": ""Khan v. College of Physicians and Surgeons of Ontario"",
    ""autoCompletions"": ""[{\""type\"":\""MAIN_TITLE\"",\""text\"":\""Khan v. College of Physicians and Surgeons of Ontario\""},{\""type\"":\""DECISION_OTHER_REFERENCES\"",\""text\"":\""(1992), 9 O.R. (3d) 641 (C.A.)\""}]"",
    ""jurisdictionId"": ""unspecified"",
    ""citedCount"": 1
  }
]"
https://synthetic.leread.ca/silver/G0608,"[
  {
    ""id"": ""silver-G0608"",
    ""docType"": ""DECISION"",
    ""path"": ""/synthetic/silver/G0608"",
    ""docTitle"": ""Kinsella v. Canada (Minister of Justice)"",
    ""autoCompletions"": ""[{\""type\"":\""MAIN_TITLE\"",\""text\"":\""Kinsella v. Canada (Minister of Justice)\""},{\""type\"":\""DECISION_OTHER_REFERENCES\"",\""text\"":\""(2007), 322 N.B.R. (2d) 131 (N.B.C.A.)\""}]"",
    ""jurisdictionId"": ""unspecified"",
    ""citedCount"": 1
  }
]"
https://synthetic.leread.ca/silver/G0609,"[
  {
    ""id"": ""silver-G0609"",
    ""docType"": ""LEGISLATION"",
    ""path"": ""/synthetic/silver/G0609"",
    ""docTitle"": ""Law Society Act (New Brunswick)"",
    ""autoCompletions"": ""[{\""type\"":\""MAIN_TITLE\"",\""text\"":\""Law Society Act (New Brunswick)\""},{\""type\"":\""LEGISLATION_ALTERNATE_TITLE\"",\""text\"":\""Act\""},{\""type\"":\""LEGISLATION_ALTERNATE_TITLE\"",\""text\"":\""Law Society Act\""},{\""type\"":\""LEGISLATION_REFERENCE\"",\""text\"":\""<i>1996</i>, S.N.B.1996, c.89\""}]"",
    ""jurisdictionId"": ""unspecified"",
    ""citedCount"": 2
  }
]"
https://synthetic.leread.ca/silver/G0610,"[
  {
    ""id"": ""silver-G0610"",
    ""docType"": ""DECISION"",
    ""path"": ""/synthetic/silver/G0610"",
    ""docTitle"": ""MacDonald Estate v. Martin"",
    ""autoCompletions"": ""[{\""type\"":\""MAIN_TITLE\"",\""text\"":\""MacDonald Estate v. Martin\""},{\""type\"":\""DECISION_OTHER_REFERENCES\"",\""text\"":\""[1990] 3 S.C.R., 1235\""}]"",
    ""jurisdictionId"": ""unspecified"",
    ""citedCount"": 5
  }
]"
https://synthetic.leread.ca/silver/G0611,"[
  {
    ""id"": ""silver-G0611"",
    ""docType"": ""DECISION"",
    ""path"": ""/synthetic/silver/G0611"",
    ""docTitle"": ""MacMillan Bloedel Ltd. v. Freeman & Co."",
    ""autoCompletions"": ""[{\""type\"":\""MAIN_TITLE\"",\""text\"":\""MacMillan Bloedel Ltd. v. Freeman & Co.\""},{\""type\"":\""DECISION_ALTERNATE_TITLE\"",\""text\"":\""MacMillan Bloedel Ltd. v. Freeman &amp; Co.\""},{\""type\"":\""DECISION_ALTERNATE_TITLE\"",\""text\"":\""MacMillan Bloedel Lts. v. Freeman &amp; Co\""},{\""type\"":\""DECISION_OTHER_REFERENCES\"",\""text\"":\""(1992), 78 B.C.L.R. (2d) 325\""},{\""type\"":\""DECISION_OTHER_REFERENCES\"",\""text\"":\""(B.C.S.C.)\""}]"",
    ""jurisdictionId"": ""unspecified"",
    ""citedCount"": 2
  }
]"
https://synthetic.leread.ca/silver/G0612,"[
  {
    ""id"": ""silver-G0612"",
    ""docType"": ""LEGISLATION"",
    ""path"": ""/synthetic/silver/G0612"",
    ""docTitle"": ""Municipal Conflict of Interest Act"",
    ""autoCompletions"": ""[{\""type\"":\""MAIN_TITLE\"",\""text\"":\""Municipal Conflict of Interest Act\""},{\""type\"":\""LEGISLATION_ALTERNATE_TITLE\"",\""text\"":\""Act\""}]"",
    ""jurisdictionId"": ""unspecified"",
    ""citedCount"": 2
  }
]"
https://synthetic.leread.ca/silver/G0613,"[
  {
    ""id"": ""silver-G0613"",
    ""docType"": ""DECISION"",
    ""path"": ""/synthetic/silver/G0613"",
    ""docTitle"": ""New Brunswick (Minister of Health and Community Services) v. B.H. and W.L"",
    ""autoCompletions"": ""[{\""type\"":\""MAIN_TITLE\"",\""text\"":\""New Brunswick (Minister of Health and Community Services) v. B.H. and W.L\""},{\""type\"":\""DECISION_OTHER_REFERENCES\"",\""text\"":\""(N.B.C.A.)\""},{\""type\"":\""DECISION_OTHER_REFERENCES\"",\""text\"":\""1994), 153 N.B.R. (2<sup>nd</sup>) 45\""}]"",
    ""jurisdictionId"": ""unspecified"",
    ""citedCount"": 1
  }
]"
https://synthetic.leread.ca/silver/G0614,"[
  {
    ""id"": ""silver-G0614"",
    ""docType"": ""LEGISLATION"",
    ""path"": ""/synthetic/silver/G0614"",
    ""docTitle"": ""New Brunswick Rules of Court"",
    ""autoCompletions"": ""[{\""type\"":\""MAIN_TITLE\"",\""text\"":\""New Brunswick Rules of Court\""}]"",
    ""jurisdictionId"": ""unspecified"",
    ""citedCount"": 2
  }
]"
https://synthetic.leread.ca/silver/G0616,"[
  {
    ""id"": ""silver-G0616"",
    ""docType"": ""DECISION"",
    ""path"": ""/synthetic/silver/G0616"",
    ""docTitle"": ""Noble v. Lourensse"",
    ""autoCompletions"": ""[{\""type\"":\""MAIN_TITLE\"",\""text\"":\""Noble v. Lourensse\""},{\""type\"":\""DECISION_OTHER_REFERENCES\"",\""text\"":\""(Q.B.)\""},{\""type\"":\""DECISION_OTHER_REFERENCES\"",\""text\"":\""[2001] N.B.J. 466\""},{\""type\"":\""DECISION_OTHER_REFERENCES\"",\""text\"":\""[2002] N.B.J. 358 (C.A.)\""}]"",
    ""jurisdictionId"": ""unspecified"",
    ""citedCount"": 2
  }
]"
https://synthetic.leread.ca/silver/G0617,"[
  {
    ""id"": ""silver-G0617"",
    ""docType"": ""DECISION"",
    ""path"": ""/synthetic/silver/G0617"",
    ""docTitle"": ""Payne v. Pearson"",
    ""autoCompletions"": ""[{\""type\"":\""MAIN_TITLE\"",\""text\"":\""Payne v. Pearson\""},{\""type\"":\""DECISION_OTHER_REFERENCES\"",\""text\"":\""(Alta. Prov. Ct.)\""},{\""type\"":\""DECISION_OTHER_REFERENCES\"",\""text\"":\""[2005] A.J. 1178\""}]"",
    ""jurisdictionId"": ""unspecified"",
    ""citedCount"": 1
  }
]"
https://synthetic.leread.ca/silver/G0618,"[
  {
    ""id"": ""silver-G0618"",
    ""docType"": ""DECISION"",
    ""path"": ""/synthetic/silver/G0618"",
    ""docTitle"": ""Pente Investment Management Ltd. v. Schneider Corp."",
    ""autoCompletions"": ""[{\""type\"":\""MAIN_TITLE\"",\""text\"":\""Pente Investment Management Ltd. v. Schneider Corp.\""},{\""type\"":\""DECISION_OTHER_REFERENCES\"",\""text\"":\""[1998] O.J. No. 4142 (C.A.)\""},{\""type\"":\""DECISION_OTHER_REFERENCES\"",\""text\"":\""[1998] O.J. No. 6387 (Gen. Div.)\""}]"",
    ""jurisdictionId"": ""unspecified"",
    ""citedCount"": 2
  }
]"
https://synthetic.leread.ca/silver/G0619,"[
  {
    ""id"": ""silver-G0619"",
    ""docType"": ""DECISION"",
    ""path"": ""/synthetic/silver/G0619"",
    ""docTitle"": ""Precision Remodeling Ltd. v. Soskin, Soskin & Potasky LLP"",
    ""autoCompletions"": ""[{\""type\"":\""MAIN_TITLE\"",\""text\"":\""Precision Remodeling Ltd. v. Soskin, Soskin & Potasky LLP\""},{\""type\"":\""DECISION_ALTERNATE_TITLE\"",\""text\"":\""Precision Remodeling Ltd. v. Soskin, Soskin &amp; Potasky LLP\""},{\""type\"":\""DECISION_OTHER_REFERENCES\"",\""text\"":\""(S.C.J.)\""},{\""type\"":\""DECISION_OTHER_REFERENCES\"",\""text\"":\""[2008] O.J. 2560\""}]"",
    ""jurisdictionId"": ""unspecified"",
    ""citedCount"": 1
  }
]"
https://synthetic.leread.ca/silver/G0620,"[
  {
    ""id"": ""silver-G0620"",
    ""docType"": ""DECISION"",
    ""path"": ""/synthetic/silver/G0620"",
    ""docTitle"": ""R. v. Assh"",
    ""autoCompletions"": ""[{\""type\"":\""MAIN_TITLE\"",\""text\"":\""R. v. Assh\""},{\""type\"":\""DECISION_ALTERNATE_TITLE\"",\""text\"":\""Assh\""}]"",
    ""jurisdictionId"": ""unspecified"",
    ""citedCount"": 1
  }
]"
https://synthetic.leread.ca/silver/G0621,"[
  {
    ""id"": ""silver-G0621"",
    ""docType"": ""DECISION"",
    ""path"": ""/synthetic/silver/G0621"",
    ""docTitle"": ""R. v. Burns"",
    ""autoCompletions"": ""[{\""type\"":\""MAIN_TITLE\"",\""text\"":\""R. v. Burns\""},{\""type\"":\""DECISION_OTHER_REFERENCES\"",\""text\"":\""[1994] 1 S.C.R. 656\""}]"",
    ""jurisdictionId"": ""unspecified"",
    ""citedCount"": 2
  }
]"
https://synthetic.leread.ca/silver/G0622,"[
  {
    ""id"": ""silver-G0622"",
    ""docType"": ""DECISION"",
    ""path"": ""/synthetic/silver/G0622"",
    ""docTitle"": ""R. v. D.(D.)"",
    ""autoCompletions"": ""[{\""type\"":\""MAIN_TITLE\"",\""text\"":\""R. v. D.(D.)\""},{\""type\"":\""DECISION_ALTERNATE_TITLE\"",\""text\"":\""R v. R.(D)\""},{\""type\"":\""DECISION_ALTERNATE_TITLE\"",\""text\"":\""R. v. R.(D)\""},{\""type\"":\""DECISION_OTHER_REFERENCES\"",\""text\"":\""(S.C.C.)\""},{\""type\"":\""DECISION_OTHER_REFERENCES\"",\""text\"":\""[1996] 2 S.C.R.\""},{\""type\"":\""DECISION_OTHER_REFERENCES\"",\""text\"":\""[1996] 2 S.C.R. 291\""},{\""type\"":\""DECISION_OTHER_REFERENCES\"",\""text\"":\""[2002] 2 S.C.J. No. 44\""}]"",
    ""jurisdictionId"": ""unspecified"",
    ""citedCount"": 4
  }
]"
https://synthetic.leread.ca/silver/G0623,"[
  {
    ""id"": ""silver-G0623"",
    ""docType"": ""DECISION"",
    ""path"": ""/synthetic/silver/G0623"",
    ""docTitle"": ""R. v. Mohan"",
    ""autoCompletions"": ""[{\""type\"":\""MAIN_TITLE\"",\""text\"":\""R. v. Mohan\""},{\""type\"":\""DECISION_ALTERNATE_TITLE\"",\""text\"":\""Mohan\""},{\""type\"":\""DECISION_OTHER_REFERENCES\"",\""text\"":\""[1994] S.C.J. No. 36 (S.C.C.)\""}]"",
    ""jurisdictionId"": ""unspecified"",
    ""citedCount"": 12
  }
]"
https://synthetic.leread.ca/silver/G0624,"[
  {
    ""id"": ""silver-G0624"",
    ""docType"": ""DECISION"",
    ""path"": ""/synthetic/silver/G0624"",
    ""docTitle"": ""Re Canadian Pacific Ltd."",
    ""autoCompletions"": ""[{\""type\"":\""MAIN_TITLE\"",\""text\"":\""Re Canadian Pacific Ltd.\""},{\""type\"":\""DECISION_OTHER_REFERENCES\"",\""text\"":\""[1990] O.J. No. 606 (H.C.)\""}]"",
    ""jurisdictionId"": ""unspecified"",
    ""citedCount"": 1
  }
]"
https://synthetic.leread.ca/silver/G0625,"[
  {
    ""id"": ""silver-G0625"",
    ""docType"": ""DOCTRINE"",
    ""path"": ""/synthetic/silver/G0625"",
    ""docTitle"": ""Rules of Professional Conduct (Law Society of Upper Canada)"",
    ""autoCompletions"": ""[{\""type\"":\""MAIN_TITLE\"",\""text\"":\""Rules of Professional Conduct (Law Society of Upper Canada)\""},{\""type\"":\""MAIN_TITLE\"",\""text\"":\""Rules of Professional Conduct of the Law Society of Upper Canada\""},{\""type\"":\""MAIN_TITLE\"",\""text\"":\""Rules of Professional Conduct\""}]"",
    ""jurisdictionId"": ""unspecified"",
    ""citedCount"": 3
  }
]"
https://synthetic.leread.ca/silver/G0626,"[
  {
    ""id"": ""silver-G0626"",
    ""docType"": ""DECISION"",
    ""path"": ""/synthetic/silver/G0626"",
    ""docTitle"": ""Stewart v. Canadian Broadcasting Corp."",
    ""autoCompletions"": ""[{\""type\"":\""MAIN_TITLE\"",\""text\"":\""Stewart v. Canadian Broadcasting Corp.\""},{\""type\"":\""DECISION_ALTERNATE_TITLE\"",\""text\"":\""Stewart v. Broadcasting Corp.\""},{\""type\"":\""DECISION_OTHER_REFERENCES\"",\""text\"":\""(1997), 150 D.L.R. (4<sup>th</sup>) 24\""},{\""type\"":\""DECISION_OTHER_REFERENCES\"",\""text\"":\""(Ont. Gen. Div.)\""}]"",
    ""jurisdictionId"": ""unspecified"",
    ""citedCount"": 3
  }
]"
https://synthetic.leread.ca/silver/G0627,"[
  {
    ""id"": ""silver-G0627"",
    ""docType"": ""DECISION"",
    ""path"": ""/synthetic/silver/G0627"",
    ""docTitle"": ""Teskey v. Canadian Newspapers Co."",
    ""autoCompletions"": ""[{\""type\"":\""MAIN_TITLE\"",\""text\"":\""Teskey v. Canadian Newspapers Co.\""},{\""type\"":\""DECISION_ALTERNATE_TITLE\"",\""text\"":\""Teskey v. Canadian Newspaper Co.\""},{\""type\"":\""DECISION_ALTERNATE_TITLE\"",\""text\"":\""Teskey v. Canadian Newspapers Co.,\""},{\""type\"":\""DECISION_OTHER_REFERENCES\"",\""text\"":\""(Ont. C.A.)\""},{\""type\"":\""DECISION_OTHER_REFERENCES\"",\""text\"":\""[1989] O.J. No. 828\""}]"",
    ""jurisdictionId"": ""unspecified"",
    ""citedCount"": 10
  }
]"
https://synthetic.leread.ca/silver/G0628,"[
  {
    ""id"": ""silver-G0628"",
    ""docType"": ""LEGISLATION"",
    ""path"": ""/synthetic/silver/G0628"",
    ""docTitle"": ""Tobacco Damages and Health Care Costs Recovery Act"",
    ""autoCompletions"": ""[{\""type\"":\""MAIN_TITLE\"",\""text\"":\""Tobacco Damages and Health Care Costs Recovery Act\""},{\""type\"":\""LEGISLATION_REFERENCE\"",\""text\"":\""S.N.B. 2006, c. T-7.5\""}]"",
    ""jurisdictionId"": ""unspecified"",
    ""citedCount"": 1
  }
]"
https://synthetic.leread.ca/silver/G0629,"[
  {
    ""id"": ""silver-G0629"",
    ""docType"": ""DECISION"",
    ""path"": ""/synthetic/silver/G0629"",
    ""docTitle"": ""Transamerica Life Insurance Co. of Canada v. Seward"",
    ""autoCompletions"": ""[{\""type\"":\""MAIN_TITLE\"",\""text\"":\""Transamerica Life Insurance Co. of Canada v. Seward\""},{\""type\"":\""DECISION_OTHER_REFERENCES\"",\""text\"":\""(Ont. Gen. Div.)\""},{\""type\"":\""DECISION_OTHER_REFERENCES\"",\""text\"":\""1997), 33 O.R. (3<sup>rd</sup>) 604\""}]"",
    ""jurisdictionId"": ""unspecified"",
    ""citedCount"": 4
  }
]"
https://synthetic.leread.ca/silver/G0630,"[
  {
    ""id"": ""silver-G0630"",
    ""docType"": ""DECISION"",
    ""path"": ""/synthetic/silver/G0630"",
    ""docTitle"": ""Zink v. Adrian"",
    ""autoCompletions"": ""[{\""type\"":\""MAIN_TITLE\"",\""text\"":\""Zink v. Adrian\""},{\""type\"":\""DECISION_OTHER_REFERENCES\"",\""text\"":\""(2005), 37 B.C.L.R. (4<sup>th</sup>) 389\""},{\""type\"":\""DECISION_OTHER_REFERENCES\"",\""text\"":\""(B.C.C.A.)\""}]"",
    ""jurisdictionId"": ""unspecified"",
    ""citedCount"": 1
  }
]"
https://synthetic.leread.ca/silver/G0631,"[
  {
    ""id"": ""silver-G0631"",
    ""docType"": ""LEGISLATION"",
    ""path"": ""/synthetic/silver/G0631"",
    ""docTitle"": ""Policy 21-215 Supplement to Compensation"",
    ""autoCompletions"": ""[{\""type\"":\""MAIN_TITLE\"",\""text\"":\""Policy 21-215 Supplement to Compensation\""},{\""type\"":\""LEGISLATION_ALTERNATE_TITLE\"",\""text\"":\""policy 21-215\""}]"",
    ""jurisdictionId"": ""unspecified"",
    ""citedCount"": 3
  }
]"
https://synthetic.leread.ca/silver/G0632,"[
  {
    ""id"": ""silver-G0632"",
    ""docType"": ""LEGISLATION"",
    ""path"": ""/synthetic/silver/G0632"",
    ""docTitle"": ""Policy No. 21-100 Conditions for Entitlement – General Principles"",
    ""autoCompletions"": ""[{\""type\"":\""MAIN_TITLE\"",\""text\"":\""Policy No. 21-100 Conditions for Entitlement – General Principles\""}]"",
    ""jurisdictionId"": ""unspecified"",
    ""citedCount"": 1
  }
]"
https://synthetic.leread.ca/silver/G0633,"[
  {
    ""id"": ""silver-G0633"",
    ""docType"": ""DOCTRINE"",
    ""path"": ""/synthetic/silver/G0633"",
    ""docTitle"": ""Policy No. 21-210 Calculation of Benefits"",
    ""autoCompletions"": ""[{\""type\"":\""MAIN_TITLE\"",\""text\"":\""Policy No. 21-210 Calculation of Benefits\""}]"",
    ""jurisdictionId"": ""unspecified"",
    ""citedCount"": 1
  }
]"
https://synthetic.leread.ca/silver/G0634,"[
  {
    ""id"": ""silver-G0634"",
    ""docType"": ""DECISION"",
    ""path"": ""/synthetic/silver/G0634"",
    ""docTitle"": ""Roussel-Landry v. Workplace Health, Safety and Compensation Commission"",
    ""autoCompletions"": ""[{\""type\"":\""MAIN_TITLE\"",\""text\"":\""Roussel-Landry v. Workplace Health, Safety and Compensation Commission\""},{\""type\"":\""DECISION_ALTERNATE_TITLE\"",\""text\"":\""Roussel-Landry\""},{\""type\"":\""DECISION_ALTERNATE_TITLE\"",\""text\"":\""Roussel-Landry decision\""},{\""type\"":\""DECISION_ALTERNATE_TITLE\"",\""text\"":\""Workplace Health, Safety and Compensation Commission\""}]"",
    ""jurisdictionId"": ""unspecified"",
    ""citedCount"": 3
  }
]"
https://synthetic.leread.ca/silver/G0635,"[
  {
    ""id"": ""silver-G0635"",
    ""docType"": ""LEGISLATION"",
    ""path"": ""/synthetic/silver/G0635"",
    ""docTitle"": ""Workplace Health and Safety Act"",
    ""autoCompletions"": ""[{\""type\"":\""MAIN_TITLE\"",\""text\"":\""Workplace Health and Safety Act\""}]"",
    ""jurisdictionId"": ""unspecified"",
    ""citedCount"": 1
  }
]"
https://synthetic.leread.ca/silver/G0636,"[
  {
    ""id"": ""silver-G0636"",
    ""docType"": ""DECISION"",
    ""path"": ""/synthetic/silver/G0636"",
    ""docTitle"": ""AB: Orders F2010-022, F2009-001, F2008-009, F2007-029, F2004-008, 2001-020, 2001-016, 2001-01, 99-039, 99-038 and 98-020"",
    ""autoCompletions"": ""[{\""type\"":\""MAIN_TITLE\"",\""text\"":\""AB: Orders F2010-022, F2009-001, F2008-009, F2007-029, F2004-008, 2001-020, 2001-016, 2001-01, 99-039, 99-038 and 98-020\""},{\""type\"":\""DECISION_ALTERNATE_TITLE\"",\""text\"":\""Alberta Order 2001-020\""},{\""type\"":\""DECISION_ALTERNATE_TITLE\"",\""text\"":\""Alberta Order 98-020\""},{\""type\"":\""DECISION_ALTERNATE_TITLE\"",\""text\"":\""Alberta Order F2009-001\""},{\""type\"":\""DECISION_ALTERNATE_TITLE\"",\""text\"":\""Alberta Order 2001-01\""},{\""type\"":\""DECISION_ALTERNATE_TITLE\"",\""text\"":\""Alberta Order 99-039\""},{\""type\"":\""DECISION_ALTERNATE_TITLE\"",\""text\"":\""Alberta Order F2007-029\""},{\""type\"":\""DECISION_ALTERNATE_TITLE\"",\""text\"":\""Alberta Order F2008-009\""},{\""type\"":\""DECISION_ALTERNATE_TITLE\"",\""text\"":\""Alberta Orders 2001-016\""},{\""type\"":\""DECISION_ALTERNATE_TITLE\"",\""text\"":\""Alberta Orders 99-038\""},{\""type\"":\""DECISION_ALTERNATE_TITLE\"",\""text\"":\""Lethbridge Regional Police Commission\""},{\""type\"":\""DECISION_ALTERNATE_TITLE\"",\""text\"":\""Order F2006-030\""},{\""type\"":\""DECISION_ALTERNATE_TITLE\"",\""text\"":\""Order F2010-022\""},{\""type\"":\""DECISION_OTHER_REFERENCES\"",\""text\"":\""2001-01\""},{\""type\"":\""DECISION_OTHER_REFERENCES\"",\""text\"":\""2001-016\""},{\""type\"":\""DECISION_OTHER_REFERENCES\"",\""text\"":\""2001-020\""},{\""type\"":\""DECISION_OTHER_REFERENCES\"",\""text\"":\""98-020\""},{\""type\"":\""DECISION_OTHER_REFERENCES\"",\""text\"":\""99-038\""},{\""type\"":\""DECISION_OTHER_REFERENCES\"",\""text\"":\""99-039\""},{\""type\"":\""DECISION_OTHER_REFERENCES\"",\""text\"":\""F2004-008\""},{\""type\"":\""DECISION_OTHER_REFERENCES\"",\""text\"":\""F2007-029\""},{\""type\"":\""DECISION_OTHER_REFERENCES\"",\""text\"":\""F2008-009\""},{\""type\"":\""DECISION_OTHER_REFERENCES\"",\""text\"":\""F2009-001\""},{\""type\"":\""DECISION_OTHER_REFERENCES\"",\""text\"":\""F2010-022\""}]"",
    ""jurisdictionId"": ""unspecified"",
    ""citedCount"": 19
  }
]"
https://synthetic.leread.ca/silver/G0637,"[
  {
    ""id"": ""silver-G0637"",
    ""docType"": ""DECISION"",
    ""path"": ""/synthetic/silver/G0637"",
    ""docTitle"": ""BC: Orders 30-1994 and 02-20"",
    ""autoCompletions"": ""[{\""type\"":\""MAIN_TITLE\"",\""text\"":\""BC: Orders 30-1994 and 02-20\""},{\""type\"":\""DECISION_ALTERNATE_TITLE\"",\""text\"":\""B.C. Order 30-1994\""},{\""type\"":\""DECISION_ALTERNATE_TITLE\"",\""text\"":\""Order 02-20\""},{\""type\"":\""DECISION_ALTERNATE_TITLE\"",\""text\"":\""Order 02-20 of British Columbia\""}]"",
    ""jurisdictionId"": ""unspecified"",
    ""citedCount"": 5
  }
]"
https://synthetic.leread.ca/silver/G0638,"[
  {
    ""id"": ""silver-G0638"",
    ""docType"": ""LEGISLATION"",
    ""path"": ""/synthetic/silver/G0638"",
    ""docTitle"": ""Companion Animal Protection Act"",
    ""autoCompletions"": ""[{\""type\"":\""MAIN_TITLE\"",\""text\"":\""Companion Animal Protection Act\""},{\""type\"":\""LEGISLATION_ALTERNATE_TITLE\"",\""text\"":\""Act\""},{\""type\"":\""LEGISLATION_REFERENCE\"",\""text\"":\""2001,c.4\""},{\""type\"":\""LEGISLATION_ALTERNATE_REFERENCE\"",\""text\"":\""R.S.P.E.I. 1988, cap. c-14.1\""}]"",
    ""jurisdictionId"": ""unspecified"",
    ""citedCount"": 30
  }
]"
https://synthetic.leread.ca/silver/G0639,"[
  {
    ""id"": ""silver-G0639"",
    ""docType"": ""DECISION"",
    ""path"": ""/synthetic/silver/G0639"",
    ""docTitle"": ""Dickie v. Nova Scotia"",
    ""autoCompletions"": ""[{\""type\"":\""MAIN_TITLE\"",\""text\"":\""Dickie v. Nova Scotia\""},{\""type\"":\""DECISION_ALTERNATE_TITLE\"",\""text\"":\""Dickie\""},{\""type\"":\""DECISION_ALTERNATE_TITLE\"",\""text\"":\""Nova Scotia\""},{\""type\"":\""DECISION_OTHER_REFERENCES\"",\""text\"":\""[1999] NSJ 116 (NSCA)\""},{\""type\"":\""DECISION_OTHER_REFERENCES\"",\""text\"":\""[1999] N.S.J. No. 116 (N.S.C.A.)\""}]"",
    ""jurisdictionId"": ""unspecified"",
    ""citedCount"": 2
  }
]"
https://synthetic.leread.ca/silver/G0640,"[
  {
    ""id"": ""silver-G0640"",
    ""docType"": ""LEGISLATION"",
    ""path"": ""/synthetic/silver/G0640"",
    ""docTitle"": ""Freedom of Information and Protection of Privacy Act"",
    ""autoCompletions"": ""[{\""type\"":\""MAIN_TITLE\"",\""text\"":\""Freedom of Information and Protection of Privacy Act\""},{\""type\"":\""LEGISLATION_ALTERNATE_TITLE\"",\""text\"":\""legislation\""}]"",
    ""jurisdictionId"": ""unspecified"",
    ""citedCount"": 1
  }
]"
https://synthetic.leread.ca/silver/G0641,"[
  {
    ""id"": ""silver-G0641"",
    ""docType"": ""LEGISLATION"",
    ""path"": ""/synthetic/silver/G0641"",
    ""docTitle"": ""Freedom of Information and Protection of Privacy Act (Alberta)"",
    ""autoCompletions"": ""[{\""type\"":\""MAIN_TITLE\"",\""text\"":\""Freedom of Information and Protection of Privacy Act (Alberta)\""},{\""type\"":\""LEGISLATION_ALTERNATE_TITLE\"",\""text\"":\""Act\""},{\""type\"":\""LEGISLATION_ALTERNATE_TITLE\"",\""text\"":\""Alberta Act\""},{\""type\"":\""LEGISLATION_ALTERNATE_TITLE\"",\""text\"":\""FOIPP Act\""},{\""type\"":\""LEGISLATION_ALTERNATE_TITLE\"",\""text\"":\""Freedom of Information and Protection of Privacy Act\""}]"",
    ""jurisdictionId"": ""unspecified"",
    ""citedCount"": 18
  }
]"
https://synthetic.leread.ca/silver/G0642,"[
  {
    ""id"": ""silver-G0642"",
    ""docType"": ""LEGISLATION"",
    ""path"": ""/synthetic/silver/G0642"",
    ""docTitle"": ""Freedom of Information and Protection of Privacy Act (British Columbia)"",
    ""autoCompletions"": ""[{\""type\"":\""MAIN_TITLE\"",\""text\"":\""Freedom of Information and Protection of Privacy Act (British Columbia)\""}]"",
    ""jurisdictionId"": ""unspecified"",
    ""citedCount"": 2
  }
]"
https://synthetic.leread.ca/silver/G0643,"[
  {
    ""id"": ""silver-G0643"",
    ""docType"": ""LEGISLATION"",
    ""path"": ""/synthetic/silver/G0643"",
    ""docTitle"": ""Freedom of Information and Protection of Privacy Act (Nova Scotia)"",
    ""autoCompletions"": ""[{\""type\"":\""MAIN_TITLE\"",\""text\"":\""Freedom of Information and Protection of Privacy Act (Nova Scotia)\""}]"",
    ""jurisdictionId"": ""unspecified"",
    ""citedCount"": 3
  }
]"
https://synthetic.leread.ca/silver/G0644,"[
  {
    ""id"": ""silver-G0644"",
    ""docType"": ""LEGISLATION"",
    ""path"": ""/synthetic/silver/G0644"",
    ""docTitle"": ""Freedom of Information and Protection of Privacy Act (PEI)"",
    ""autoCompletions"": ""[{\""type\"":\""MAIN_TITLE\"",\""text\"":\""Freedom of Information and Protection of Privacy Act (PEI)\""},{\""type\"":\""LEGISLATION_ALTERNATE_TITLE\"",\""text\"":\""FOIPP Act\""},{\""type\"":\""LEGISLATION_ALTERNATE_TITLE\"",\""text\"":\""Freedom of Information and Protection of Privacy Act\""},{\""type\"":\""LEGISLATION_REFERENCE\"",\""text\"":\""R.S.P.E.I. 1988, cap F-15.01\""}]"",
    ""jurisdictionId"": ""unspecified"",
    ""citedCount"": 155
  }
]"
https://synthetic.leread.ca/silver/G0645,"[
  {
    ""id"": ""silver-G0645"",
    ""docType"": ""DECISION"",
    ""path"": ""/synthetic/silver/G0645"",
    ""docTitle"": ""French v. Dalhousie University"",
    ""autoCompletions"": ""[{\""type\"":\""MAIN_TITLE\"",\""text\"":\""French v. Dalhousie University\""},{\""type\"":\""DECISION_ALTERNATE_TITLE\"",\""text\"":\""Dalhousie University\""},{\""type\"":\""DECISION_ALTERNATE_TITLE\"",\""text\"":\""French\""},{\""type\"":\""DECISION_OTHER_REFERENCES\"",\""text\"":\""(N.S.C.A.)\""},{\""type\"":\""DECISION_OTHER_REFERENCES\"",\""text\"":\""(NSCA)\""},{\""type\"":\""DECISION_OTHER_REFERENCES\"",\""text\"":\""[2003] N.S.J. No. 44\""},{\""type\"":\""DECISION_OTHER_REFERENCES\"",\""text\"":\""[2003] NSJ 44\""}]"",
    ""jurisdictionId"": ""unspecified"",
    ""citedCount"": 2
  }
]"
https://synthetic.leread.ca/silver/G0646,"[
  {
    ""id"": ""silver-G0646"",
    ""docType"": ""LEGISLATION"",
    ""path"": ""/synthetic/silver/G0646"",
    ""docTitle"": ""Judicial Review Act"",
    ""autoCompletions"": ""[{\""type\"":\""MAIN_TITLE\"",\""text\"":\""Judicial Review Act\""}]"",
    ""jurisdictionId"": ""unspecified"",
    ""citedCount"": 1
  }
]"
https://synthetic.leread.ca/silver/G0647,"[
  {
    ""id"": ""silver-G0647"",
    ""docType"": ""DECISION"",
    ""path"": ""/synthetic/silver/G0647"",
    ""docTitle"": ""MacNeill v. Privacy Commissioner"",
    ""autoCompletions"": ""[{\""type\"":\""MAIN_TITLE\"",\""text\"":\""MacNeill v. Privacy Commissioner\""},{\""type\"":\""DECISION_ALTERNATE_TITLE\"",\""text\"":\""MacNeill\""},{\""type\"":\""DECISION_ALTERNATE_TITLE\"",\""text\"":\""Privacy Comm\""},{\""type\"":\""DECISION_OTHER_REFERENCES\"",\""text\"":\""2004 PESCTD 69\""}]"",
    ""jurisdictionId"": ""unspecified"",
    ""citedCount"": 5
  }
]"
https://synthetic.leread.ca/silver/G0648,"[
  {
    ""id"": ""silver-G0648"",
    ""docType"": ""DECISION"",
    ""path"": ""/synthetic/silver/G0648"",
    ""docTitle"": ""Order FI-05-83 (2006)"",
    ""autoCompletions"": ""[{\""type\"":\""MAIN_TITLE\"",\""text\"":\""Order FI-05-83 (2006)\""},{\""type\"":\""DECISION_ALTERNATE_TITLE\"",\""text\"":\""Nova Scotia's Order FI-05-83\""},{\""type\"":\""DECISION_ALTERNATE_TITLE\"",\""text\"":\""Order FI-05-83\""},{\""type\"":\""DECISION_OTHER_REFERENCES\"",\""text\"":\""Order FI-05-83 (2006)\""}]"",
    ""jurisdictionId"": ""unspecified"",
    ""citedCount"": 3
  }
]"
https://synthetic.leread.ca/silver/G0649,"[
  {
    ""id"": ""silver-G0649"",
    ""docType"": ""DECISION"",
    ""path"": ""/synthetic/silver/G0649"",
    ""docTitle"": ""Order MO-2171"",
    ""autoCompletions"": ""[{\""type\"":\""MAIN_TITLE\"",\""text\"":\""Order MO-2171\""},{\""type\"":\""DECISION_ALTERNATE_TITLE\"",\""text\"":\""Ontario's Order MO-2171\""},{\""type\"":\""DECISION_OTHER_REFERENCES\"",\""text\"":\""Order MO-2171\""}]"",
    ""jurisdictionId"": ""unspecified"",
    ""citedCount"": 3
  }
]"
https://synthetic.leread.ca/silver/G0650,"[
  {
    ""id"": ""silver-G0650"",
    ""docType"": ""DECISION"",
    ""path"": ""/synthetic/silver/G0650"",
    ""docTitle"": ""PE: Orders PP-06-001, 06-005, 06-003, 05-001, 04-002, 03-004 and 03-003"",
    ""autoCompletions"": ""[{\""type\"":\""MAIN_TITLE\"",\""text\"":\""PE: Orders PP-06-001, 06-005, 06-003, 05-001, 04-002, 03-004 and 03-003\""},{\""type\"":\""DECISION_ALTERNATE_TITLE\"",\""text\"":\""Order 05-001\""},{\""type\"":\""DECISION_ALTERNATE_TITLE\"",\""text\"":\""Order 03-003\""},{\""type\"":\""DECISION_ALTERNATE_TITLE\"",\""text\"":\""Order 03-004\""},{\""type\"":\""DECISION_ALTERNATE_TITLE\"",\""text\"":\""Order 03-004 of this office\""},{\""type\"":\""DECISION_ALTERNATE_TITLE\"",\""text\"":\""Order 06-005\""},{\""type\"":\""DECISION_ALTERNATE_TITLE\"",\""text\"":\""Order FI-06-005\""}]"",
    ""jurisdictionId"": ""unspecified"",
    ""citedCount"": 17
  }
]"
https://synthetic.leread.ca/silver/G0651,"[
  {
    ""id"": ""silver-G0651"",
    ""docType"": ""DECISION"",
    ""path"": ""/synthetic/silver/G0651"",
    ""docTitle"": ""University of Alberta v. Alberta (Information and Privacy Commissioner)"",
    ""autoCompletions"": ""[{\""type\"":\""MAIN_TITLE\"",\""text\"":\""University of Alberta v. Alberta (Information and Privacy Commissioner)\""},{\""type\"":\""DECISION_ALTERNATE_TITLE\"",\""text\"":\""Alberta (Information and Privacy Commissioner)\""},{\""type\"":\""DECISION_ALTERNATE_TITLE\"",\""text\"":\""University of Alberta\""},{\""type\"":\""DECISION_OTHER_REFERENCES\"",\""text\"":\""2010 ABQB 89\""}]"",
    ""jurisdictionId"": ""unspecified"",
    ""citedCount"": 2
  }
]"
https://synthetic.leread.ca/silver/G0652,"[
  {
    ""id"": ""silver-G0652"",
    ""docType"": ""DECISION"",
    ""path"": ""/synthetic/silver/G0652"",
    ""docTitle"": ""BMW Canada Inc v Nissan Canada Inc"",
    ""autoCompletions"": ""[{\""type\"":\""MAIN_TITLE\"",\""text\"":\""BMW Canada Inc v Nissan Canada Inc\""},{\""type\"":\""DECISION_OTHER_REFERENCES\"",\""text\"":\""2007 FCA 255\""}]"",
    ""jurisdictionId"": ""unspecified"",
    ""citedCount"": 1
  }
]"
https://synthetic.leread.ca/silver/G0653,"[
  {
    ""id"": ""silver-G0653"",
    ""docType"": ""DECISION"",
    ""path"": ""/synthetic/silver/G0653"",
    ""docTitle"": ""Canada (Registrar of Trade-marks) v CIE INT Pour l’Informatique CII Honeywell Bull SA"",
    ""autoCompletions"": ""[{\""type\"":\""MAIN_TITLE\"",\""text\"":\""Canada (Registrar of Trade-marks) v CIE INT Pour l’Informatique CII Honeywell Bull SA\""},{\""type\"":\""DECISION_OTHER_REFERENCES\"",\""text\"":\""[1985] 1 FC 406 (CA)\""}]"",
    ""jurisdictionId"": ""unspecified"",
    ""citedCount"": 1
  }
]"
https://synthetic.leread.ca/silver/G0654,"[
  {
    ""id"": ""silver-G0654"",
    ""docType"": ""DECISION"",
    ""path"": ""/synthetic/silver/G0654"",
    ""docTitle"": ""Guido Berlucchi & C Srl v Brouilette Kosie Prince"",
    ""autoCompletions"": ""[{\""type\"":\""MAIN_TITLE\"",\""text\"":\""Guido Berlucchi & C Srl v Brouilette Kosie Prince\""},{\""type\"":\""DECISION_ALTERNATE_TITLE\"",\""text\"":\""Guido Berlucchi &amp; C Srl\""},{\""type\"":\""DECISION_ALTERNATE_TITLE\"",\""text\"":\""v Brouilette Kosie Prince\""},{\""type\"":\""DECISION_OTHER_REFERENCES\"",\""text\"":\""2007 FC 245\""}]"",
    ""jurisdictionId"": ""unspecified"",
    ""citedCount"": 1
  }
]"
https://synthetic.leread.ca/silver/G0655,"[
  {
    ""id"": ""silver-G0655"",
    ""docType"": ""DECISION"",
    ""path"": ""/synthetic/silver/G0655"",
    ""docTitle"": ""John Labatt Ltd v Rainier Brewing Co"",
    ""autoCompletions"": ""[{\""type\"":\""MAIN_TITLE\"",\""text\"":\""John Labatt Ltd v Rainier Brewing Co\""},{\""type\"":\""DECISION_OTHER_REFERENCES\"",\""text\"":\""80 CPR (2d) 228\""},{\""type\"":\""DECISION_OTHER_REFERENCES\"",\""text\"":\""[1984] FCJ No 302 (CA) (QL)\""}]"",
    ""jurisdictionId"": ""unspecified"",
    ""citedCount"": 1
  }
]"
https://synthetic.leread.ca/silver/G0656,"[
  {
    ""id"": ""silver-G0656"",
    ""docType"": ""DECISION"",
    ""path"": ""/synthetic/silver/G0656"",
    ""docTitle"": ""Phillip Morris Inc v Imperial Tobacco Ltd"",
    ""autoCompletions"": ""[{\""type\"":\""MAIN_TITLE\"",\""text\"":\""Phillip Morris Inc v Imperial Tobacco Ltd\""},{\""type\"":\""DECISION_OTHER_REFERENCES\"",\""text\"":\""13 CPR (3d) 289\""},{\""type\"":\""DECISION_OTHER_REFERENCES\"",\""text\"":\""1987 FCJ No 26 (TD) (QL)\""}]"",
    ""jurisdictionId"": ""unspecified"",
    ""citedCount"": 1
  }
]"
https://synthetic.leread.ca/silver/G0657,"[
  {
    ""id"": ""silver-G0657"",
    ""docType"": ""DECISION"",
    ""path"": ""/synthetic/silver/G0657"",
    ""docTitle"": ""Prince v. Orange Cove-Sanger Citrus Assn"",
    ""autoCompletions"": ""[{\""type\"":\""MAIN_TITLE\"",\""text\"":\""Prince v. Orange Cove-Sanger Citrus Assn\""},{\""type\"":\""DECISION_OTHER_REFERENCES\"",\""text\"":\""2007 FC 1229\""}]"",
    ""jurisdictionId"": ""unspecified"",
    ""citedCount"": 1
  }
]"
https://synthetic.leread.ca/silver/G0658,"[
  {
    ""id"": ""silver-G0658"",
    ""docType"": ""DECISION"",
    ""path"": ""/synthetic/silver/G0658"",
    ""docTitle"": ""Promafil Canada Ltée v Munsingwear, Inc"",
    ""autoCompletions"": ""[{\""type\"":\""MAIN_TITLE\"",\""text\"":\""Promafil Canada Ltée v Munsingwear, Inc\""},{\""type\"":\""DECISION_ALTERNATE_TITLE\"",\""text\"":\""Canada\""},{\""type\"":\""DECISION_ALTERNATE_TITLE\"",\""text\"":\""Ltée v Munsingwear, Inc\""},{\""type\"":\""DECISION_ALTERNATE_TITLE\"",\""text\"":\""Promafil\""},{\""type\"":\""DECISION_OTHER_REFERENCES\"",\""text\"":\""44 CPR (3d) 59\""},{\""type\"":\""DECISION_OTHER_REFERENCES\"",\""text\"":\""[1992] FCJ No 611 (CA) (QL)\""}]"",
    ""jurisdictionId"": ""unspecified"",
    ""citedCount"": 1
  }
]"
https://synthetic.leread.ca/silver/G0659,"[
  {
    ""id"": ""silver-G0659"",
    ""docType"": ""DECISION"",
    ""path"": ""/synthetic/silver/G0659"",
    ""docTitle"": ""R. v. Smith"",
    ""autoCompletions"": ""[{\""type\"":\""MAIN_TITLE\"",\""text\"":\""R. v. Smith\""},{\""type\"":\""DECISION_ALTERNATE_TITLE\"",\""text\"":\""R v Smith\""},{\""type\"":\""DECISION_ALTERNATE_TITLE\"",\""text\"":\""Smith\""},{\""type\"":\""DECISION_OTHER_REFERENCES\"",\""text\"":\""[1992] 2 SCR 915\""}]"",
    ""jurisdictionId"": ""unspecified"",
    ""citedCount"": 3
  }
]"
https://synthetic.leread.ca/silver/G0660,"[
  {
    ""id"": ""silver-G0660"",
    ""docType"": ""DECISION"",
    ""path"": ""/synthetic/silver/G0660"",
    ""docTitle"": ""Salomon SA v Tricot Exclusive Inc"",
    ""autoCompletions"": ""[{\""type\"":\""MAIN_TITLE\"",\""text\"":\""Salomon SA v Tricot Exclusive Inc\""},{\""type\"":\""DECISION_ALTERNATE_TITLE\"",\""text\"":\""Exclusive Inc\""},{\""type\"":\""DECISION_ALTERNATE_TITLE\"",\""text\"":\""Salomon SA v Tricot\""},{\""type\"":\""DECISION_OTHER_REFERENCES\"",\""text\"":\""2001 FCT 842\""}]"",
    ""jurisdictionId"": ""unspecified"",
    ""citedCount"": 1
  }
]"
https://synthetic.leread.ca/silver/G0662,"[
  {
    ""id"": ""silver-G0662"",
    ""docType"": ""DECISION"",
    ""path"": ""/synthetic/silver/G0662"",
    ""docTitle"": ""Armstrong, Whitworth & Co. v. Redford"",
    ""autoCompletions"": ""[{\""type\"":\""MAIN_TITLE\"",\""text\"":\""Armstrong, Whitworth & Co. v. Redford\""},{\""type\"":\""DECISION_ALTERNATE_TITLE\"",\""text\"":\""Armstrong, Whitworth &amp; Co. v. Redford\""},{\""type\"":\""DECISION_OTHER_REFERENCES\"",\""text\"":\""[1920] All E.R. Rep. 316\""}]"",
    ""jurisdictionId"": ""unspecified"",
    ""citedCount"": 1
  }
]"
https://synthetic.leread.ca/silver/G0663,"[
  {
    ""id"": ""silver-G0663"",
    ""docType"": ""DOCTRINE"",
    ""path"": ""/synthetic/silver/G0663"",
    ""docTitle"": ""Black’s Law Dictionary"",
    ""autoCompletions"": ""[{\""type\"":\""MAIN_TITLE\"",\""text\"":\""Black’s Law Dictionary\""}]"",
    ""jurisdictionId"": ""unspecified"",
    ""citedCount"": 3
  }
]"
https://synthetic.leread.ca/silver/G0664,"[
  {
    ""id"": ""silver-G0664"",
    ""docType"": ""DECISION"",
    ""path"": ""/synthetic/silver/G0664"",
    ""docTitle"": ""Blee v. London & North Eastern Railway Co."",
    ""autoCompletions"": ""[{\""type\"":\""MAIN_TITLE\"",\""text\"":\""Blee v. London & North Eastern Railway Co.\""},{\""type\"":\""DECISION_ALTERNATE_TITLE\"",\""text\"":\""Blee v. London &amp; North Eastern Railway Co.\""},{\""type\"":\""DECISION_OTHER_REFERENCES\"",\""text\"":\""[1937] 4 All E.R. 270\""}]"",
    ""jurisdictionId"": ""unspecified"",
    ""citedCount"": 1
  }
]"
https://synthetic.leread.ca/silver/G0665,"[
  {
    ""id"": ""silver-G0665"",
    ""docType"": ""DECISION"",
    ""path"": ""/synthetic/silver/G0665"",
    ""docTitle"": ""Brun v. New Brunswick (Workplace Health, Safety and Compensation Commission)"",
    ""autoCompletions"": ""[{\""type\"":\""MAIN_TITLE\"",\""text\"":\""Brun v. New Brunswick (Workplace Health, Safety and Compensation Commission)\""},{\""type\"":\""DECISION_OTHER_REFERENCES\"",\""text\"":\""(1996), 183 N.B.R. (2d) 172\""},{\""type\"":\""DECISION_OTHER_REFERENCES\"",\""text\"":\""[1996] N.B.J. No. 507 (C.A.) (QL)\""}]"",
    ""jurisdictionId"": ""unspecified"",
    ""citedCount"": 1
  }
]"
https://synthetic.leread.ca/silver/G0666,"[
  {
    ""id"": ""silver-G0666"",
    ""docType"": ""DECISION"",
    ""path"": ""/synthetic/silver/G0666"",
    ""docTitle"": ""Canada Steamship Lines Inc. v. Antenucci"",
    ""autoCompletions"": ""[{\""type\"":\""MAIN_TITLE\"",\""text\"":\""Canada Steamship Lines Inc. v. Antenucci\""},{\""type\"":\""DECISION_OTHER_REFERENCES\"",\""text\"":\""(1991), 37 Q.A.C. 113\""},{\""type\"":\""DECISION_OTHER_REFERENCES\"",\""text\"":\""[1991] A.Q. No. 640 (Q.L.) (C.A.)\""}]"",
    ""jurisdictionId"": ""unspecified"",
    ""citedCount"": 1
  }
]"
https://synthetic.leread.ca/silver/G0667,"[
  {
    ""id"": ""silver-G0667"",
    ""docType"": ""DECISION"",
    ""path"": ""/synthetic/silver/G0667"",
    ""docTitle"": ""Certainteed Gypsum Canada, Inc. v. Workplace Health, Safety and Compensation Commission and Dyer"",
    ""autoCompletions"": ""[{\""type\"":\""MAIN_TITLE\"",\""text\"":\""Certainteed Gypsum Canada, Inc. v. Workplace Health, Safety and Compensation Commission and Dyer\""},{\""type\"":\""DECISION_OTHER_REFERENCES\"",\""text\"":\""2011 NBCA 45\""},{\""type\"":\""DECISION_OTHER_REFERENCES\"",\""text\"":\""[2011] N.B.J. No. 168 (QL)\""}]"",
    ""jurisdictionId"": ""unspecified"",
    ""citedCount"": 1
  }
]"
https://synthetic.leread.ca/silver/G0668,"[
  {
    ""id"": ""silver-G0668"",
    ""docType"": ""DECISION"",
    ""path"": ""/synthetic/silver/G0668"",
    ""docTitle"": ""Charles R. Davidson & Co. v. M’Robb"",
    ""autoCompletions"": ""[{\""type\"":\""MAIN_TITLE\"",\""text\"":\""Charles R. Davidson & Co. v. M’Robb\""},{\""type\"":\""DECISION_ALTERNATE_TITLE\"",\""text\"":\""Charles R. Davidson &amp; Co. v. M’Robb\""},{\""type\"":\""DECISION_OTHER_REFERENCES\"",\""text\"":\""(H.L.)\""},{\""type\"":\""DECISION_OTHER_REFERENCES\"",\""text\"":\""[1918] A.C. 304\""}]"",
    ""jurisdictionId"": ""unspecified"",
    ""citedCount"": 1
  }
]"
https://synthetic.leread.ca/silver/G0669,"[
  {
    ""id"": ""silver-G0669"",
    ""docType"": ""DECISION"",
    ""path"": ""/synthetic/silver/G0669"",
    ""docTitle"": ""City of Saint John v. The Workplace Health, Safety Compensation Commission and Rowe"",
    ""autoCompletions"": ""[{\""type\"":\""MAIN_TITLE\"",\""text\"":\""City of Saint John v. The Workplace Health, Safety Compensation Commission and Rowe\""},{\""type\"":\""DECISION_OTHER_REFERENCES\"",\""text\"":\""2008 NBCA 83\""},{\""type\"":\""DECISION_OTHER_REFERENCES\"",\""text\"":\""338 N.B.R. (2d) 213\""}]"",
    ""jurisdictionId"": ""unspecified"",
    ""citedCount"": 1
  }
]"
https://synthetic.leread.ca/silver/G0670,"[
  {
    ""id"": ""silver-G0670"",
    ""docType"": ""DOCTRINE"",
    ""path"": ""/synthetic/silver/G0670"",
    ""docTitle"": ""Commission Policy on point"",
    ""autoCompletions"": ""[{\""type\"":\""MAIN_TITLE\"",\""text\"":\""Commission Policy on point\""}]"",
    ""jurisdictionId"": ""unspecified"",
    ""citedCount"": 1
  }
]"
https://synthetic.leread.ca/silver/G0671,"[
  {
    ""id"": ""silver-G0671"",
    ""docType"": ""DECISION"",
    ""path"": ""/synthetic/silver/G0671"",
    ""docTitle"": ""Crothers v. Martin et al."",
    ""autoCompletions"": ""[{\""type\"":\""MAIN_TITLE\"",\""text\"":\""Crothers v. Martin et al.\""},{\""type\"":\""DECISION_OTHER_REFERENCES\"",\""text\"":\""(1982), 44 N.B.R. (2d) 59\""},{\""type\"":\""DECISION_OTHER_REFERENCES\"",\""text\"":\""[1982] N.B.J. No. 392 (C.A.) (QL)\""}]"",
    ""jurisdictionId"": ""unspecified"",
    ""citedCount"": 1
  }
]"
https://synthetic.leread.ca/silver/G0672,"[
  {
    ""id"": ""silver-G0672"",
    ""docType"": ""DECISION"",
    ""path"": ""/synthetic/silver/G0672"",
    ""docTitle"": ""D.W. v. New Brunswick (Workplace Health, Safety and Compensation Commission)"",
    ""autoCompletions"": ""[{\""type\"":\""MAIN_TITLE\"",\""text\"":\""D.W. v. New Brunswick (Workplace Health, Safety and Compensation Commission)\""},{\""type\"":\""DECISION_ALTERNATE_TITLE\"",\""text\"":\""D.W. v. Workplace Health, Safety and Compensation Commission and Via Rail Canada Inc.\""},{\""type\"":\""DECISION_OTHER_REFERENCES\"",\""text\"":\""2005 NBCA 70\""},{\""type\"":\""DECISION_OTHER_REFERENCES\"",\""text\"":\""288 N.B.R. (2d) 26\""}]"",
    ""jurisdictionId"": ""unspecified"",
    ""citedCount"": 2
  }
]"
https://synthetic.leread.ca/silver/G0673,"[
  {
    ""id"": ""silver-G0673"",
    ""docType"": ""DECISION"",
    ""path"": ""/synthetic/silver/G0673"",
    ""docTitle"": ""Davidson v. Mould"",
    ""autoCompletions"": ""[{\""type\"":\""MAIN_TITLE\"",\""text\"":\""Davidson v. Mould\""},{\""type\"":\""DECISION_OTHER_REFERENCES\"",\""text\"":\""69 C.L.R. 96\""},{\""type\"":\""DECISION_OTHER_REFERENCES\"",\""text\"":\""[1944] HCA 10\""}]"",
    ""jurisdictionId"": ""unspecified"",
    ""citedCount"": 1
  }
]"
https://synthetic.leread.ca/silver/G0674,"[
  {
    ""id"": ""silver-G0674"",
    ""docType"": ""DECISION"",
    ""path"": ""/synthetic/silver/G0674"",
    ""docTitle"": ""Dowling v. Prince Edward Island (Workers"",
    ""autoCompletions"": ""[{\""type\"":\""MAIN_TITLE\"",\""text\"":\""Dowling v. Prince Edward Island (Workers\""},{\""type\"":\""DECISION_ALTERNATE_TITLE\"",\""text\"":\""Dowling\""},{\""type\"":\""DECISION_ALTERNATE_TITLE\"",\""text\"":\""Dowling v. Prince Edward Island (Workers' Compensation Board)\""},{\""type\"":\""DECISION_OTHER_REFERENCES\"",\""text\"":\""[1994] P.E.I.J. No. 113 (C.A.) (QL)\""}]"",
    ""jurisdictionId"": ""unspecified"",
    ""citedCount"": 3
  }
]"
https://synthetic.leread.ca/silver/G0675,"[
  {
    ""id"": ""silver-G0675"",
    ""docType"": ""DECISION"",
    ""path"": ""/synthetic/silver/G0675"",
    ""docTitle"": ""Dunham v. Workmen’s Compensation Board"",
    ""autoCompletions"": ""[{\""type\"":\""MAIN_TITLE\"",\""text\"":\""Dunham v. Workmen’s Compensation Board\""},{\""type\"":\""DECISION_OTHER_REFERENCES\"",\""text\"":\""(1967), 67 D.L.R. (2d) 726\""},{\""type\"":\""DECISION_OTHER_REFERENCES\"",\""text\"":\""[1967] N.B.J. No. 11 (S.C. App. Div.) (QL)\""}]"",
    ""jurisdictionId"": ""unspecified"",
    ""citedCount"": 1
  }
]"
https://synthetic.leread.ca/silver/G0678,"[
  {
    ""id"": ""silver-G0678"",
    ""docType"": ""DECISION"",
    ""path"": ""/synthetic/silver/G0678"",
    ""docTitle"": ""Fundy Linen Service Inc. v. Workplace Health, Safety and Compensation Commission"",
    ""autoCompletions"": ""[{\""type\"":\""MAIN_TITLE\"",\""text\"":\""Fundy Linen Service Inc. v. Workplace Health, Safety and Compensation Commission\""},{\""type\"":\""DECISION_OTHER_REFERENCES\"",\""text\"":\""2009 NBCA 13\""},{\""type\"":\""DECISION_OTHER_REFERENCES\"",\""text\"":\""341 N.B.R. (2d) 286\""}]"",
    ""jurisdictionId"": ""unspecified"",
    ""citedCount"": 1
  }
]"
https://synthetic.leread.ca/silver/G0679,"[
  {
    ""id"": ""silver-G0679"",
    ""docType"": ""DECISION"",
    ""path"": ""/synthetic/silver/G0679"",
    ""docTitle"": ""Gallie v. Workplace Health, Safety and Compensation Commission (N.B.)"",
    ""autoCompletions"": ""[{\""type\"":\""MAIN_TITLE\"",\""text\"":\""Gallie v. Workplace Health, Safety and Compensation Commission (N.B.)\""},{\""type\"":\""DECISION_ALTERNATE_TITLE\"",\""text\"":\""Gallie\""},{\""type\"":\""DECISION_OTHER_REFERENCES\"",\""text\"":\""(1996), 181 N.B.R. (2d) 7\""},{\""type\"":\""DECISION_OTHER_REFERENCES\"",\""text\"":\""[1996] N.B.J. No. 436 (C.A.) (QL)\""}]"",
    ""jurisdictionId"": ""unspecified"",
    ""citedCount"": 3
  }
]"
https://synthetic.leread.ca/silver/G0680,"[
  {
    ""id"": ""silver-G0680"",
    ""docType"": ""DECISION"",
    ""path"": ""/synthetic/silver/G0680"",
    ""docTitle"": ""Harris v. Workmen"",
    ""autoCompletions"": ""[{\""type\"":\""MAIN_TITLE\"",\""text\"":\""Harris v. Workmen\""},{\""type\"":\""DECISION_ALTERNATE_TITLE\"",\""text\"":\""Harris’s case\""}]"",
    ""jurisdictionId"": ""unspecified"",
    ""citedCount"": 1
  }
]"
https://synthetic.leread.ca/silver/G0681,"[
  {
    ""id"": ""silver-G0681"",
    ""docType"": ""LEGISLATION"",
    ""path"": ""/synthetic/silver/G0681"",
    ""docTitle"": ""Interpretation Act PEI 1981"",
    ""autoCompletions"": ""[{\""type\"":\""MAIN_TITLE\"",\""text\"":\""Interpretation Act PEI 1981\""},{\""type\"":\""LEGISLATION_ALTERNATE_TITLE\"",\""text\"":\""Interpretation Act\""},{\""type\"":\""LEGISLATION_REFERENCE\"",\""text\"":\""S.P.E.I. 1981, c. 18\""}]"",
    ""jurisdictionId"": ""unspecified"",
    ""citedCount"": 1
  }
]"
https://synthetic.leread.ca/silver/G0682,"[
  {
    ""id"": ""silver-G0682"",
    ""docType"": ""DECISION"",
    ""path"": ""/synthetic/silver/G0682"",
    ""docTitle"": ""J.D. Irving, Limited v. Hughes and Astle"",
    ""autoCompletions"": ""[{\""type\"":\""MAIN_TITLE\"",\""text\"":\""J.D. Irving, Limited v. Hughes and Astle\""},{\""type\"":\""DECISION_OTHER_REFERENCES\"",\""text\"":\""2010 NBCA 23\""},{\""type\"":\""DECISION_OTHER_REFERENCES\"",\""text\"":\""358 N.B.R. (2d) 49\""}]"",
    ""jurisdictionId"": ""unspecified"",
    ""citedCount"": 1
  }
]"
https://synthetic.leread.ca/silver/G0683,"[
  {
    ""id"": ""silver-G0683"",
    ""docType"": ""DECISION"",
    ""path"": ""/synthetic/silver/G0683"",
    ""docTitle"": ""Jardine Transport Ltd. v. Workers’ Compensation Board"",
    ""autoCompletions"": ""[{\""type\"":\""MAIN_TITLE\"",\""text\"":\""Jardine Transport Ltd. v. Workers’ Compensation Board\""},{\""type\"":\""DECISION_OTHER_REFERENCES\"",\""text\"":\""(1984) 56 N.B.R. (2d) 387\""},{\""type\"":\""DECISION_OTHER_REFERENCES\"",\""text\"":\""[1984] N.B.J. No. 257 (C.A.) (QL)\""}]"",
    ""jurisdictionId"": ""unspecified"",
    ""citedCount"": 1
  }
]"
https://synthetic.leread.ca/silver/G0685,"[
  {
    ""id"": ""silver-G0685"",
    ""docType"": ""DECISION"",
    ""path"": ""/synthetic/silver/G0685"",
    ""docTitle"": ""Kelley v. New Brunswick (Workplace Health, Safety and Compensation Commission)"",
    ""autoCompletions"": ""[{\""type\"":\""MAIN_TITLE\"",\""text\"":\""Kelley v. New Brunswick (Workplace Health, Safety and Compensation Commission)\""},{\""type\"":\""DECISION_ALTERNATE_TITLE\"",\""text\"":\""Kelley v. New Brunswick (Workplace Health, Safety and Compensation Commission\""},{\""type\"":\""DECISION_OTHER_REFERENCES\"",\""text\"":\""2009 NBCA 30\""},{\""type\"":\""DECISION_OTHER_REFERENCES\"",\""text\"":\""345 N.B.R. (2d) 35\""}]"",
    ""jurisdictionId"": ""unspecified"",
    ""citedCount"": 2
  }
]"
https://synthetic.leread.ca/silver/G0686,"[
  {
    ""id"": ""silver-G0686"",
    ""docType"": ""DECISION"",
    ""path"": ""/synthetic/silver/G0686"",
    ""docTitle"": ""Kinney v. Workmen’s Compensation Board"",
    ""autoCompletions"": ""[{\""type\"":\""MAIN_TITLE\"",\""text\"":\""Kinney v. Workmen’s Compensation Board\""},{\""type\"":\""DECISION_OTHER_REFERENCES\"",\""text\"":\""(1972), 4 N.B.R. (2d) 705\""},{\""type\"":\""DECISION_OTHER_REFERENCES\"",\""text\"":\""[1972] N.B.J. No. 81 (C.A.) (QL)\""},{\""type\"":\""DECISION_OTHER_REFERENCES\"",\""text\"":\""[1973] S.C.J. No. 7 (QL)\""}]"",
    ""jurisdictionId"": ""unspecified"",
    ""citedCount"": 2
  }
]"
https://synthetic.leread.ca/silver/G0687,"[
  {
    ""id"": ""silver-G0687"",
    ""docType"": ""DECISION"",
    ""path"": ""/synthetic/silver/G0687"",
    ""docTitle"": ""Knight v. Howard Wall, Ltd."",
    ""autoCompletions"": ""[{\""type\"":\""MAIN_TITLE\"",\""text\"":\""Knight v. Howard Wall, Ltd.\""},{\""type\"":\""DECISION_OTHER_REFERENCES\"",\""text\"":\""[1938] 4 All E.R.\""},{\""type\"":\""DECISION_OTHER_REFERENCES\"",\""text\"":\""[1938] 4 All E.R. 667\""}]"",
    ""jurisdictionId"": ""unspecified"",
    ""citedCount"": 2
  }
]"
https://synthetic.leread.ca/silver/G0689,"[
  {
    ""id"": ""silver-G0689"",
    ""docType"": ""DECISION"",
    ""path"": ""/synthetic/silver/G0689"",
    ""docTitle"": ""MacLeod v. Workers’ Compensation Board of Prince Edward Island"",
    ""autoCompletions"": ""[{\""type\"":\""MAIN_TITLE\"",\""text\"":\""MacLeod v. Workers’ Compensation Board of Prince Edward Island\""},{\""type\"":\""DECISION_OTHER_REFERENCES\"",\""text\"":\""[1983] P.E.I.J. No. 57 (P.E.I.S.C.App.Div.) (QL)\""}]"",
    ""jurisdictionId"": ""unspecified"",
    ""citedCount"": 1
  }
]"
https://synthetic.leread.ca/silver/G0690,"[
  {
    ""id"": ""silver-G0690"",
    ""docType"": ""DECISION"",
    ""path"": ""/synthetic/silver/G0690"",
    ""docTitle"": ""Morrell v. New Brunswick (Workplace Health, Safety and Compensation Commission)"",
    ""autoCompletions"": ""[{\""type\"":\""MAIN_TITLE\"",\""text\"":\""Morrell v. New Brunswick (Workplace Health, Safety and Compensation Commission)\""},{\""type\"":\""DECISION_OTHER_REFERENCES\"",\""text\"":\""(1999), 213 N.B.R. (2d) 201\""},{\""type\"":\""DECISION_OTHER_REFERENCES\"",\""text\"":\""[1999] N.B.J. No. 62 (QL)\""}]"",
    ""jurisdictionId"": ""unspecified"",
    ""citedCount"": 1
  }
]"
https://synthetic.leread.ca/silver/G0691,"[
  {
    ""id"": ""silver-G0691"",
    ""docType"": ""DECISION"",
    ""path"": ""/synthetic/silver/G0691"",
    ""docTitle"": ""Nancollas v. Insurance Officer"",
    ""autoCompletions"": ""[{\""type\"":\""MAIN_TITLE\"",\""text\"":\""Nancollas v. Insurance Officer\""},{\""type\"":\""DECISION_OTHER_REFERENCES\"",\""text\"":\""[1985] 1 All E.R. 833 (C.A.)\""}]"",
    ""jurisdictionId"": ""unspecified"",
    ""citedCount"": 1
  }
]"
https://synthetic.leread.ca/silver/G0692,"[
  {
    ""id"": ""silver-G0692"",
    ""docType"": ""DECISION"",
    ""path"": ""/synthetic/silver/G0692"",
    ""docTitle"": ""New Brunswick (Workers/Workmen’s Compensation Board) v. Canadian Pacific Railway Co."",
    ""autoCompletions"": ""[{\""type\"":\""MAIN_TITLE\"",\""text\"":\""New Brunswick (Workers/Workmen’s Compensation Board) v. Canadian Pacific Railway Co.\""},{\""type\"":\""DECISION_ALTERNATE_TITLE\"",\""text\"":\""New Brunswick (Workers/Workmen's Compensation Board) v. Canadian Pacific Railway Co.\""},{\""type\"":\""DECISION_ALTERNATE_TITLE\"",\""text\"":\""New Brunswick (Workers/Workmen’s Compensation Board) v. Canadian Pacific Railway Co. Noell\""},{\""type\"":\""DECISION_ALTERNATE_TITLE\"",\""text\"":\""Noell\""},{\""type\"":\""DECISION_OTHER_REFERENCES\"",\""text\"":\""[1952] 2 S.C.R. 359\""}]"",
    ""jurisdictionId"": ""unspecified"",
    ""citedCount"": 5
  }
]"
https://synthetic.leread.ca/silver/G0693,"[
  {
    ""id"": ""silver-G0693"",
    ""docType"": ""DECISION"",
    ""path"": ""/synthetic/silver/G0693"",
    ""docTitle"": ""New Brunswick Power Generation Corporation v. Workplace Health, Safety and Compensation Commission and Dashwood"",
    ""autoCompletions"": ""[{\""type\"":\""MAIN_TITLE\"",\""text\"":\""New Brunswick Power Generation Corporation v. Workplace Health, Safety and Compensation Commission and Dashwood\""},{\""type\"":\""DECISION_OTHER_REFERENCES\"",\""text\"":\""2011 NBCA 47\""},{\""type\"":\""DECISION_OTHER_REFERENCES\"",\""text\"":\""[2011] N.B.J. No. 166 (QL)\""}]"",
    ""jurisdictionId"": ""unspecified"",
    ""citedCount"": 1
  }
]"
https://synthetic.leread.ca/silver/G0694,"[
  {
    ""id"": ""silver-G0694"",
    ""docType"": ""LEGISLATION"",
    ""path"": ""/synthetic/silver/G0694"",
    ""docTitle"": ""Policy 21-100"",
    ""autoCompletions"": ""[{\""type\"":\""MAIN_TITLE\"",\""text\"":\""Policy 21-100\""},{\""type\"":\""LEGISLATION_ALTERNATE_TITLE\"",\""text\"":\""Conditions for Entitlement – General Principles\""},{\""type\"":\""LEGISLATION_ALTERNATE_TITLE\"",\""text\"":\""Policy 21-100 Conditions for Entitlement – General Principles\""}]"",
    ""jurisdictionId"": ""unspecified"",
    ""citedCount"": 3
  }
]"
https://synthetic.leread.ca/silver/G0695,"[
  {
    ""id"": ""silver-G0695"",
    ""docType"": ""LEGISLATION"",
    ""path"": ""/synthetic/silver/G0695"",
    ""docTitle"": ""Policy 21-100 and Policy 21-104"",
    ""autoCompletions"": ""[{\""type\"":\""MAIN_TITLE\"",\""text\"":\""Policy 21-100 and Policy 21-104\""},{\""type\"":\""LEGISLATION_ALTERNATE_TITLE\"",\""text\"":\""Policies 21-100 and 21-104\""}]"",
    ""jurisdictionId"": ""unspecified"",
    ""citedCount"": 1
  }
]"
https://synthetic.leread.ca/silver/G0696,"[
  {
    ""id"": ""silver-G0696"",
    ""docType"": ""LEGISLATION"",
    ""path"": ""/synthetic/silver/G0696"",
    ""docTitle"": ""Policy 21-104"",
    ""autoCompletions"": ""[{\""type\"":\""MAIN_TITLE\"",\""text\"":\""Policy 21-104\""},{\""type\"":\""LEGISLATION_ALTERNATE_TITLE\"",\""text\"":\""Commission Policy 21-104\""},{\""type\"":\""LEGISLATION_ALTERNATE_TITLE\"",\""text\"":\""Conditions for Entitlement – Test for Time, Place and Activity\""},{\""type\"":\""LEGISLATION_ALTERNATE_TITLE\"",\""text\"":\""policy 21-104\""}]"",
    ""jurisdictionId"": ""unspecified"",
    ""citedCount"": 20
  }
]"
https://synthetic.leread.ca/silver/G0697,"[
  {
    ""id"": ""silver-G0697"",
    ""docType"": ""DECISION"",
    ""path"": ""/synthetic/silver/G0697"",
    ""docTitle"": ""Potocan Mining Co. v. New Brunswick (Workers’ Compensation Board)"",
    ""autoCompletions"": ""[{\""type\"":\""MAIN_TITLE\"",\""text\"":\""Potocan Mining Co. v. New Brunswick (Workers’ Compensation Board)\""},{\""type\"":\""DECISION_OTHER_REFERENCES\"",\""text\"":\""(1993), 142 N.B.R. (2d) 140\""},{\""type\"":\""DECISION_OTHER_REFERENCES\"",\""text\"":\""[1993] N.B.J. No. 605 (QL)\""}]"",
    ""jurisdictionId"": ""unspecified"",
    ""citedCount"": 1
  }
]"
https://synthetic.leread.ca/silver/G0698,"[
  {
    ""id"": ""silver-G0698"",
    ""docType"": ""DECISION"",
    ""path"": ""/synthetic/silver/G0698"",
    ""docTitle"": ""Puddicombe v. Workers’ Compensation Board (N.S.)"",
    ""autoCompletions"": ""[{\""type\"":\""MAIN_TITLE\"",\""text\"":\""Puddicombe v. Workers’ Compensation Board (N.S.)\""},{\""type\"":\""DECISION_OTHER_REFERENCES\"",\""text\"":\""2005 NSCA 62\""},{\""type\"":\""DECISION_OTHER_REFERENCES\"",\""text\"":\""[2005] N.S.J. No. 137 (QL)\""}]"",
    ""jurisdictionId"": ""unspecified"",
    ""citedCount"": 1
  }
]"
https://synthetic.leread.ca/silver/G0699,"[
  {
    ""id"": ""silver-G0699"",
    ""docType"": ""DECISION"",
    ""path"": ""/synthetic/silver/G0699"",
    ""docTitle"": ""R. v. Industrial Injuries Commissioner"",
    ""autoCompletions"": ""[{\""type\"":\""MAIN_TITLE\"",\""text\"":\""R. v. Industrial Injuries Commissioner\""},{\""type\"":\""DECISION_OTHER_REFERENCES\"",\""text\"":\""[1966] 1 All E.R. 97 (C.A.)\""}]"",
    ""jurisdictionId"": ""unspecified"",
    ""citedCount"": 1
  }
]"
https://synthetic.leread.ca/silver/G0700,"[
  {
    ""id"": ""silver-G0700"",
    ""docType"": ""DECISION"",
    ""path"": ""/synthetic/silver/G0700"",
    ""docTitle"": ""Savoie v. Workers’ Compensation Board (N.B.)"",
    ""autoCompletions"": ""[{\""type\"":\""MAIN_TITLE\"",\""text\"":\""Savoie v. Workers’ Compensation Board (N.B.)\""},{\""type\"":\""DECISION_OTHER_REFERENCES\"",\""text\"":\""(1995), 163 N.B.R. (2d) 172\""},{\""type\"":\""DECISION_OTHER_REFERENCES\"",\""text\"":\""[1995] N.B.J. No. 228 (C.A.) (QL)\""}]"",
    ""jurisdictionId"": ""unspecified"",
    ""citedCount"": 1
  }
]"
https://synthetic.leread.ca/silver/G0701,"[
  {
    ""id"": ""silver-G0701"",
    ""docType"": ""DECISION"",
    ""path"": ""/synthetic/silver/G0701"",
    ""docTitle"": ""Smith (Administratrix of Machin) v. Stages"",
    ""autoCompletions"": ""[{\""type\"":\""MAIN_TITLE\"",\""text\"":\""Smith (Administratrix of Machin) v. Stages\""},{\""type\"":\""DECISION_OTHER_REFERENCES\"",\""text\"":\""[1989] H.L.J. No. 30\""}]"",
    ""jurisdictionId"": ""unspecified"",
    ""citedCount"": 1
  }
]"
https://synthetic.leread.ca/silver/G0702,"[
  {
    ""id"": ""silver-G0702"",
    ""docType"": ""DECISION"",
    ""path"": ""/synthetic/silver/G0702"",
    ""docTitle"": ""Thibodeau v. Workers’ Compensation Board (N.B.)"",
    ""autoCompletions"": ""[{\""type\"":\""MAIN_TITLE\"",\""text\"":\""Thibodeau v. Workers’ Compensation Board (N.B.)\""},{\""type\"":\""DECISION_ALTERNATE_TITLE\"",\""text\"":\""Thibodeau\""},{\""type\"":\""DECISION_OTHER_REFERENCES\"",\""text\"":\""(1992), 129 N.B.R. (2d) 271\""},{\""type\"":\""DECISION_OTHER_REFERENCES\"",\""text\"":\""[1992] N.B.J. No. 578 (C.A.) (QL)\""}]"",
    ""jurisdictionId"": ""unspecified"",
    ""citedCount"": 4
  }
]"
https://synthetic.leread.ca/silver/G0703,"[
  {
    ""id"": ""silver-G0703"",
    ""docType"": ""DECISION"",
    ""path"": ""/synthetic/silver/G0703"",
    ""docTitle"": ""VSL Canada Ltd. v. Workplace Health Safety and Compensation Commission"",
    ""autoCompletions"": ""[{\""type\"":\""MAIN_TITLE\"",\""text\"":\""VSL Canada Ltd. v. Workplace Health Safety and Compensation Commission\""},{\""type\"":\""DECISION_ALTERNATE_TITLE\"",\""text\"":\""VSL Canada Ltd. v. Workplace Health Safety and Compensation Commission and Duguay et al.\""},{\""type\"":\""DECISION_ALTERNATE_TITLE\"",\""text\"":\""VSL Canada Ltée c. Commission de la santé, de la sécurité et de l’indemnisation des accidents au travail et Duguay et autres\""},{\""type\"":\""DECISION_OTHER_REFERENCES\"",\""text\"":\""2011 NBCA 76\""},{\""type\"":\""DECISION_OTHER_REFERENCES\"",\""text\"":\""2011 NBCA76\""}]"",
    ""jurisdictionId"": ""unspecified"",
    ""citedCount"": 2
  }
]"
https://synthetic.leread.ca/silver/G0704,"[
  {
    ""id"": ""silver-G0704"",
    ""docType"": ""DECISION"",
    ""path"": ""/synthetic/silver/G0704"",
    ""docTitle"": ""Veno v. United General Insurance Corporation"",
    ""autoCompletions"": ""[{\""type\"":\""MAIN_TITLE\"",\""text\"":\""Veno v. United General Insurance Corporation\""},{\""type\"":\""DECISION_OTHER_REFERENCES\"",\""text\"":\""2008 NBCA 39\""},{\""type\"":\""DECISION_OTHER_REFERENCES\"",\""text\"":\""330 N.B.R. (2d) 237\""}]"",
    ""jurisdictionId"": ""unspecified"",
    ""citedCount"": 1
  }
]"
https://synthetic.leread.ca/silver/G0705,"[
  {
    ""id"": ""silver-G0705"",
    ""docType"": ""DECISION"",
    ""path"": ""/synthetic/silver/G0705"",
    ""docTitle"": ""Williams v. Bill Williams Pty. Ltd."",
    ""autoCompletions"": ""[{\""type\"":\""MAIN_TITLE\"",\""text\"":\""Williams v. Bill Williams Pty. Ltd.\""},{\""type\"":\""DECISION_OTHER_REFERENCES\"",\""text\"":\""[1971] 1 N.S.W.L.R. 547\""}]"",
    ""jurisdictionId"": ""unspecified"",
    ""citedCount"": 1
  }
]"
https://synthetic.leread.ca/silver/G0706,"[
  {
    ""id"": ""silver-G0706"",
    ""docType"": ""DECISION"",
    ""path"": ""/synthetic/silver/G0706"",
    ""docTitle"": ""Winnipeg (City) v. Manitoba (Workers’ Compensation Board)"",
    ""autoCompletions"": ""[{\""type\"":\""MAIN_TITLE\"",\""text\"":\""Winnipeg (City) v. Manitoba (Workers’ Compensation Board)\""},{\""type\"":\""DECISION_OTHER_REFERENCES\"",\""text\"":\""[1997] M.J. No. 645 (Q.L.) (C.A.)\""},{\""type\"":\""DECISION_OTHER_REFERENCES\"",\""text\"":\""[1998] 3 W.W.R. 378\""}]"",
    ""jurisdictionId"": ""unspecified"",
    ""citedCount"": 1
  }
]"
https://synthetic.leread.ca/silver/G0707,"[
  {
    ""id"": ""silver-G0707"",
    ""docType"": ""DECISION"",
    ""path"": ""/synthetic/silver/G0707"",
    ""docTitle"": ""Workers"",
    ""autoCompletions"": ""[{\""type\"":\""MAIN_TITLE\"",\""text\"":\""Workers\""},{\""type\"":\""DECISION_ALTERNATE_TITLE\"",\""text\"":\""Workers' Compensation Appeal Board v. Penney\""},{\""type\"":\""DECISION_OTHER_REFERENCES\"",\""text\"":\""1980), 38 N.S.R. (2d) 623\""},{\""type\"":\""DECISION_OTHER_REFERENCES\"",\""text\"":\""69 A.P.R. 623 (S.C. App. Div.)\""}]"",
    ""jurisdictionId"": ""unspecified"",
    ""citedCount"": 1
  }
]"
https://synthetic.leread.ca/silver/G0710,"[
  {
    ""id"": ""silver-G0710"",
    ""docType"": ""DECISION"",
    ""path"": ""/synthetic/silver/G0710"",
    ""docTitle"": ""Workmen’s Compensation Board v. Boissonneault"",
    ""autoCompletions"": ""[{\""type\"":\""MAIN_TITLE\"",\""text\"":\""Workmen’s Compensation Board v. Boissonneault\""},{\""type\"":\""DECISION_ALTERNATE_TITLE\"",\""text\"":\""Boissonneault\""},{\""type\"":\""DECISION_OTHER_REFERENCES\"",\""text\"":\""(1977), 18 N.B.R. (2d) 621\""},{\""type\"":\""DECISION_OTHER_REFERENCES\"",\""text\"":\""[1977] N.B.J. No. 182 (C.A.) (QL)\""}]"",
    ""jurisdictionId"": ""unspecified"",
    ""citedCount"": 7
  }
]"
https://synthetic.leread.ca/silver/G0711,"[
  {
    ""id"": ""silver-G0711"",
    ""docType"": ""DECISION"",
    ""path"": ""/synthetic/silver/G0711"",
    ""docTitle"": ""Aladdin Industries, Inc. v. Canadian Thermos Products Ltd."",
    ""autoCompletions"": ""[{\""type\"":\""MAIN_TITLE\"",\""text\"":\""Aladdin Industries, Inc. v. Canadian Thermos Products Ltd.\""},{\""type\"":\""DECISION_OTHER_REFERENCES\"",\""text\"":\""(1969), 57 C.P.R. 230 (Ex. Ct.)\""},{\""type\"":\""DECISION_OTHER_REFERENCES\"",\""text\"":\""(1974), 6 C.P.R. (2d) 1 (S.C.C.)\""}]"",
    ""jurisdictionId"": ""unspecified"",
    ""citedCount"": 2
  }
]"
https://synthetic.leread.ca/silver/G0712,"[
  {
    ""id"": ""silver-G0712"",
    ""docType"": ""DECISION"",
    ""path"": ""/synthetic/silver/G0712"",
    ""docTitle"": ""Beverley Bedding & Upholstery Co. v. Regal Bedding & Upholstery Ltd"",
    ""autoCompletions"": ""[{\""type\"":\""MAIN_TITLE\"",\""text\"":\""Beverley Bedding & Upholstery Co. v. Regal Bedding & Upholstery Ltd\""},{\""type\"":\""DECISION_ALTERNATE_TITLE\"",\""text\"":\""Beverley Bedding &amp; Upholstery Co. v. Regal Bedding &amp; Upholstery Ltd\""},{\""type\"":\""DECISION_OTHER_REFERENCES\"",\""text\"":\""(1980), 47 C.P.R. (2d) 145 (F.C.T.D.)\""},{\""type\"":\""DECISION_OTHER_REFERENCES\"",\""text\"":\""60 C.P.R. (2d) 70\""}]"",
    ""jurisdictionId"": ""unspecified"",
    ""citedCount"": 2
  }
]"
https://synthetic.leread.ca/silver/G0714,"[
  {
    ""id"": ""silver-G0714"",
    ""docType"": ""DECISION"",
    ""path"": ""/synthetic/silver/G0714"",
    ""docTitle"": ""Envirodrive Inc. v. 836442 Canada Inc"",
    ""autoCompletions"": ""[{\""type\"":\""MAIN_TITLE\"",\""text\"":\""Envirodrive Inc. v. 836442 Canada Inc\""},{\""type\"":\""DECISION_OTHER_REFERENCES\"",\""text\"":\""2005 ABQB 446\""}]"",
    ""jurisdictionId"": ""unspecified"",
    ""citedCount"": 1
  }
]"
https://synthetic.leread.ca/silver/G0715,"[
  {
    ""id"": ""silver-G0715"",
    ""docType"": ""DECISION"",
    ""path"": ""/synthetic/silver/G0715"",
    ""docTitle"": ""Georgia-Pacific Corp. v. Scott Paper Ltd."",
    ""autoCompletions"": ""[{\""type\"":\""MAIN_TITLE\"",\""text\"":\""Georgia-Pacific Corp. v. Scott Paper Ltd.\""},{\""type\"":\""DECISION_OTHER_REFERENCES\"",\""text\"":\""(1984)\""},{\""type\"":\""DECISION_OTHER_REFERENCES\"",\""text\"":\""3 C.P.R. (3d) 469 (T.M.O.B.)\""}]"",
    ""jurisdictionId"": ""unspecified"",
    ""citedCount"": 1
  }
]"
https://synthetic.leread.ca/silver/G0716,"[
  {
    ""id"": ""silver-G0716"",
    ""docType"": ""DECISION"",
    ""path"": ""/synthetic/silver/G0716"",
    ""docTitle"": ""John Labatt Limited v. The Molson Companies Limited"",
    ""autoCompletions"": ""[{\""type\"":\""MAIN_TITLE\"",\""text\"":\""John Labatt Limited v. The Molson Companies Limited\""},{\""type\"":\""DECISION_OTHER_REFERENCES\"",\""text\"":\""(1990), 30 C.P.R. (3d) 293 (F.C.T.D.)\""}]"",
    ""jurisdictionId"": ""unspecified"",
    ""citedCount"": 1
  }
]"
https://synthetic.leread.ca/silver/G0718,"[
  {
    ""id"": ""silver-G0718"",
    ""docType"": ""DECISION"",
    ""path"": ""/synthetic/silver/G0718"",
    ""docTitle"": ""Metro-Goldwyn-Mayer Inc. v. Stargate Connections Inc."",
    ""autoCompletions"": ""[{\""type\"":\""MAIN_TITLE\"",\""text\"":\""Metro-Goldwyn-Mayer Inc. v. Stargate Connections Inc.\""},{\""type\"":\""DECISION_OTHER_REFERENCES\"",\""text\"":\""(2004), 34 C.P.R. (4th) 317 (F.C.)\""}]"",
    ""jurisdictionId"": ""unspecified"",
    ""citedCount"": 1
  }
]"
https://synthetic.leread.ca/silver/G0719,"[
  {
    ""id"": ""silver-G0719"",
    ""docType"": ""DECISION"",
    ""path"": ""/synthetic/silver/G0719"",
    ""docTitle"": ""Molson Canada 2005 v. Anheuser-Busch, Incorporated"",
    ""autoCompletions"": ""[{\""type\"":\""MAIN_TITLE\"",\""text\"":\""Molson Canada 2005 v. Anheuser-Busch, Incorporated\""},{\""type\"":\""DECISION_OTHER_REFERENCES\"",\""text\"":\""(2010), 82 C.P.R. (4th) 169 (F.C.)\""}]"",
    ""jurisdictionId"": ""unspecified"",
    ""citedCount"": 1
  }
]"
https://synthetic.leread.ca/silver/G0720,"[
  {
    ""id"": ""silver-G0720"",
    ""docType"": ""DECISION"",
    ""path"": ""/synthetic/silver/G0720"",
    ""docTitle"": ""Park Avenue Furniture Corporation v. Wickes/Simmons Bedding Ltd. and The Registrar of Trade Marks"",
    ""autoCompletions"": ""[{\""type\"":\""MAIN_TITLE\"",\""text\"":\""Park Avenue Furniture Corporation v. Wickes/Simmons Bedding Ltd. and The Registrar of Trade Marks\""},{\""type\"":\""DECISION_OTHER_REFERENCES\"",\""text\"":\""(1991), 37 C.P.R. (3d) 413 (F.C.A.)\""}]"",
    ""jurisdictionId"": ""unspecified"",
    ""citedCount"": 1
  }
]"
https://synthetic.leread.ca/silver/G0721,"[
  {
    ""id"": ""silver-G0721"",
    ""docType"": ""DECISION"",
    ""path"": ""/synthetic/silver/G0721"",
    ""docTitle"": ""Produits Ménagers Coronet Inc. v. Coronet-Werke Heinrich Schlerf Gmbh"",
    ""autoCompletions"": ""[{\""type\"":\""MAIN_TITLE\"",\""text\"":\""Produits Ménagers Coronet Inc. v. Coronet-Werke Heinrich Schlerf Gmbh\""},{\""type\"":\""DECISION_OTHER_REFERENCES\"",\""text\"":\""(1986), 10 C.P.R. (3d) 482 (F.C.T.D.)\""}]"",
    ""jurisdictionId"": ""unspecified"",
    ""citedCount"": 1
  }
]"
https://synthetic.leread.ca/silver/G0722,"[
  {
    ""id"": ""silver-G0722"",
    ""docType"": ""DECISION"",
    ""path"": ""/synthetic/silver/G0722"",
    ""docTitle"": ""Quaker Oats of Canada Ltd./La Compagnie Quaker Oats du Canada Ltée v. Menu Foods Ltd."",
    ""autoCompletions"": ""[{\""type\"":\""MAIN_TITLE\"",\""text\"":\""Quaker Oats of Canada Ltd./La Compagnie Quaker Oats du Canada Ltée v. Menu Foods Ltd.\""},{\""type\"":\""DECISION_OTHER_REFERENCES\"",\""text\"":\""11 C.P.R. (3d) 410 (T.M.O.B.)\""}]"",
    ""jurisdictionId"": ""unspecified"",
    ""citedCount"": 1
  }
]"
https://synthetic.leread.ca/silver/G0723,"[
  {
    ""id"": ""silver-G0723"",
    ""docType"": ""DECISION"",
    ""path"": ""/synthetic/silver/G0723"",
    ""docTitle"": ""Sapodilla Co. Ltd. v. Bristol-Myers Co."",
    ""autoCompletions"": ""[{\""type\"":\""MAIN_TITLE\"",\""text\"":\""Sapodilla Co. Ltd. v. Bristol-Myers Co.\""},{\""type\"":\""DECISION_OTHER_REFERENCES\"",\""text\"":\""(1974), 15 C.P.R. (2d) 152 (T.M.O.B.)\""}]"",
    ""jurisdictionId"": ""unspecified"",
    ""citedCount"": 1
  }
]"
https://synthetic.leread.ca/silver/G0724,"[
  {
    ""id"": ""silver-G0724"",
    ""docType"": ""DOCTRINE"",
    ""path"": ""/synthetic/silver/G0724"",
    ""docTitle"": ""The Canadian Oxford Dictionary"",
    ""autoCompletions"": ""[{\""type\"":\""MAIN_TITLE\"",\""text\"":\""The Canadian Oxford Dictionary\""},{\""type\"":\""MAIN_TITLE\"",\""text\"":\""Canadian Oxford Dictionary\""}]"",
    ""jurisdictionId"": ""unspecified"",
    ""citedCount"": 2
  }
]"
https://synthetic.leread.ca/silver/G0725,"[
  {
    ""id"": ""silver-G0725"",
    ""docType"": ""DOCTRINE"",
    ""path"": ""/synthetic/silver/G0725"",
    ""docTitle"": ""Webster’s Third New International Dictionary"",
    ""autoCompletions"": ""[{\""type\"":\""MAIN_TITLE\"",\""text\"":\""Webster’s Third New International Dictionary\""}]"",
    ""jurisdictionId"": ""unspecified"",
    ""citedCount"": 1
  }
]"
https://synthetic.leread.ca/silver/G0726,"[
  {
    ""id"": ""silver-G0726"",
    ""docType"": ""DECISION"",
    ""path"": ""/synthetic/silver/G0726"",
    ""docTitle"": ""Beninger v. Beninger"",
    ""autoCompletions"": ""[{\""type\"":\""MAIN_TITLE\"",\""text\"":\""Beninger v. Beninger\""},{\""type\"":\""DECISION_OTHER_REFERENCES\"",\""text\"":\""(2007), 47 R.F.L. (6<sup>th</sup>) 11\""},{\""type\"":\""DECISION_OTHER_REFERENCES\"",\""text\"":\""2007 BCCA 619\""},{\""type\"":\""DECISION_OTHER_REFERENCES\"",\""text\"":\""[2007] B.C.J. No. 2657\""}]"",
    ""jurisdictionId"": ""unspecified"",
    ""citedCount"": 2
  }
]"
https://synthetic.leread.ca/silver/G0727,"[
  {
    ""id"": ""silver-G0727"",
    ""docType"": ""DECISION"",
    ""path"": ""/synthetic/silver/G0727"",
    ""docTitle"": ""Boston v. Boston"",
    ""autoCompletions"": ""[{\""type\"":\""MAIN_TITLE\"",\""text\"":\""Boston v. Boston\""},{\""type\"":\""DECISION_OTHER_REFERENCES\"",\""text\"":\""2001 SCC 43\""},{\""type\"":\""DECISION_OTHER_REFERENCES\"",\""text\"":\""[2001] 2 S.C.R. 413\""}]"",
    ""jurisdictionId"": ""unspecified"",
    ""citedCount"": 8
  }
]"
https://synthetic.leread.ca/silver/G0728,"[
  {
    ""id"": ""silver-G0728"",
    ""docType"": ""LEGISLATION"",
    ""path"": ""/synthetic/silver/G0728"",
    ""docTitle"": ""Child Support Guidelines"",
    ""autoCompletions"": ""[{\""type\"":\""MAIN_TITLE\"",\""text\"":\""Child Support Guidelines\""}]"",
    ""jurisdictionId"": ""unspecified"",
    ""citedCount"": 2
  }
]"
https://synthetic.leread.ca/silver/G0729,"[
  {
    ""id"": ""silver-G0729"",
    ""docType"": ""DECISION"",
    ""path"": ""/synthetic/silver/G0729"",
    ""docTitle"": ""D.B.S. v. S.R.G."",
    ""autoCompletions"": ""[{\""type\"":\""MAIN_TITLE\"",\""text\"":\""D.B.S. v. S.R.G.\""},{\""type\"":\""DECISION_ALTERNATE_TITLE\"",\""text\"":\""D.B.S\""},{\""type\"":\""DECISION_ALTERNATE_TITLE\"",\""text\"":\""D.B.S.\""}]"",
    ""jurisdictionId"": ""unspecified"",
    ""citedCount"": 23
  }
]"
https://synthetic.leread.ca/silver/G0731,"[
  {
    ""id"": ""silver-G0731"",
    ""docType"": ""DECISION"",
    ""path"": ""/synthetic/silver/G0731"",
    ""docTitle"": ""Henry v. Henry"",
    ""autoCompletions"": ""[{\""type\"":\""MAIN_TITLE\"",\""text\"":\""Henry v. Henry\""}]"",
    ""jurisdictionId"": ""unspecified"",
    ""citedCount"": 1
  }
]"
https://synthetic.leread.ca/silver/G0733,"[
  {
    ""id"": ""silver-G0733"",
    ""docType"": ""DECISION"",
    ""path"": ""/synthetic/silver/G0733"",
    ""docTitle"": ""Hiemstra v. Hiemstra"",
    ""autoCompletions"": ""[{\""type\"":\""MAIN_TITLE\"",\""text\"":\""Hiemstra v. Hiemstra\""},{\""type\"":\""DECISION_ALTERNATE_TITLE\"",\""text\"":\""D.B.S. v. S.R.G.; L.J.W. v. T.A.R.\""},{\""type\"":\""DECISION_ALTERNATE_TITLE\"",\""text\"":\""Henry v. Henry\""},{\""type\"":\""DECISION_OTHER_REFERENCES\"",\""text\"":\""2006 SCC 37\""},{\""type\"":\""DECISION_OTHER_REFERENCES\"",\""text\"":\""[2006] 2 S.C.R. 231\""}]"",
    ""jurisdictionId"": ""unspecified"",
    ""citedCount"": 2
  }
]"
https://synthetic.leread.ca/silver/G0734,"[
  {
    ""id"": ""silver-G0734"",
    ""docType"": ""DECISION"",
    ""path"": ""/synthetic/silver/G0734"",
    ""docTitle"": ""Housen v. Nikolaisen"",
    ""autoCompletions"": ""[{\""type\"":\""MAIN_TITLE\"",\""text\"":\""Housen v. Nikolaisen\""},{\""type\"":\""DECISION_OTHER_REFERENCES\"",\""text\"":\""[2002] 2 S.C.R. 235\""}]"",
    ""jurisdictionId"": ""unspecified"",
    ""citedCount"": 2
  }
]"
https://synthetic.leread.ca/silver/G0735,"[
  {
    ""id"": ""silver-G0735"",
    ""docType"": ""DECISION"",
    ""path"": ""/synthetic/silver/G0735"",
    ""docTitle"": ""Hutchison"",
    ""autoCompletions"": ""[{\""type\"":\""MAIN_TITLE\"",\""text\"":\""Hutchison\""}]"",
    ""jurisdictionId"": ""unspecified"",
    ""citedCount"": 1
  }
]"
https://synthetic.leread.ca/silver/G0737,"[
  {
    ""id"": ""silver-G0737"",
    ""docType"": ""DECISION"",
    ""path"": ""/synthetic/silver/G0737"",
    ""docTitle"": ""L.J.W. v. T.A.R."",
    ""autoCompletions"": ""[{\""type\"":\""MAIN_TITLE\"",\""text\"":\""L.J.W. v. T.A.R.\""}]"",
    ""jurisdictionId"": ""unspecified"",
    ""citedCount"": 1
  }
]"
https://synthetic.leread.ca/silver/G0738,"[
  {
    ""id"": ""silver-G0738"",
    ""docType"": ""DOCTRINE"",
    ""path"": ""/synthetic/silver/G0738"",
    ""docTitle"": ""M.L. Gordon, Blame Over: Retroactive Child and Spousal Support in the Post‑Guideline Era"",
    ""autoCompletions"": ""[{\""type\"":\""MAIN_TITLE\"",\""text\"":\""M.L. Gordon, Blame Over: Retroactive Child and Spousal Support in the Post‑Guideline Era\""},{\""type\"":\""MAIN_TITLE\"",\""text\"":\""Blame Over: Retroactive Child and Spousal Support in the Post‑Guideline Era\""},{\""type\"":\""DOCTRINE_AUTHOR\"",\""text\"":\""M.L. Gordon\""}]"",
    ""jurisdictionId"": ""unspecified"",
    ""citedCount"": 1
  }
]"
https://synthetic.leread.ca/silver/G0739,"[
  {
    ""id"": ""silver-G0739"",
    ""docType"": ""DECISION"",
    ""path"": ""/synthetic/silver/G0739"",
    ""docTitle"": ""MacKinnon v. MacKinnon"",
    ""autoCompletions"": ""[{\""type\"":\""MAIN_TITLE\"",\""text\"":\""MacKinnon v. MacKinnon\""},{\""type\"":\""DECISION_OTHER_REFERENCES\"",\""text\"":\""(2005), 75 O.R. (3d) 175\""}]"",
    ""jurisdictionId"": ""unspecified"",
    ""citedCount"": 1
  }
]"
https://synthetic.leread.ca/silver/G0740,"[
  {
    ""id"": ""silver-G0740"",
    ""docType"": ""DECISION"",
    ""path"": ""/synthetic/silver/G0740"",
    ""docTitle"": ""Marinangeli v. Marinangeli"",
    ""autoCompletions"": ""[{\""type\"":\""MAIN_TITLE\"",\""text\"":\""Marinangeli v. Marinangeli\""},{\""type\"":\""DECISION_OTHER_REFERENCES\"",\""text\"":\""(2003), 38 R.F.L. (5th) 307\""},{\""type\"":\""DECISION_OTHER_REFERENCES\"",\""text\"":\""[2003] O.J. No. 2819 (Ont. C.A.)\""}]"",
    ""jurisdictionId"": ""unspecified"",
    ""citedCount"": 2
  }
]"
https://synthetic.leread.ca/silver/G0741,"[
  {
    ""id"": ""silver-G0741"",
    ""docType"": ""DOCTRINE"",
    ""path"": ""/synthetic/silver/G0741"",
    ""docTitle"": ""Spousal Support Advisory Guidelines"",
    ""autoCompletions"": ""[{\""type\"":\""MAIN_TITLE\"",\""text\"":\""Spousal Support Advisory Guidelines\""},{\""type\"":\""MAIN_TITLE\"",\""text\"":\""Guidelines\""},{\""type\"":\""MAIN_TITLE\"",\""text\"":\""Spousal Support Guidelines\""},{\""type\"":\""MAIN_TITLE\"",\""text\"":\""Spousal Suppport Advisory Guidelines\""},{\""type\"":\""MAIN_TITLE\"",\""text\"":\""guidelines\""},{\""type\"":\""MAIN_TITLE\"",\""text\"":\""spousal support guidelines\""},{\""type\"":\""DOCTRINE_AUTHOR\"",\""text\"":\""Rogerson, Professor Carol, and Thompson, Professor Rollie\""}]"",
    ""jurisdictionId"": ""unspecified"",
    ""citedCount"": 25
  }
]"
https://synthetic.leread.ca/silver/G0742,"[
  {
    ""id"": ""silver-G0742"",
    ""docType"": ""DOCTRINE"",
    ""path"": ""/synthetic/silver/G0742"",
    ""docTitle"": ""Arlidge, Eady and Smith on Contempt"",
    ""autoCompletions"": ""[{\""type\"":\""MAIN_TITLE\"",\""text\"":\""Arlidge, Eady and Smith on Contempt\""},{\""type\"":\""DOCTRINE_AUTHOR\"",\""text\"":\""David Eady and A.T.H. Smith\""}]"",
    ""jurisdictionId"": ""unspecified"",
    ""citedCount"": 1
  }
]"
https://synthetic.leread.ca/silver/G0743,"[
  {
    ""id"": ""silver-G0743"",
    ""docType"": ""DECISION"",
    ""path"": ""/synthetic/silver/G0743"",
    ""docTitle"": ""Attorney-General v. Times Newspapers Ltd."",
    ""autoCompletions"": ""[{\""type\"":\""MAIN_TITLE\"",\""text\"":\""Attorney-General v. Times Newspapers Ltd.\""},{\""type\"":\""DECISION_OTHER_REFERENCES\"",\""text\"":\""[1974] A.C. 273\""}]"",
    ""jurisdictionId"": ""unspecified"",
    ""citedCount"": 1
  }
]"
https://synthetic.leread.ca/silver/G0744,"[
  {
    ""id"": ""silver-G0744"",
    ""docType"": ""DECISION"",
    ""path"": ""/synthetic/silver/G0744"",
    ""docTitle"": ""Canada (Attorney General) v. Quebec (Attorney General)"",
    ""autoCompletions"": ""[{\""type\"":\""MAIN_TITLE\"",\""text\"":\""Canada (Attorney General) v. Quebec (Attorney General)\""},{\""type\"":\""DECISION_ALTERNATE_TITLE\"",\""text\"":\""Lac d'Amiante\""},{\""type\"":\""DECISION_OTHER_REFERENCES\"",\""text\"":\""[2001] 2 S.C.R. 743\""}]"",
    ""jurisdictionId"": ""unspecified"",
    ""citedCount"": 2
  }
]"
https://synthetic.leread.ca/silver/G0745,"[
  {
    ""id"": ""silver-G0745"",
    ""docType"": ""DECISION"",
    ""path"": ""/synthetic/silver/G0745"",
    ""docTitle"": ""Centre commercial Les Rivières ltée c. Jean bleu inc."",
    ""autoCompletions"": ""[{\""type\"":\""MAIN_TITLE\"",\""text\"":\""Centre commercial Les Rivières ltée c. Jean bleu inc.\""},{\""type\"":\""DECISION_OTHER_REFERENCES\"",\""text\"":\""2010 QCCA 2089\""}]"",
    ""jurisdictionId"": ""unspecified"",
    ""citedCount"": 6
  }
]"
https://synthetic.leread.ca/silver/G0746,"[
  {
    ""id"": ""silver-G0746"",
    ""docType"": ""DECISION"",
    ""path"": ""/synthetic/silver/G0746"",
    ""docTitle"": ""Charlebois v. Bourbeau"",
    ""autoCompletions"": ""[{\""type\"":\""MAIN_TITLE\"",\""text\"":\""Charlebois v. Bourbeau\""},{\""type\"":\""DECISION_ALTERNATE_TITLE\"",\""text\"":\""Bourbeau\""},{\""type\"":\""DECISION_ALTERNATE_TITLE\"",\""text\"":\""Charlebois\""},{\""type\"":\""DECISION_OTHER_REFERENCES\"",\""text\"":\""[1979] J.Q. no 122 (C.A.)\""}]"",
    ""jurisdictionId"": ""unspecified"",
    ""citedCount"": 1
  }
]"
https://synthetic.leread.ca/silver/G0747,"[
  {
    ""id"": ""silver-G0747"",
    ""docType"": ""LEGISLATION"",
    ""path"": ""/synthetic/silver/G0747"",
    ""docTitle"": ""Code of Civil Procedure"",
    ""autoCompletions"": ""[{\""type\"":\""MAIN_TITLE\"",\""text\"":\""Code of Civil Procedure\""},{\""type\"":\""LEGISLATION_ALTERNATE_TITLE\"",\""text\"":\""C.C.P\""},{\""type\"":\""LEGISLATION_ALTERNATE_TITLE\"",\""text\"":\""C.p.c\""},{\""type\"":\""LEGISLATION_REFERENCE\"",\""text\"":\""<auto_label id=\\\""106\\\"" labelname=\\\""title\\\"" parent=\\\""citation\\\"" style=\\\""background-color: rgb(147, 196, 125); color: black;\\\"" titletype=\\\""official\\\"" verified=\\\""false\\\"">C.C.P.</auto_label>\""},{\""type\"":\""LEGISLATION_ALTERNATE_REFERENCE\"",\""text\"":\""<auto_label id=\\\""187\\\"" labelname=\\\""title\\\"" parent=\\\""citation\\\"" style=\\\""background-color: rgb(147, 196, 125); color: black;\\\"" titletype=\\\""official\\\"" verified=\\\""false\\\"">C.C.P.</auto_label>\""},{\""type\"":\""LEGISLATION_ALTERNATE_REFERENCE\"",\""text\"":\""<auto_label id=\\\""234\\\"" labelname=\\\""title\\\"" parent=\\\""citation\\\"" style=\\\""background-color: rgb(147, 196, 125); color: black;\\\"" titletype=\\\""official\\\"" verified=\\\""false\\\"">C.C.P.</auto_label>\""},{\""type\"":\""LEGISLATION_ALTERNATE_REFERENCE\"",\""text\"":\""<auto_label id=\\\""24\\\"" labelname=\\\""title\\\"" parent=\\\""citation\\\"" style=\\\""background-color: rgb(147, 196, 125); color: black;\\\"" titletype=\\\""official\\\"" verified=\\\""false\\\"">C.C.P.</auto_label>\""},{\""type\"":\""LEGISLATION_ALTERNATE_REFERENCE\"",\""text\"":\""<auto_label id=\\\""47\\\"" labelname=\\\""title\\\"" parent=\\\""citation\\\"" style=\\\""background-color: rgb(147, 196, 125); color: black;\\\"" titletype=\\\""official\\\"" verified=\\\""false\\\"">C.C.P.</auto_label>\""},{\""type\"":\""LEGISLATION_ALTERNATE_REFERENCE\"",\""text\"":\""<auto_label id=\\\""63\\\"" labelname=\\\""title\\\"" parent=\\\""citation\\\"" style=\\\""background-color: rgb(147, 196, 125); color: black;\\\"" titletype=\\\""official\\\"" verified=\\\""false\\\"">C.C.P.</auto_label>\""},{\""type\"":\""LEGISLATION_ALTERNATE_REFERENCE\"",\""text\"":\""<auto_label id=\\\""80\\\"" labelname=\\\""title\\\"" parent=\\\""citation\\\"" style=\\\""background-color: rgb(147, 196, 125); color: black;\\\"" titletype=\\\""official\\\"" verified=\\\""false\\\"">C.C.P.</auto_label>\""},{\""type\"":\""LEGISLATION_ALTERNATE_REFERENCE\"",\""text\"":\""<auto_label id=\\\""86\\\"" labelname=\\\""title\\\"" parent=\\\""citation\\\"" style=\\\""background-color: rgb(147, 196, 125); color: black;\\\"" titletype=\\\""official\\\"" verified=\\\""false\\\"">C.C.P.</auto_label>\""},{\""type\"":\""LEGISLATION_ALTERNATE_REFERENCE\"",\""text\"":\""<auto_label id=\\\""90\\\"" labelname=\\\""title\\\"" parent=\\\""citation\\\"" style=\\\""background-color: rgb(147, 196, 125); color: black;\\\"" titletype=\\\""official\\\"" verified=\\\""false\\\"">C.C.P.</auto_label>\""},{\""type\"":\""LEGISLATION_ALTERNATE_REFERENCE\"",\""text\"":\""<auto_label id=\\\""94\\\"" labelname=\\\""title\\\"" parent=\\\""citation\\\"" style=\\\""background-color: rgb(147, 196, 125); color: black;\\\"" titletype=\\\""official\\\"" verified=\\\""false\\\"">C.C.P.</auto_label>\""},{\""type\"":\""LEGISLATION_ALTERNATE_REFERENCE\"",\""text\"":\""<auto_label id=\\\""98\\\"" labelname=\\\""title\\\"" parent=\\\""citation\\\"" style=\\\""background-color: rgb(147, 196, 125); color: black;\\\"" titletype=\\\""official\\\"" verified=\\\""false\\\"">C.C.P.</auto_label>\""}]"",
    ""jurisdictionId"": ""unspecified"",
    ""citedCount"": 23
  }
]"
https://synthetic.leread.ca/silver/G0749,"[
  {
    ""id"": ""silver-G0749"",
    ""docType"": ""DOCTRINE"",
    ""path"": ""/synthetic/silver/G0749"",
    ""docTitle"": ""Contempt of Court"",
    ""autoCompletions"": ""[{\""type\"":\""MAIN_TITLE\"",\""text\"":\""Contempt of Court\""}]"",
    ""jurisdictionId"": ""unspecified"",
    ""citedCount"": 1
  }
]"
https://synthetic.leread.ca/silver/G0750,"[
  {
    ""id"": ""silver-G0750"",
    ""docType"": ""DECISION"",
    ""path"": ""/synthetic/silver/G0750"",
    ""docTitle"": ""Costolec inc. v. Structure Laferté inc"",
    ""autoCompletions"": ""[{\""type\"":\""MAIN_TITLE\"",\""text\"":\""Costolec inc. v. Structure Laferté inc\""},{\""type\"":\""DECISION_OTHER_REFERENCES\"",\""text\"":\""2010 QCCA 1600\""}]"",
    ""jurisdictionId"": ""unspecified"",
    ""citedCount"": 1
  }
]"
https://synthetic.leread.ca/silver/G0751,"[
  {
    ""id"": ""silver-G0751"",
    ""docType"": ""DECISION"",
    ""path"": ""/synthetic/silver/G0751"",
    ""docTitle"": ""Daigle v. Canada (Attorney General)"",
    ""autoCompletions"": ""[{\""type\"":\""MAIN_TITLE\"",\""text\"":\""Daigle v. Canada (Attorney General)\""},{\""type\"":\""DECISION_ALTERNATE_TITLE\"",\""text\"":\""Daigle\""}]"",
    ""jurisdictionId"": ""unspecified"",
    ""citedCount"": 4
  }
]"
https://synthetic.leread.ca/silver/G0752,"[
  {
    ""id"": ""silver-G0752"",
    ""docType"": ""DECISION"",
    ""path"": ""/synthetic/silver/G0752"",
    ""docTitle"": ""Daigle v. Corp. mun. de la paroisse de St-Gabriel de Brandon"",
    ""autoCompletions"": ""[{\""type\"":\""MAIN_TITLE\"",\""text\"":\""Daigle v. Corp. mun. de la paroisse de St-Gabriel de Brandon\""},{\""type\"":\""DECISION_ALTERNATE_TITLE\"",\""text\"":\""Corp. mun. de la paroisse de St-Gabriel de Brandon\""},{\""type\"":\""DECISION_ALTERNATE_TITLE\"",\""text\"":\""Daigle\""},{\""type\"":\""DECISION_OTHER_REFERENCES\"",\""text\"":\""(1991) R.D.J. 249 (C.A.)\""}]"",
    ""jurisdictionId"": ""unspecified"",
    ""citedCount"": 3
  }
]"
https://synthetic.leread.ca/silver/G0753,"[
  {
    ""id"": ""silver-G0753"",
    ""docType"": ""DOCTRINE"",
    ""path"": ""/synthetic/silver/G0753"",
    ""docTitle"": ""Denis Ferland and Benoît Emery"",
    ""autoCompletions"": ""[{\""type\"":\""MAIN_TITLE\"",\""text\"":\""Denis Ferland and Benoît Emery\""},{\""type\"":\""DOCTRINE_AUTHOR\"",\""text\"":\""Denis Ferland and Benoît Emery\""}]"",
    ""jurisdictionId"": ""unspecified"",
    ""citedCount"": 1
  }
]"
https://synthetic.leread.ca/silver/G0754,"[
  {
    ""id"": ""silver-G0754"",
    ""docType"": ""DECISION"",
    ""path"": ""/synthetic/silver/G0754"",
    ""docTitle"": ""Droit de la famille – 082781"",
    ""autoCompletions"": ""[{\""type\"":\""MAIN_TITLE\"",\""text\"":\""Droit de la famille – 082781\""},{\""type\"":\""DECISION_OTHER_REFERENCES\"",\""text\"":\""2008 QCCA 2070\""}]"",
    ""jurisdictionId"": ""unspecified"",
    ""citedCount"": 1
  }
]"
https://synthetic.leread.ca/silver/G0755,"[
  {
    ""id"": ""silver-G0755"",
    ""docType"": ""DECISION"",
    ""path"": ""/synthetic/silver/G0755"",
    ""docTitle"": ""Droit de la famille – 3069"",
    ""autoCompletions"": ""[{\""type\"":\""MAIN_TITLE\"",\""text\"":\""Droit de la famille – 3069\""},{\""type\"":\""DECISION_ALTERNATE_TITLE\"",\""text\"":\""<i>Droit de la famille – 3069</i>\""},{\""type\"":\""DECISION_OTHER_REFERENCES\"",\""text\"":\""(Sup. Ct.)\""},{\""type\"":\""DECISION_OTHER_REFERENCES\"",\""text\"":\""[1998] J.Q. no 5533\""}]"",
    ""jurisdictionId"": ""unspecified"",
    ""citedCount"": 1
  }
]"
https://synthetic.leread.ca/silver/G0756,"[
  {
    ""id"": ""silver-G0756"",
    ""docType"": ""DECISION"",
    ""path"": ""/synthetic/silver/G0756"",
    ""docTitle"": ""Genest v. Labelle"",
    ""autoCompletions"": ""[{\""type\"":\""MAIN_TITLE\"",\""text\"":\""Genest v. Labelle\""},{\""type\"":\""DECISION_OTHER_REFERENCES\"",\""text\"":\""2009 QCCA 2438\""}]"",
    ""jurisdictionId"": ""unspecified"",
    ""citedCount"": 1
  }
]"
https://synthetic.leread.ca/silver/G0757,"[
  {
    ""id"": ""silver-G0757"",
    ""docType"": ""DOCTRINE"",
    ""path"": ""/synthetic/silver/G0757"",
    ""docTitle"": ""Gestion d"",
    ""autoCompletions"": ""[{\""type\"":\""MAIN_TITLE\"",\""text\"":\""Gestion d\""},{\""type\"":\""MAIN_TITLE\"",\""text\"":\""Gestion d'instance, proportionnalité et preuve civile : état provisoire des questions\""}]"",
    ""jurisdictionId"": ""unspecified"",
    ""citedCount"": 1
  }
]"
https://synthetic.leread.ca/silver/G0758,"[
  {
    ""id"": ""silver-G0758"",
    ""docType"": ""DOCTRINE"",
    ""path"": ""/synthetic/silver/G0758"",
    ""docTitle"": ""L"",
    ""autoCompletions"": ""[{\""type\"":\""MAIN_TITLE\"",\""text\"":\""L\""},{\""type\"":\""MAIN_TITLE\"",\""text\"":\""L'outrage au tribunal dans le cyberespace\""},{\""type\"":\""MAIN_TITLE\"",\""text\"":\""L'outrage au tribunal\""},{\""type\"":\""DOCTRINE_AUTHOR\"",\""text\"":\""Adrian Popovici\""},{\""type\"":\""DOCTRINE_AUTHOR\"",\""text\"":\""Christiane L. Bernadet\""}]"",
    ""jurisdictionId"": ""unspecified"",
    ""citedCount"": 2
  }
]"
https://synthetic.leread.ca/silver/G0759,"[
  {
    ""id"": ""silver-G0759"",
    ""docType"": ""DOCTRINE"",
    ""path"": ""/synthetic/silver/G0759"",
    ""docTitle"": ""La gestion d’instance : Présentation à l’occasion de l’Assemblée divisionnaire de la Cour supérieure [du Québec]"",
    ""autoCompletions"": ""[{\""type\"":\""MAIN_TITLE\"",\""text\"":\""La gestion d’instance : Présentation à l’occasion de l’Assemblée divisionnaire de la Cour supérieure [du Québec]\""},{\""type\"":\""DOCTRINE_AUTHOR\"",\""text\"":\""André Rochon\""}]"",
    ""jurisdictionId"": ""unspecified"",
    ""citedCount"": 1
  }
]"
https://synthetic.leread.ca/silver/G0760,"[
  {
    ""id"": ""silver-G0760"",
    ""docType"": ""DOCTRINE"",
    ""path"": ""/synthetic/silver/G0760"",
    ""docTitle"": ""La proportionnalité procédurale : une perspective comparative"",
    ""autoCompletions"": ""[{\""type\"":\""MAIN_TITLE\"",\""text\"":\""La proportionnalité procédurale : une perspective comparative\""},{\""type\"":\""DOCTRINE_AUTHOR\"",\""text\"":\""Catherine Piché\""},{\""type\"":\""DOCTRINE_AUTHOR\"",\""text\"":\""Piché\""}]"",
    ""jurisdictionId"": ""unspecified"",
    ""citedCount"": 2
  }
]"
https://synthetic.leread.ca/silver/G0761,"[
  {
    ""id"": ""silver-G0761"",
    ""docType"": ""DOCTRINE"",
    ""path"": ""/synthetic/silver/G0761"",
    ""docTitle"": ""La révision de la procédure civile : une nouvelle culture judiciaire"",
    ""autoCompletions"": ""[{\""type\"":\""MAIN_TITLE\"",\""text\"":\""La révision de la procédure civile : une nouvelle culture judiciaire\""},{\""type\"":\""DOCTRINE_AUTHOR\"",\""text\"":\""Quebec, Comité de révision de la procédure civile [Professor Denis Ferland, chair]\""}]"",
    ""jurisdictionId"": ""unspecified"",
    ""citedCount"": 1
  }
]"
https://synthetic.leread.ca/silver/G0762,"[
  {
    ""id"": ""silver-G0762"",
    ""docType"": ""DOCTRINE"",
    ""path"": ""/synthetic/silver/G0762"",
    ""docTitle"": ""Law Reform Commission of Canada"",
    ""autoCompletions"": ""[{\""type\"":\""MAIN_TITLE\"",\""text\"":\""Law Reform Commission of Canada\""}]"",
    ""jurisdictionId"": ""unspecified"",
    ""citedCount"": 1
  }
]"
https://synthetic.leread.ca/silver/G0763,"[
  {
    ""id"": ""silver-G0763"",
    ""docType"": ""DOCTRINE"",
    ""path"": ""/synthetic/silver/G0763"",
    ""docTitle"": ""Law Reform Commission of Canada, Contempt of Court: Working Paper no. 20"",
    ""autoCompletions"": ""[{\""type\"":\""MAIN_TITLE\"",\""text\"":\""Law Reform Commission of Canada, Contempt of Court: Working Paper no. 20\""},{\""type\"":\""MAIN_TITLE\"",\""text\"":\""Contempt of Court: Working Paper no. 20\""},{\""type\"":\""DOCTRINE_AUTHOR\"",\""text\"":\""Law Reform Commission of Canada [Antonio Lamer, chair]\""}]"",
    ""jurisdictionId"": ""unspecified"",
    ""citedCount"": 1
  }
]"
https://synthetic.leread.ca/silver/G0764,"[
  {
    ""id"": ""silver-G0764"",
    ""docType"": ""LEGISLATION"",
    ""path"": ""/synthetic/silver/G0764"",
    ""docTitle"": ""Lease between Centre commercial Les Rivières ltée and Jean bleu inc."",
    ""autoCompletions"": ""[{\""type\"":\""MAIN_TITLE\"",\""text\"":\""Lease between Centre commercial Les Rivières ltée and Jean bleu inc.\""},{\""type\"":\""LEGISLATION_ALTERNATE_TITLE\"",\""text\"":\""lease\""}]"",
    ""jurisdictionId"": ""unspecified"",
    ""citedCount"": 1
  }
]"
https://synthetic.leread.ca/silver/G0765,"[
  {
    ""id"": ""silver-G0765"",
    ""docType"": ""DOCTRINE"",
    ""path"": ""/synthetic/silver/G0765"",
    ""docTitle"": ""L’outrage au tribunal: développements jurisprudentiels récents"",
    ""autoCompletions"": ""[{\""type\"":\""MAIN_TITLE\"",\""text\"":\""L’outrage au tribunal: développements jurisprudentiels récents\""},{\""type\"":\""DOCTRINE_AUTHOR\"",\""text\"":\""Sylvain Lussier\""}]"",
    ""jurisdictionId"": ""unspecified"",
    ""citedCount"": 1
  }
]"
https://synthetic.leread.ca/silver/G0766,"[
  {
    ""id"": ""silver-G0766"",
    ""docType"": ""DOCTRINE"",
    ""path"": ""/synthetic/silver/G0766"",
    ""docTitle"": ""New Zealand government report by Dean A.T.H. Smith"",
    ""autoCompletions"": ""[{\""type\"":\""MAIN_TITLE\"",\""text\"":\""New Zealand government report by Dean A.T.H. Smith\""},{\""type\"":\""MAIN_TITLE\"",\""text\"":\""New Zealand government report\""},{\""type\"":\""MAIN_TITLE\"",\""text\"":\""Reforming the New Zealand Law of Contempt of Court: An Issues/Discussion Paper\""},{\""type\"":\""DOCTRINE_AUTHOR\"",\""text\"":\""A.T.H. Smith\""},{\""type\"":\""DOCTRINE_AUTHOR\"",\""text\"":\""Dean A.T.H. Smith\""}]"",
    ""jurisdictionId"": ""unspecified"",
    ""citedCount"": 2
  }
]"
https://synthetic.leread.ca/silver/G0767,"[
  {
    ""id"": ""silver-G0767"",
    ""docType"": ""DECISION"",
    ""path"": ""/synthetic/silver/G0767"",
    ""docTitle"": ""Order of Justice Robert Mongeon, July 13, 2009"",
    ""autoCompletions"": ""[{\""type\"":\""MAIN_TITLE\"",\""text\"":\""Order of Justice Robert Mongeon, July 13, 2009\""},{\""type\"":\""DECISION_ALTERNATE_TITLE\"",\""text\"":\""Mongeon, J.'s order\""}]"",
    ""jurisdictionId"": ""unspecified"",
    ""citedCount"": 1
  }
]"
https://synthetic.leread.ca/silver/G0768,"[
  {
    ""id"": ""silver-G0768"",
    ""docType"": ""DECISION"",
    ""path"": ""/synthetic/silver/G0768"",
    ""docTitle"": ""Parashuram Detaram Shamdasani v The King Emperor"",
    ""autoCompletions"": ""[{\""type\"":\""MAIN_TITLE\"",\""text\"":\""Parashuram Detaram Shamdasani v The King Emperor\""},{\""type\"":\""DECISION_OTHER_REFERENCES\"",\""text\"":\""[1945] A.C. 264\""}]"",
    ""jurisdictionId"": ""unspecified"",
    ""citedCount"": 1
  }
]"
https://synthetic.leread.ca/silver/G0769,"[
  {
    ""id"": ""silver-G0769"",
    ""docType"": ""DOCTRINE"",
    ""path"": ""/synthetic/silver/G0769"",
    ""docTitle"": ""Précis de procédure civile du Québec"",
    ""autoCompletions"": ""[{\""type\"":\""MAIN_TITLE\"",\""text\"":\""Précis de procédure civile du Québec\""},{\""type\"":\""DOCTRINE_AUTHOR\"",\""text\"":\""Benoît Emery\""},{\""type\"":\""DOCTRINE_AUTHOR\"",\""text\"":\""Denis Ferland\""}]"",
    ""jurisdictionId"": ""unspecified"",
    ""citedCount"": 1
  }
]"
https://synthetic.leread.ca/silver/G0770,"[
  {
    ""id"": ""silver-G0770"",
    ""docType"": ""DECISION"",
    ""path"": ""/synthetic/silver/G0770"",
    ""docTitle"": ""Re Clements"",
    ""autoCompletions"": ""[{\""type\"":\""MAIN_TITLE\"",\""text\"":\""Re Clements\""},{\""type\"":\""DECISION_OTHER_REFERENCES\"",\""text\"":\""(1877) 46 L.J. Ch. 375 (Eng. C.A.)\""}]"",
    ""jurisdictionId"": ""unspecified"",
    ""citedCount"": 1
  }
]"
https://synthetic.leread.ca/silver/G0771,"[
  {
    ""id"": ""silver-G0771"",
    ""docType"": ""DECISION"",
    ""path"": ""/synthetic/silver/G0771"",
    ""docTitle"": ""St. Elizabeth Home Society v. Hamilton (City)"",
    ""autoCompletions"": ""[{\""type\"":\""MAIN_TITLE\"",\""text\"":\""St. Elizabeth Home Society v. Hamilton (City)\""},{\""type\"":\""DECISION_OTHER_REFERENCES\"",\""text\"":\""2008 ONCA 182\""}]"",
    ""jurisdictionId"": ""unspecified"",
    ""citedCount"": 1
  }
]"
https://synthetic.leread.ca/silver/G0772,"[
  {
    ""id"": ""silver-G0772"",
    ""docType"": ""DECISION"",
    ""path"": ""/synthetic/silver/G0772"",
    ""docTitle"": ""Vidéotron"",
    ""autoCompletions"": ""[{\""type\"":\""MAIN_TITLE\"",\""text\"":\""Vidéotron\""},{\""type\"":\""DECISION_ALTERNATE_TITLE\"",\""text\"":\""<i>Videotron</i>\""},{\""type\"":\""DECISION_OTHER_REFERENCES\"",\""text\"":\""[1992] 2 S.C.R. 1065\""}]"",
    ""jurisdictionId"": ""unspecified"",
    ""citedCount"": 9
  }
]"
https://synthetic.leread.ca/silver/G0773,"[
  {
    ""id"": ""silver-G0773"",
    ""docType"": ""DECISION"",
    ""path"": ""/synthetic/silver/G0773"",
    ""docTitle"": ""Zhang"",
    ""autoCompletions"": ""[{\""type\"":\""MAIN_TITLE\"",\""text\"":\""Zhang\""},{\""type\"":\""DECISION_ALTERNATE_TITLE\"",\""text\"":\""Zhang v. Chau\""},{\""type\"":\""DECISION_OTHER_REFERENCES\"",\""text\"":\""2003 CanLII 47974 (QCCA)\""}]"",
    ""jurisdictionId"": ""unspecified"",
    ""citedCount"": 2
  }
]"
https://synthetic.leread.ca/silver/G0774,"[
  {
    ""id"": ""silver-G0774"",
    ""docType"": ""LEGISLATION"",
    ""path"": ""/synthetic/silver/G0774"",
    ""docTitle"": ""Agricultural Employees Protection Act, 2002"",
    ""autoCompletions"": ""[{\""type\"":\""MAIN_TITLE\"",\""text\"":\""Agricultural Employees Protection Act, 2002\""},{\""type\"":\""LEGISLATION_ALTERNATE_TITLE\"",\""text\"":\""A<i>gricultural Employees Protection Act, 2002</i>\""},{\""type\"":\""LEGISLATION_ALTERNATE_TITLE\"",\""text\"":\""AEPA\""},{\""type\"":\""LEGISLATION_ALTERNATE_TITLE\"",\""text\"":\""AGRICULTURAL EMPLOYEES PROTECTION ACT, 2002\""},{\""type\"":\""LEGISLATION_ALTERNATE_TITLE\"",\""text\"":\""Act\""},{\""type\"":\""LEGISLATION_ALTERNATE_TITLE\"",\""text\"":\""Agricultural Employees Protection Act\""},{\""type\"":\""LEGISLATION_ALTERNATE_TITLE\"",\""text\"":\""The Agricultural Employees Protection Act, 2002\""},{\""type\"":\""LEGISLATION_REFERENCE\"",\""text\"":\""S.O. 2002, c. 16\""}]"",
    ""jurisdictionId"": ""unspecified"",
    ""citedCount"": 92
  }
]"
https://synthetic.leread.ca/silver/G0776,"[
  {
    ""id"": ""silver-G0776"",
    ""docType"": ""LEGISLATION"",
    ""path"": ""/synthetic/silver/G0776"",
    ""docTitle"": ""Ambulance Services Collective Bargaining Act 2001"",
    ""autoCompletions"": ""[{\""type\"":\""MAIN_TITLE\"",\""text\"":\""Ambulance Services Collective Bargaining Act 2001\""},{\""type\"":\""LEGISLATION_REFERENCE\"",\""text\"":\""S.O. 2001, c.10\""}]"",
    ""jurisdictionId"": ""unspecified"",
    ""citedCount"": 1
  }
]"
https://synthetic.leread.ca/silver/G0777,"[
  {
    ""id"": ""silver-G0777"",
    ""docType"": ""DECISION"",
    ""path"": ""/synthetic/silver/G0777"",
    ""docTitle"": ""Arbitration Award of Colin Taylor, Q.C. Re: Essential Services - Binding Interest Arbitration"",
    ""autoCompletions"": ""[{\""type\"":\""MAIN_TITLE\"",\""text\"":\""Arbitration Award of Colin Taylor, Q.C. Re: Essential Services - Binding Interest Arbitration\""},{\""type\"":\""DECISION_ALTERNATE_TITLE\"",\""text\"":\""Arbitration Award of Colin Taylor, Q.C. <i>Re: Essential Services - Binding Interest Arbitration</i>\""}]"",
    ""jurisdictionId"": ""unspecified"",
    ""citedCount"": 1
  }
]"
https://synthetic.leread.ca/silver/G0778,"[
  {
    ""id"": ""silver-G0778"",
    ""docType"": ""DOCTRINE"",
    ""path"": ""/synthetic/silver/G0778"",
    ""docTitle"": ""CFA Report"",
    ""autoCompletions"": ""[{\""type\"":\""MAIN_TITLE\"",\""text\"":\""CFA Report\""},{\""type\"":\""MAIN_TITLE\"",\""text\"":\""CFA\""},{\""type\"":\""MAIN_TITLE\"",\""text\"":\""CFA principle\""},{\""type\"":\""MAIN_TITLE\"",\""text\"":\""CFA Committee\""},{\""type\"":\""MAIN_TITLE\"",\""text\"":\""CFA Committee Report GB. 307/7 Case No. 2654 Introduction\""},{\""type\"":\""MAIN_TITLE\"",\""text\"":\""CFA Report 214, Case No. 1071 (Canada/Ontario)\""},{\""type\"":\""MAIN_TITLE\"",\""text\"":\""CFA Report 318, Case No. 1999\""},{\""type\"":\""MAIN_TITLE\"",\""text\"":\""CFA report\""},{\""type\"":\""MAIN_TITLE\"",\""text\"":\""Committee of Freedom of Association\""},{\""type\"":\""MAIN_TITLE\"",\""text\"":\""ILO Report\""}]"",
    ""jurisdictionId"": ""unspecified"",
    ""citedCount"": 12
  }
]"
https://synthetic.leread.ca/silver/G0779,"[
  {
    ""id"": ""silver-G0779"",
    ""docType"": ""DOCTRINE"",
    ""path"": ""/synthetic/silver/G0779"",
    ""docTitle"": ""Can We Rely on the ILO?"",
    ""autoCompletions"": ""[{\""type\"":\""MAIN_TITLE\"",\""text\"":\""Can We Rely on the ILO?\""},{\""type\"":\""DOCTRINE_AUTHOR\"",\""text\"":\""Langille, Brian\""}]"",
    ""jurisdictionId"": ""unspecified"",
    ""citedCount"": 1
  }
]"
https://synthetic.leread.ca/silver/G0780,"[
  {
    ""id"": ""silver-G0780"",
    ""docType"": ""LEGISLATION"",
    ""path"": ""/synthetic/silver/G0780"",
    ""docTitle"": ""Canada Labour Code"",
    ""autoCompletions"": ""[{\""type\"":\""MAIN_TITLE\"",\""text\"":\""Canada Labour Code\""},{\""type\"":\""LEGISLATION_REFERENCE\"",\""text\"":\""R.S.C. 1985, c.L-2\""}]"",
    ""jurisdictionId"": ""unspecified"",
    ""citedCount"": 6
  }
]"
https://synthetic.leread.ca/silver/G0781,"[
  {
    ""id"": ""silver-G0781"",
    ""docType"": ""DOCTRINE"",
    ""path"": ""/synthetic/silver/G0781"",
    ""docTitle"": ""Canadian Collective Bargaining Law"",
    ""autoCompletions"": ""[{\""type\"":\""MAIN_TITLE\"",\""text\"":\""Canadian Collective Bargaining Law\""},{\""type\"":\""DOCTRINE_AUTHOR\"",\""text\"":\""Rayner\""},{\""type\"":\""DOCTRINE_AUTHOR\"",\""text\"":\""W. B. Rayner\""}]"",
    ""jurisdictionId"": ""unspecified"",
    ""citedCount"": 2
  }
]"
https://synthetic.leread.ca/silver/G0782,"[
  {
    ""id"": ""silver-G0782"",
    ""docType"": ""DECISION"",
    ""path"": ""/synthetic/silver/G0782"",
    ""docTitle"": ""Canadian Union of Public Employees, Local 3967 v. Regina Qu’Appelle Health Region"",
    ""autoCompletions"": ""[{\""type\"":\""MAIN_TITLE\"",\""text\"":\""Canadian Union of Public Employees, Local 3967 v. Regina Qu’Appelle Health Region\""},{\""type\"":\""DECISION_ALTERNATE_TITLE\"",\""text\"":\""Appelle Health Region and The Attorney General for Saskatchewan (Respondents)\""},{\""type\"":\""DECISION_ALTERNATE_TITLE\"",\""text\"":\""Canadian Union of Public Employees, Local 3967 (Applicant) v. Regina Qu\""},{\""type\"":\""DECISION_OTHER_REFERENCES\"",\""text\"":\""2010 CanLII 5199\""},{\""type\"":\""DECISION_OTHER_REFERENCES\"",\""text\"":\""LRB File No. 124-09\""}]"",
    ""jurisdictionId"": ""unspecified"",
    ""citedCount"": 2
  }
]"
https://synthetic.leread.ca/silver/G0783,"[
  {
    ""id"": ""silver-G0783"",
    ""docType"": ""DOCTRINE"",
    ""path"": ""/synthetic/silver/G0783"",
    ""docTitle"": ""Collective Bargaining Law in Canada"",
    ""autoCompletions"": ""[{\""type\"":\""MAIN_TITLE\"",\""text\"":\""Collective Bargaining Law in Canada\""},{\""type\"":\""DOCTRINE_AUTHOR\"",\""text\"":\""A.W.R. Carrothers, E.E. Palmer and W.B. Rayner\""}]"",
    ""jurisdictionId"": ""unspecified"",
    ""citedCount"": 2
  }
]"
https://synthetic.leread.ca/silver/G0784,"[
  {
    ""id"": ""silver-G0784"",
    ""docType"": ""LEGISLATION"",
    ""path"": ""/synthetic/silver/G0784"",
    ""docTitle"": ""Constitution of the International Labour Organization"",
    ""autoCompletions"": ""[{\""type\"":\""MAIN_TITLE\"",\""text\"":\""Constitution of the International Labour Organization\""},{\""type\"":\""LEGISLATION_ALTERNATE_TITLE\"",\""text\"":\""Constitution\""},{\""type\"":\""LEGISLATION_ALTERNATE_TITLE\"",\""text\"":\""ILO membership\""}]"",
    ""jurisdictionId"": ""unspecified"",
    ""citedCount"": 4
  }
]"
https://synthetic.leread.ca/silver/G0785,"[
  {
    ""id"": ""silver-G0785"",
    ""docType"": ""DECISION"",
    ""path"": ""/synthetic/silver/G0785"",
    ""docTitle"": ""Crofter v. Handwoven Harris Tweed Co. v. Veitch"",
    ""autoCompletions"": ""[{\""type\"":\""MAIN_TITLE\"",\""text\"":\""Crofter v. Handwoven Harris Tweed Co. v. Veitch\""},{\""type\"":\""DECISION_OTHER_REFERENCES\"",\""text\"":\""[1942] 1 All E.R. 142 (H.L.)\""}]"",
    ""jurisdictionId"": ""unspecified"",
    ""citedCount"": 1
  }
]"
https://synthetic.leread.ca/silver/G0786,"[
  {
    ""id"": ""silver-G0786"",
    ""docType"": ""LEGISLATION"",
    ""path"": ""/synthetic/silver/G0786"",
    ""docTitle"": ""Crown Employees Collective Bargaining Act"",
    ""autoCompletions"": ""[{\""type\"":\""MAIN_TITLE\"",\""text\"":\""Crown Employees Collective Bargaining Act\""},{\""type\"":\""LEGISLATION_REFERENCE\"",\""text\"":\""1993 S.O. 1993, c. 38\""}]"",
    ""jurisdictionId"": ""unspecified"",
    ""citedCount"": 4
  }
]"
https://synthetic.leread.ca/silver/G0787,"[
  {
    ""id"": ""silver-G0787"",
    ""docType"": ""LEGISLATION"",
    ""path"": ""/synthetic/silver/G0787"",
    ""docTitle"": ""Dairy Workers (Maintenance of Operations) Act"",
    ""autoCompletions"": ""[{\""type\"":\""MAIN_TITLE\"",\""text\"":\""Dairy Workers (Maintenance of Operations) Act\""},{\""type\"":\""LEGISLATION_ALTERNATE_TITLE\"",\""text\"":\""Dairy Workers (Maintenance of Operations Act\""},{\""type\"":\""LEGISLATION_ALTERNATE_TITLE\"",\""text\"":\""The Maintenance of Saskatchewan Power Corporation\""},{\""type\"":\""LEGISLATION_REFERENCE\"",\""text\"":\""1983-84, c.D-1.20\""}]"",
    ""jurisdictionId"": ""unspecified"",
    ""citedCount"": 2
  }
]"
https://synthetic.leread.ca/silver/G0788,"[
  {
    ""id"": ""silver-G0788"",
    ""docType"": ""DOCTRINE"",
    ""path"": ""/synthetic/silver/G0788"",
    ""docTitle"": ""Digest"",
    ""autoCompletions"": ""[{\""type\"":\""MAIN_TITLE\"",\""text\"":\""Digest\""},{\""type\"":\""MAIN_TITLE\"",\""text\"":\""Freedom of association - <span style=\\\""font-size:10.0pt;font-family:Shruti\\\"">Digest of decisions and principles of the Freedom of Association Committee of the Governing Body of the ILO. </span>\""}]"",
    ""jurisdictionId"": ""unspecified"",
    ""citedCount"": 5
  }
]"
https://synthetic.leread.ca/silver/G0789,"[
  {
    ""id"": ""silver-G0789"",
    ""docType"": ""DECISION"",
    ""path"": ""/synthetic/silver/G0789"",
    ""docTitle"": ""Doucet-Boudreau v. Nova Scotia (Minister of Education)"",
    ""autoCompletions"": ""[{\""type\"":\""MAIN_TITLE\"",\""text\"":\""Doucet-Boudreau v. Nova Scotia (Minister of Education)\""}]"",
    ""jurisdictionId"": ""unspecified"",
    ""citedCount"": 1
  }
]"
https://synthetic.leread.ca/silver/G0790,"[
  {
    ""id"": ""silver-G0790"",
    ""docType"": ""DECISION"",
    ""path"": ""/synthetic/silver/G0790"",
    ""docTitle"": ""Dunmore v. Ontario (Attorney General)"",
    ""autoCompletions"": ""[{\""type\"":\""MAIN_TITLE\"",\""text\"":\""Dunmore v. Ontario (Attorney General)\""},{\""type\"":\""DECISION_ALTERNATE_TITLE\"",\""text\"":\""Dunmore\""},{\""type\"":\""DECISION_OTHER_REFERENCES\"",\""text\"":\""2001 SCC 94\""}]"",
    ""jurisdictionId"": ""unspecified"",
    ""citedCount"": 27
  }
]"
https://synthetic.leread.ca/silver/G0791,"[
  {
    ""id"": ""silver-G0791"",
    ""docType"": ""LEGISLATION"",
    ""path"": ""/synthetic/silver/G0791"",
    ""docTitle"": ""Essential Services Act"",
    ""autoCompletions"": ""[{\""type\"":\""MAIN_TITLE\"",\""text\"":\""Essential Services Act\""},{\""type\"":\""LEGISLATION_ALTERNATE_TITLE\"",\""text\"":\""The Essential Services Act (Government and Child and Family Services\""},{\""type\"":\""LEGISLATION_ALTERNATE_TITLE\"",\""text\"":\""The Child and Family Services Act\""},{\""type\"":\""LEGISLATION_ALTERNATE_TITLE\"",\""text\"":\""The Essential Services Act\""}]"",
    ""jurisdictionId"": ""unspecified"",
    ""citedCount"": 3
  }
]"
https://synthetic.leread.ca/silver/G0792,"[
  {
    ""id"": ""silver-G0792"",
    ""docType"": ""DOCTRINE"",
    ""path"": ""/synthetic/silver/G0792"",
    ""docTitle"": ""Evaluating the Merits of the 2008 Reforms to Collective Bargaining Law of Saskatchewan"",
    ""autoCompletions"": ""[{\""type\"":\""MAIN_TITLE\"",\""text\"":\""Evaluating the Merits of the 2008 Reforms to Collective Bargaining Law of Saskatchewan\""},{\""type\"":\""DOCTRINE_AUTHOR\"",\""text\"":\""England, Geoffrey\""},{\""type\"":\""DOCTRINE_AUTHOR\"",\""text\"":\""Professor Geoffrey England\""}]"",
    ""jurisdictionId"": ""unspecified"",
    ""citedCount"": 2
  }
]"
https://synthetic.leread.ca/silver/G0793,"[
  {
    ""id"": ""silver-G0793"",
    ""docType"": ""DOCTRINE"",
    ""path"": ""/synthetic/silver/G0793"",
    ""docTitle"": ""Expert Opinion on Essential Services"",
    ""autoCompletions"": ""[{\""type\"":\""MAIN_TITLE\"",\""text\"":\""Expert Opinion on Essential Services\""},{\""type\"":\""DOCTRINE_AUTHOR\"",\""text\"":\""Prof. Michael Lynk\""}]"",
    ""jurisdictionId"": ""unspecified"",
    ""citedCount"": 1
  }
]"
https://synthetic.leread.ca/silver/G0794,"[
  {
    ""id"": ""silver-G0794"",
    ""docType"": ""DOCTRINE"",
    ""path"": ""/synthetic/silver/G0794"",
    ""docTitle"": ""Freedom of Association and Collective Bargaining: General Survey by the Committee of Experts on the Application of Conventions and Recommendations, Report III (Part 4(B))"",
    ""autoCompletions"": ""[{\""type\"":\""MAIN_TITLE\"",\""text\"":\""Freedom of Association and Collective Bargaining: General Survey by the Committee of Experts on the Application of Conventions and Recommendations, Report III (Part 4(B))\""}]"",
    ""jurisdictionId"": ""unspecified"",
    ""citedCount"": 1
  }
]"
https://synthetic.leread.ca/silver/G0796,"[
  {
    ""id"": ""silver-G0796"",
    ""docType"": ""DECISION"",
    ""path"": ""/synthetic/silver/G0796"",
    ""docTitle"": ""Health Services Support-Facilities Subsector Bargaining Assn. v. British Columbia"",
    ""autoCompletions"": ""[{\""type\"":\""MAIN_TITLE\"",\""text\"":\""Health Services Support-Facilities Subsector Bargaining Assn. v. British Columbia\""},{\""type\"":\""DECISION_ALTERNATE_TITLE\"",\""text\"":\""B. C. Health Services\""},{\""type\"":\""DECISION_ALTERNATE_TITLE\"",\""text\"":\""B.C. Health Services\""},{\""type\"":\""DECISION_ALTERNATE_TITLE\"",\""text\"":\""B.C. Health Sciences\""},{\""type\"":\""DECISION_ALTERNATE_TITLE\"",\""text\"":\""BC Health Services\""},{\""type\"":\""DECISION_ALTERNATE_TITLE\"",\""text\"":\""Health Services\""},{\""type\"":\""DECISION_OTHER_REFERENCES\"",\""text\"":\""2007 SCC 27\""},{\""type\"":\""DECISION_OTHER_REFERENCES\"",\""text\"":\""[2007] 2 S.C.R. 391\""}]"",
    ""jurisdictionId"": ""unspecified"",
    ""citedCount"": 47
  }
]"
https://synthetic.leread.ca/silver/G0797,"[
  {
    ""id"": ""silver-G0797"",
    ""docType"": ""LEGISLATION"",
    ""path"": ""/synthetic/silver/G0797"",
    ""docTitle"": ""Hospital Labour Disputes Arbitration Act"",
    ""autoCompletions"": ""[{\""type\"":\""MAIN_TITLE\"",\""text\"":\""Hospital Labour Disputes Arbitration Act\""},{\""type\"":\""LEGISLATION_REFERENCE\"",\""text\"":\""R.S.O. 1990, c. H-14\""}]"",
    ""jurisdictionId"": ""unspecified"",
    ""citedCount"": 1
  }
]"
https://synthetic.leread.ca/silver/G0798,"[
  {
    ""id"": ""silver-G0798"",
    ""docType"": ""DOCTRINE"",
    ""path"": ""/synthetic/silver/G0798"",
    ""docTitle"": ""Human Rights Law and Freedom of Association: Development through ILO Supervision"",
    ""autoCompletions"": ""[{\""type\"":\""MAIN_TITLE\"",\""text\"":\""Human Rights Law and Freedom of Association: Development through ILO Supervision\""},{\""type\"":\""MAIN_TITLE\"",\""text\"":\""Development through ILO Supervision\""},{\""type\"":\""MAIN_TITLE\"",\""text\"":\""Human Rights Law and Freedom of Association\""},{\""type\"":\""DOCTRINE_AUTHOR\"",\""text\"":\""Sweptson, L.\""}]"",
    ""jurisdictionId"": ""unspecified"",
    ""citedCount"": 1
  }
]"
https://synthetic.leread.ca/silver/G0799,"[
  {
    ""id"": ""silver-G0799"",
    ""docType"": ""DOCTRINE"",
    ""path"": ""/synthetic/silver/G0799"",
    ""docTitle"": ""I.L.O. Official Bulletin: Special Supplement"",
    ""autoCompletions"": ""[{\""type\"":\""MAIN_TITLE\"",\""text\"":\""I.L.O. Official Bulletin: Special Supplement\""}]"",
    ""jurisdictionId"": ""unspecified"",
    ""citedCount"": 1
  }
]"
https://synthetic.leread.ca/silver/G0800,"[
  {
    ""id"": ""silver-G0800"",
    ""docType"": ""DECISION"",
    ""path"": ""/synthetic/silver/G0800"",
    ""docTitle"": ""ILO Committee of Experts on the Application of Conventions and Recommendations"",
    ""autoCompletions"": ""[{\""type\"":\""MAIN_TITLE\"",\""text\"":\""ILO Committee of Experts on the Application of Conventions and Recommendations\""},{\""type\"":\""DECISION_ALTERNATE_TITLE\"",\""text\"":\""ILO Committee of Experts\""}]"",
    ""jurisdictionId"": ""unspecified"",
    ""citedCount"": 1
  }
]"
https://synthetic.leread.ca/silver/G0801,"[
  {
    ""id"": ""silver-G0801"",
    ""docType"": ""LEGISLATION"",
    ""path"": ""/synthetic/silver/G0801"",
    ""docTitle"": ""ILO Convention No. 87 concerning Freedom of Association and Protection of the Right to Organize"",
    ""autoCompletions"": ""[{\""type\"":\""MAIN_TITLE\"",\""text\"":\""ILO Convention No. 87 concerning Freedom of Association and Protection of the Right to Organize\""},{\""type\"":\""LEGISLATION_ALTERNATE_TITLE\"",\""text\"":\""Convention No. 87\""},{\""type\"":\""LEGISLATION_ALTERNATE_TITLE\"",\""text\"":\""ILO Convention No. 87\""}]"",
    ""jurisdictionId"": ""unspecified"",
    ""citedCount"": 19
  }
]"
https://synthetic.leread.ca/silver/G0802,"[
  {
    ""id"": ""silver-G0802"",
    ""docType"": ""LEGISLATION"",
    ""path"": ""/synthetic/silver/G0802"",
    ""docTitle"": ""ILO Convention No. 98 concerning the Right to Organize and Collective Bargaining"",
    ""autoCompletions"": ""[{\""type\"":\""MAIN_TITLE\"",\""text\"":\""ILO Convention No. 98 concerning the Right to Organize and Collective Bargaining\""},{\""type\"":\""LEGISLATION_ALTERNATE_TITLE\"",\""text\"":\""Convention No. 98\""},{\""type\"":\""LEGISLATION_ALTERNATE_TITLE\"",\""text\"":\""Convention No. 98 concerning the Right to Organize and Collective Bargaining\""}]"",
    ""jurisdictionId"": ""unspecified"",
    ""citedCount"": 2
  }
]"
https://synthetic.leread.ca/silver/G0803,"[
  {
    ""id"": ""silver-G0803"",
    ""docType"": ""LEGISLATION"",
    ""path"": ""/synthetic/silver/G0803"",
    ""docTitle"": ""ILO Declaration on Fundamental Principles and Rights at Work"",
    ""autoCompletions"": ""[{\""type\"":\""MAIN_TITLE\"",\""text\"":\""ILO Declaration on Fundamental Principles and Rights at Work\""},{\""type\"":\""LEGISLATION_ALTERNATE_TITLE\"",\""text\"":\""Declaration\""},{\""type\"":\""LEGISLATION_ALTERNATE_TITLE\"",\""text\"":\""Declaration of Fundamental Principles and Rights at Work\""},{\""type\"":\""LEGISLATION_ALTERNATE_TITLE\"",\""text\"":\""ILO\""}]"",
    ""jurisdictionId"": ""unspecified"",
    ""citedCount"": 4
  }
]"
https://synthetic.leread.ca/silver/G0804,"[
  {
    ""id"": ""silver-G0804"",
    ""docType"": ""LEGISLATION"",
    ""path"": ""/synthetic/silver/G0804"",
    ""docTitle"": ""ILO generated jurisprudence"",
    ""autoCompletions"": ""[{\""type\"":\""MAIN_TITLE\"",\""text\"":\""ILO generated jurisprudence\""},{\""type\"":\""LEGISLATION_ALTERNATE_TITLE\"",\""text\"":\""ILO standards\""}]"",
    ""jurisdictionId"": ""unspecified"",
    ""citedCount"": 3
  }
]"
https://synthetic.leread.ca/silver/G0805,"[
  {
    ""id"": ""silver-G0805"",
    ""docType"": ""LEGISLATION"",
    ""path"": ""/synthetic/silver/G0805"",
    ""docTitle"": ""International Conventions (ICCPR, ICESCR, and ILO Convention No. 87)"",
    ""autoCompletions"": ""[{\""type\"":\""MAIN_TITLE\"",\""text\"":\""International Conventions (ICCPR, ICESCR, and ILO Convention No. 87)\""},{\""type\"":\""LEGISLATION_ALTERNATE_TITLE\"",\""text\"":\""Conventions\""},{\""type\"":\""LEGISLATION_ALTERNATE_TITLE\"",\""text\"":\""Conventions in question\""},{\""type\"":\""LEGISLATION_ALTERNATE_TITLE\"",\""text\"":\""U.N. human rights Covenants\""},{\""type\"":\""LEGISLATION_ALTERNATE_TITLE\"",\""text\"":\""UN covenants\""}]"",
    ""jurisdictionId"": ""unspecified"",
    ""citedCount"": 4
  }
]"
https://synthetic.leread.ca/silver/G0806,"[
  {
    ""id"": ""silver-G0806"",
    ""docType"": ""LEGISLATION"",
    ""path"": ""/synthetic/silver/G0806"",
    ""docTitle"": ""International Covenant on Civil and Political Rights"",
    ""autoCompletions"": ""[{\""type\"":\""MAIN_TITLE\"",\""text\"":\""International Covenant on Civil and Political Rights\""},{\""type\"":\""LEGISLATION_ALTERNATE_TITLE\"",\""text\"":\""ICCPR\""},{\""type\"":\""LEGISLATION_ALTERNATE_TITLE\"",\""text\"":\""U.N. International Covenant on Civil and Political Rights\""},{\""type\"":\""LEGISLATION_REFERENCE\"",\""text\"":\""68 U.N.T.S. 17\""}]"",
    ""jurisdictionId"": ""unspecified"",
    ""citedCount"": 6
  }
]"
https://synthetic.leread.ca/silver/G0807,"[
  {
    ""id"": ""silver-G0807"",
    ""docType"": ""LEGISLATION"",
    ""path"": ""/synthetic/silver/G0807"",
    ""docTitle"": ""International Covenant on Economic, Social and Cultural Rights"",
    ""autoCompletions"": ""[{\""type\"":\""MAIN_TITLE\"",\""text\"":\""International Covenant on Economic, Social and Cultural Rights\""},{\""type\"":\""LEGISLATION_ALTERNATE_TITLE\"",\""text\"":\""ICESCR\""},{\""type\"":\""LEGISLATION_ALTERNATE_TITLE\"",\""text\"":\""ICSECR\""},{\""type\"":\""LEGISLATION_ALTERNATE_TITLE\"",\""text\"":\""U.N. International Covenant on Economic, Social and Cultural Rights\""},{\""type\"":\""LEGISLATION_REFERENCE\"",\""text\"":\""993 U.N.T.S. 3\""},{\""type\"":\""LEGISLATION_ALTERNATE_REFERENCE\"",\""text\"":\""999 U.N.T.S. 171\""}]"",
    ""jurisdictionId"": ""unspecified"",
    ""citedCount"": 11
  }
]"
https://synthetic.leread.ca/silver/G0808,"[
  {
    ""id"": ""silver-G0808"",
    ""docType"": ""DOCTRINE"",
    ""path"": ""/synthetic/silver/G0808"",
    ""docTitle"": ""International Covenant on Economic, Social and Cultural Rights: Report of Canada on the Implementation of Articles 10-12 of the Covenant"",
    ""autoCompletions"": ""[{\""type\"":\""MAIN_TITLE\"",\""text\"":\""International Covenant on Economic, Social and Cultural Rights: Report of Canada on the Implementation of Articles 10-12 of the Covenant\""},{\""type\"":\""DOCTRINE_AUTHOR\"",\""text\"":\""Canada\""}]"",
    ""jurisdictionId"": ""unspecified"",
    ""citedCount"": 1
  }
]"
https://synthetic.leread.ca/silver/G0810,"[
  {
    ""id"": ""silver-G0810"",
    ""docType"": ""DOCTRINE"",
    ""path"": ""/synthetic/silver/G0810"",
    ""docTitle"": ""Judicial Power and the Charter: Canada and the Paradox of Liberal Constitutionalism"",
    ""autoCompletions"": ""[{\""type\"":\""MAIN_TITLE\"",\""text\"":\""Judicial Power and the Charter: Canada and the Paradox of Liberal Constitutionalism\""},{\""type\"":\""DOCTRINE_AUTHOR\"",\""text\"":\""C.P. Manfredi\""}]"",
    ""jurisdictionId"": ""unspecified"",
    ""citedCount"": 1
  }
]"
https://synthetic.leread.ca/silver/G0811,"[
  {
    ""id"": ""silver-G0811"",
    ""docType"": ""LEGISLATION"",
    ""path"": ""/synthetic/silver/G0811"",
    ""docTitle"": ""Labour Relations Act 1995"",
    ""autoCompletions"": ""[{\""type\"":\""MAIN_TITLE\"",\""text\"":\""Labour Relations Act 1995\""},{\""type\"":\""LEGISLATION_ALTERNATE_TITLE\"",\""text\"":\""Labour Relations Act\""},{\""type\"":\""LEGISLATION_REFERENCE\"",\""text\"":\""S.O. 1995, c. 1\""}]"",
    ""jurisdictionId"": ""unspecified"",
    ""citedCount"": 4
  }
]"
https://synthetic.leread.ca/silver/G0814,"[
  {
    ""id"": ""silver-G0814"",
    ""docType"": ""DOCTRINE"",
    ""path"": ""/synthetic/silver/G0814"",
    ""docTitle"": ""Labour and the Law"",
    ""autoCompletions"": ""[{\""type\"":\""MAIN_TITLE\"",\""text\"":\""Labour and the Law\""},{\""type\"":\""DOCTRINE_AUTHOR\"",\""text\"":\""Otto Kahn-Freund\""}]"",
    ""jurisdictionId"": ""unspecified"",
    ""citedCount"": 1
  }
]"
https://synthetic.leread.ca/silver/G0816,"[
  {
    ""id"": ""silver-G0816"",
    ""docType"": ""LEGISLATION"",
    ""path"": ""/synthetic/silver/G0816"",
    ""docTitle"": ""National Labor Relations Act"",
    ""autoCompletions"": ""[{\""type\"":\""MAIN_TITLE\"",\""text\"":\""National Labor Relations Act\""},{\""type\"":\""LEGISLATION_ALTERNATE_TITLE\"",\""text\"":\""American Wagner Act of 1935\""},{\""type\"":\""LEGISLATION_ALTERNATE_TITLE\"",\""text\"":\""Wagner Act\""},{\""type\"":\""LEGISLATION_REFERENCE\"",\""text\"":\""of 1935\""}]"",
    ""jurisdictionId"": ""unspecified"",
    ""citedCount"": 4
  }
]"
https://synthetic.leread.ca/silver/G0817,"[
  {
    ""id"": ""silver-G0817"",
    ""docType"": ""LEGISLATION"",
    ""path"": ""/synthetic/silver/G0817"",
    ""docTitle"": ""Official Languages Act"",
    ""autoCompletions"": ""[{\""type\"":\""MAIN_TITLE\"",\""text\"":\""Official Languages Act\""},{\""type\"":\""LEGISLATION_REFERENCE\"",\""text\"":\""R.S.C. 1985, c.L-2\""}]"",
    ""jurisdictionId"": ""unspecified"",
    ""citedCount"": 1
  }
]"
https://synthetic.leread.ca/silver/G0819,"[
  {
    ""id"": ""silver-G0819"",
    ""docType"": ""LEGISLATION"",
    ""path"": ""/synthetic/silver/G0819"",
    ""docTitle"": ""Ontario Crown Employees Collective Bargaining Act, 1972"",
    ""autoCompletions"": ""[{\""type\"":\""MAIN_TITLE\"",\""text\"":\""Ontario Crown Employees Collective Bargaining Act, 1972\""},{\""type\"":\""LEGISLATION_ALTERNATE_TITLE\"",\""text\"":\""Ontario <i>Crown Employees</i>\""},{\""type\"":\""LEGISLATION_REFERENCE\"",\""text\"":\""S.O. 1972, c. 67\""}]"",
    ""jurisdictionId"": ""unspecified"",
    ""citedCount"": 2
  }
]"
https://synthetic.leread.ca/silver/G0820,"[
  {
    ""id"": ""silver-G0820"",
    ""docType"": ""DOCTRINE"",
    ""path"": ""/synthetic/silver/G0820"",
    ""docTitle"": ""Peter W. Hogg"",
    ""autoCompletions"": ""[{\""type\"":\""MAIN_TITLE\"",\""text\"":\""Peter W. Hogg\""},{\""type\"":\""DOCTRINE_AUTHOR\"",\""text\"":\""Prof. Peter W. Hogg\""}]"",
    ""jurisdictionId"": ""unspecified"",
    ""citedCount"": 3
  }
]"
https://synthetic.leread.ca/silver/G0821,"[
  {
    ""id"": ""silver-G0821"",
    ""docType"": ""LEGISLATION"",
    ""path"": ""/synthetic/silver/G0821"",
    ""docTitle"": ""Police Officers Collective Bargaining Act (Alberta)"",
    ""autoCompletions"": ""[{\""type\"":\""MAIN_TITLE\"",\""text\"":\""Police Officers Collective Bargaining Act (Alberta)\""},{\""type\"":\""LEGISLATION_ALTERNATE_TITLE\"",\""text\"":\""The Police Officers Collective Bargaining Act\""}]"",
    ""jurisdictionId"": ""unspecified"",
    ""citedCount"": 1
  }
]"
https://synthetic.leread.ca/silver/G0822,"[
  {
    ""id"": ""silver-G0822"",
    ""docType"": ""DOCTRINE"",
    ""path"": ""/synthetic/silver/G0822"",
    ""docTitle"": ""Premier Brad Wall, Throne Speech, December 10, 2007"",
    ""autoCompletions"": ""[{\""type\"":\""MAIN_TITLE\"",\""text\"":\""Premier Brad Wall, Throne Speech, December 10, 2007\""},{\""type\"":\""MAIN_TITLE\"",\""text\"":\""Throne Speech\""},{\""type\"":\""DOCTRINE_AUTHOR\"",\""text\"":\""Premier Brad Wall\""}]"",
    ""jurisdictionId"": ""unspecified"",
    ""citedCount"": 1
  }
]"
https://synthetic.leread.ca/silver/G0823,"[
  {
    ""id"": ""silver-G0823"",
    ""docType"": ""DOCTRINE"",
    ""path"": ""/synthetic/silver/G0823"",
    ""docTitle"": ""Prof. Patrick Macklem"",
    ""autoCompletions"": ""[{\""type\"":\""MAIN_TITLE\"",\""text\"":\""Prof. Patrick Macklem\""},{\""type\"":\""DOCTRINE_AUTHOR\"",\""text\"":\""Prof. Patrick Macklem\""}]"",
    ""jurisdictionId"": ""unspecified"",
    ""citedCount"": 1
  }
]"
https://synthetic.leread.ca/silver/G0824,"[
  {
    ""id"": ""silver-G0824"",
    ""docType"": ""DOCTRINE"",
    ""path"": ""/synthetic/silver/G0824"",
    ""docTitle"": ""Prof. Paul Weiler"",
    ""autoCompletions"": ""[{\""type\"":\""MAIN_TITLE\"",\""text\"":\""Prof. Paul Weiler\""},{\""type\"":\""DOCTRINE_AUTHOR\"",\""text\"":\""Prof. Paul Weiler\""}]"",
    ""jurisdictionId"": ""unspecified"",
    ""citedCount"": 1
  }
]"
https://synthetic.leread.ca/silver/G0825,"[
  {
    ""id"": ""silver-G0825"",
    ""docType"": ""DOCTRINE"",
    ""path"": ""/synthetic/silver/G0825"",
    ""docTitle"": ""Professor Michael Lynk"",
    ""autoCompletions"": ""[{\""type\"":\""MAIN_TITLE\"",\""text\"":\""Professor Michael Lynk\""},{\""type\"":\""MAIN_TITLE\"",\""text\"":\""summary of international law\""},{\""type\"":\""DOCTRINE_AUTHOR\"",\""text\"":\""Professor Michael Lynk\""},{\""type\"":\""DOCTRINE_AUTHOR\"",\""text\"":\""Professor Michael Lynks\""}]"",
    ""jurisdictionId"": ""unspecified"",
    ""citedCount"": 2
  }
]"
https://synthetic.leread.ca/silver/G0826,"[
  {
    ""id"": ""silver-G0826"",
    ""docType"": ""DECISION"",
    ""path"": ""/synthetic/silver/G0826"",
    ""docTitle"": ""Public Service Alliance of Canada v. Canada"",
    ""autoCompletions"": ""[{\""type\"":\""MAIN_TITLE\"",\""text\"":\""Public Service Alliance of Canada v. Canada\""},{\""type\"":\""DECISION_ALTERNATE_TITLE\"",\""text\"":\""PSAC v. Canada\""}]"",
    ""jurisdictionId"": ""unspecified"",
    ""citedCount"": 2
  }
]"
https://synthetic.leread.ca/silver/G0827,"[
  {
    ""id"": ""silver-G0827"",
    ""docType"": ""LEGISLATION"",
    ""path"": ""/synthetic/silver/G0827"",
    ""docTitle"": ""Public Service Collective Bargaining Act"",
    ""autoCompletions"": ""[{\""type\"":\""MAIN_TITLE\"",\""text\"":\""Public Service Collective Bargaining Act\""},{\""type\"":\""LEGISLATION_ALTERNATE_TITLE\"",\""text\"":\""The Public Service Collective Bargaining Act\""}]"",
    ""jurisdictionId"": ""unspecified"",
    ""citedCount"": 1
  }
]"
https://synthetic.leread.ca/silver/G0828,"[
  {
    ""id"": ""silver-G0828"",
    ""docType"": ""LEGISLATION"",
    ""path"": ""/synthetic/silver/G0828"",
    ""docTitle"": ""Public Service Employee Relations Act (Alberta)"",
    ""autoCompletions"": ""[{\""type\"":\""MAIN_TITLE\"",\""text\"":\""Public Service Employee Relations Act (Alberta)\""},{\""type\"":\""LEGISLATION_ALTERNATE_TITLE\"",\""text\"":\""The Public Service Employee Relations Act\""}]"",
    ""jurisdictionId"": ""unspecified"",
    ""citedCount"": 1
  }
]"
https://synthetic.leread.ca/silver/G0829,"[
  {
    ""id"": ""silver-G0829"",
    ""docType"": ""LEGISLATION"",
    ""path"": ""/synthetic/silver/G0829"",
    ""docTitle"": ""Public Service Essential Services Act"",
    ""autoCompletions"": ""[{\""type\"":\""MAIN_TITLE\"",\""text\"":\""Public Service Essential Services Act\""},{\""type\"":\""LEGISLATION_ALTERNATE_TITLE\"",\""text\"":\""Act\""},{\""type\"":\""LEGISLATION_ALTERNATE_TITLE\"",\""text\"":\""PSES Act\""},{\""type\"":\""LEGISLATION_ALTERNATE_TITLE\"",\""text\"":\""PSESA\""},{\""type\"":\""LEGISLATION_ALTERNATE_TITLE\"",\""text\"":\""PSS Act\""},{\""type\"":\""LEGISLATION_ALTERNATE_TITLE\"",\""text\"":\""THE PUBLIC SERVICE ESSENTIAL SERVICES ACT\""},{\""type\"":\""LEGISLATION_ALTERNATE_TITLE\"",\""text\"":\""The Public Service Essential Services Act\""},{\""type\"":\""LEGISLATION_ALTERNATE_TITLE\"",\""text\"":\""legislation\""},{\""type\"":\""LEGISLATION_REFERENCE\"",\""text\"":\""Bill 5\""},{\""type\"":\""LEGISLATION_ALTERNATE_REFERENCE\"",\""text\"":\""S.S. 2008, c.P-42.2\""}]"",
    ""jurisdictionId"": ""unspecified"",
    ""citedCount"": 186
  }
]"
https://synthetic.leread.ca/silver/G0830,"[
  {
    ""id"": ""silver-G0830"",
    ""docType"": ""LEGISLATION"",
    ""path"": ""/synthetic/silver/G0830"",
    ""docTitle"": ""Public Service Essential Services Act NL"",
    ""autoCompletions"": ""[{\""type\"":\""MAIN_TITLE\"",\""text\"":\""Public Service Essential Services Act NL\""},{\""type\"":\""LEGISLATION_REFERENCE\"",\""text\"":\""R.S.N.L. 1990 c.P-42\""}]"",
    ""jurisdictionId"": ""unspecified"",
    ""citedCount"": 1
  }
]"
https://synthetic.leread.ca/silver/G0832,"[
  {
    ""id"": ""silver-G0832"",
    ""docType"": ""LEGISLATION"",
    ""path"": ""/synthetic/silver/G0832"",
    ""docTitle"": ""Public Services Essential Services Regulations"",
    ""autoCompletions"": ""[{\""type\"":\""MAIN_TITLE\"",\""text\"":\""Public Services Essential Services Regulations\""},{\""type\"":\""LEGISLATION_ALTERNATE_TITLE\"",\""text\"":\""PSES Regs\""},{\""type\"":\""LEGISLATION_ALTERNATE_TITLE\"",\""text\"":\""Public Service Essential Services Regulations\""},{\""type\"":\""LEGISLATION_ALTERNATE_TITLE\"",\""text\"":\""regulations\""},{\""type\"":\""LEGISLATION_REFERENCE\"",\""text\"":\""R.R.S. c. P-42, Reg 1, O.C. 539/2009\""}]"",
    ""jurisdictionId"": ""unspecified"",
    ""citedCount"": 15
  }
]"
https://synthetic.leread.ca/silver/G0833,"[
  {
    ""id"": ""silver-G0833"",
    ""docType"": ""DECISION"",
    ""path"": ""/synthetic/silver/G0833"",
    ""docTitle"": ""R. v. Advance Cutting & Coring Ltd"",
    ""autoCompletions"": ""[{\""type\"":\""MAIN_TITLE\"",\""text\"":\""R. v. Advance Cutting & Coring Ltd\""},{\""type\"":\""DECISION_ALTERNATE_TITLE\"",\""text\"":\""R. v. Advance Cutting &amp; Coring Ltd\""}]"",
    ""jurisdictionId"": ""unspecified"",
    ""citedCount"": 1
  }
]"
https://synthetic.leread.ca/silver/G0834,"[
  {
    ""id"": ""silver-G0834"",
    ""docType"": ""DECISION"",
    ""path"": ""/synthetic/silver/G0834"",
    ""docTitle"": ""R. v. Edward Brooks and Art Ltd."",
    ""autoCompletions"": ""[{\""type\"":\""MAIN_TITLE\"",\""text\"":\""R. v. Edward Brooks and Art Ltd.\""},{\""type\"":\""DECISION_OTHER_REFERENCES\"",\""text\"":\""35 D.L.R. (4<sup>th</sup>)\""},{\""type\"":\""DECISION_OTHER_REFERENCES\"",\""text\"":\""[1986] 2 S.C.R. 713\""}]"",
    ""jurisdictionId"": ""unspecified"",
    ""citedCount"": 1
  }
]"
https://synthetic.leread.ca/silver/G0836,"[
  {
    ""id"": ""silver-G0836"",
    ""docType"": ""DECISION"",
    ""path"": ""/synthetic/silver/G0836"",
    ""docTitle"": ""R. v. Videoflicks Ltd."",
    ""autoCompletions"": ""[{\""type\"":\""MAIN_TITLE\"",\""text\"":\""R. v. Videoflicks Ltd.\""}]"",
    ""jurisdictionId"": ""unspecified"",
    ""citedCount"": 1
  }
]"
https://synthetic.leread.ca/silver/G0837,"[
  {
    ""id"": ""silver-G0837"",
    ""docType"": ""DECISION"",
    ""path"": ""/synthetic/silver/G0837"",
    ""docTitle"": ""Rayner v. Canada"",
    ""autoCompletions"": ""[{\""type\"":\""MAIN_TITLE\"",\""text\"":\""Rayner v. Canada\""},{\""type\"":\""DECISION_ALTERNATE_TITLE\"",\""text\"":\""Rayner\""}]"",
    ""jurisdictionId"": ""unspecified"",
    ""citedCount"": 1
  }
]"
https://synthetic.leread.ca/silver/G0838,"[
  {
    ""id"": ""silver-G0838"",
    ""docType"": ""DOCTRINE"",
    ""path"": ""/synthetic/silver/G0838"",
    ""docTitle"": ""Reconcilable Differences - New Directions in Canadian Labour Law"",
    ""autoCompletions"": ""[{\""type\"":\""MAIN_TITLE\"",\""text\"":\""Reconcilable Differences - New Directions in Canadian Labour Law\""},{\""type\"":\""MAIN_TITLE\"",\""text\"":\""Making a Virtue Out of Necessity: Strikes by Essential Public Employees\""},{\""type\"":\""MAIN_TITLE\"",\""text\"":\""Reconcilable differences: new directions in Canadian labour law\""},{\""type\"":\""DOCTRINE_AUTHOR\"",\""text\"":\""Paul Weiler\""},{\""type\"":\""DOCTRINE_AUTHOR\"",\""text\"":\""Weiler, Paul\""}]"",
    ""jurisdictionId"": ""unspecified"",
    ""citedCount"": 2
  }
]"
https://synthetic.leread.ca/silver/G0839,"[
  {
    ""id"": ""silver-G0839"",
    ""docType"": ""DECISION"",
    ""path"": ""/synthetic/silver/G0839"",
    ""docTitle"": ""Reference Re: Public Service Employee Relations Act (Alberta)"",
    ""autoCompletions"": ""[{\""type\"":\""MAIN_TITLE\"",\""text\"":\""Reference Re: Public Service Employee Relations Act (Alberta)\""},{\""type\"":\""DECISION_ALTERNATE_TITLE\"",\""text\"":\""Alberta Labour Reference\""},{\""type\"":\""DECISION_ALTERNATE_TITLE\"",\""text\"":\""Alberta Reference\""}]"",
    ""jurisdictionId"": ""unspecified"",
    ""citedCount"": 23
  }
]"
https://synthetic.leread.ca/silver/G0840,"[
  {
    ""id"": ""silver-G0840"",
    ""docType"": ""DECISION"",
    ""path"": ""/synthetic/silver/G0840"",
    ""docTitle"": ""Reference re Marriage, Civil Union and Religious Marriage in Canada"",
    ""autoCompletions"": ""[{\""type\"":\""MAIN_TITLE\"",\""text\"":\""Reference re Marriage, Civil Union and Religious Marriage in Canada\""},{\""type\"":\""DECISION_ALTERNATE_TITLE\"",\""text\"":\""Reference Re: Marriage Act\""},{\""type\"":\""DECISION_ALTERNATE_TITLE\"",\""text\"":\""Reference Re Marriage Commissioners\""}]"",
    ""jurisdictionId"": ""unspecified"",
    ""citedCount"": 3
  }
]"
https://synthetic.leread.ca/silver/G0841,"[
  {
    ""id"": ""silver-G0841"",
    ""docType"": ""DECISION"",
    ""path"": ""/synthetic/silver/G0841"",
    ""docTitle"": ""Regina Police Association v. Regina Board of Police Commissioners"",
    ""autoCompletions"": ""[{\""type\"":\""MAIN_TITLE\"",\""text\"":\""Regina Police Association v. Regina Board of Police Commissioners\""},{\""type\"":\""DECISION_OTHER_REFERENCES\"",\""text\"":\""23 C.L.R.B.R. (2d) 200\""}]"",
    ""jurisdictionId"": ""unspecified"",
    ""citedCount"": 1
  }
]"
https://synthetic.leread.ca/silver/G0843,"[
  {
    ""id"": ""silver-G0843"",
    ""docType"": ""LEGISLATION"",
    ""path"": ""/synthetic/silver/G0843"",
    ""docTitle"": ""Regional Health Services Act"",
    ""autoCompletions"": ""[{\""type\"":\""MAIN_TITLE\"",\""text\"":\""Regional Health Services Act\""},{\""type\"":\""LEGISLATION_ALTERNATE_TITLE\"",\""text\"":\""The Regional Health Services Act\""}]"",
    ""jurisdictionId"": ""unspecified"",
    ""citedCount"": 2
  }
]"
https://synthetic.leread.ca/silver/G0844,"[
  {
    ""id"": ""silver-G0844"",
    ""docType"": ""LEGISLATION"",
    ""path"": ""/synthetic/silver/G0844"",
    ""docTitle"": ""S.S. 1944 (2nd Session) c. 69"",
    ""autoCompletions"": ""[{\""type\"":\""MAIN_TITLE\"",\""text\"":\""S.S. 1944 (2nd Session) c. 69\""},{\""type\"":\""LEGISLATION_REFERENCE\"",\""text\"":\""S.S. 1944 (2<sup>nd</sup> Session) c. 69\""}]"",
    ""jurisdictionId"": ""unspecified"",
    ""citedCount"": 1
  }
]"
https://synthetic.leread.ca/silver/G0845,"[
  {
    ""id"": ""silver-G0845"",
    ""docType"": ""DECISION"",
    ""path"": ""/synthetic/silver/G0845"",
    ""docTitle"": ""SEIU Local 204 v. Broadway Manor Nursing Home"",
    ""autoCompletions"": ""[{\""type\"":\""MAIN_TITLE\"",\""text\"":\""SEIU Local 204 v. Broadway Manor Nursing Home\""},{\""type\"":\""DECISION_OTHER_REFERENCES\"",\""text\"":\""(1983), 4 D.L.R. (4th) 231\""}]"",
    ""jurisdictionId"": ""unspecified"",
    ""citedCount"": 1
  }
]"
https://synthetic.leread.ca/silver/G0846,"[
  {
    ""id"": ""silver-G0846"",
    ""docType"": ""DECISION"",
    ""path"": ""/synthetic/silver/G0846"",
    ""docTitle"": ""Saskatchewan Federation of Labour v. Saskatchewan"",
    ""autoCompletions"": ""[{\""type\"":\""MAIN_TITLE\"",\""text\"":\""Saskatchewan Federation of Labour v. Saskatchewan\""},{\""type\"":\""DECISION_ALTERNATE_TITLE\"",\""text\"":\""Saskatchewan Federation of Labour v. Saskatchewan (Attorney General), Department of Advanced Education, Employment and Labour\""},{\""type\"":\""DECISION_OTHER_REFERENCES\"",\""text\"":\""2001 SCC 70\""},{\""type\"":\""DECISION_OTHER_REFERENCES\"",\""text\"":\""2001 SCC 94\""},{\""type\"":\""DECISION_OTHER_REFERENCES\"",\""text\"":\""2003 SCC 62\""},{\""type\"":\""DECISION_OTHER_REFERENCES\"",\""text\"":\""2010 SKCA 27\""},{\""type\"":\""DECISION_OTHER_REFERENCES\"",\""text\"":\""2010 SKQB 286\""},{\""type\"":\""DECISION_OTHER_REFERENCES\"",\""text\"":\""2011 SCC 20\""},{\""type\"":\""DECISION_OTHER_REFERENCES\"",\""text\"":\""2011 SKCA 3\""},{\""type\"":\""DECISION_OTHER_REFERENCES\"",\""text\"":\""327 D.L.R. (4<sup>th</sup>) 669\""},{\""type\"":\""DECISION_OTHER_REFERENCES\"",\""text\"":\""346 Sask. R. 252\""},{\""type\"":\""DECISION_OTHER_REFERENCES\"",\""text\"":\""365 Sask. R. 296\""},{\""type\"":\""DECISION_OTHER_REFERENCES\"",\""text\"":\""366 Sask. R. 48\""},{\""type\"":\""DECISION_OTHER_REFERENCES\"",\""text\"":\""38 D.L.R. (4<sup>th</sup>) 249\""},{\""type\"":\""DECISION_OTHER_REFERENCES\"",\""text\"":\""38 D.L.R. (4<sup>th</sup>) 277\""},{\""type\"":\""DECISION_OTHER_REFERENCES\"",\""text\"":\""38 D.L.R. (4<sup>th</sup>) 161\""},{\""type\"":\""DECISION_OTHER_REFERENCES\"",\""text\"":\""39 Sask. R. 193\""},{\""type\"":\""DECISION_OTHER_REFERENCES\"",\""text\"":\""81 D.L.R. (4<sup>th</sup>) 545\""},{\""type\"":\""DECISION_OTHER_REFERENCES\"",\""text\"":\""[1985] 5 W.W.R. 97\""},{\""type\"":\""DECISION_OTHER_REFERENCES\"",\""text\"":\""[1987] 1 S.C.R. 313\""},{\""type\"":\""DECISION_OTHER_REFERENCES\"",\""text\"":\""[1987] 1 S.C.R. 424\""},{\""type\"":\""DECISION_OTHER_REFERENCES\"",\""text\"":\""[1987] 1 S.C.R. 460\""},{\""type\"":\""DECISION_OTHER_REFERENCES\"",\""text\"":\""[1991] 2 S.C.R. 211\""},{\""type\"":\""DECISION_OTHER_REFERENCES\"",\""text\"":\""[2001] 3 S.C.R. 1016\""},{\""type\"":\""DECISION_OTHER_REFERENCES\"",\""text\"":\""[2001] 3 S.C.R. 209\""},{\""type\"":\""DECISION_OTHER_REFERENCES\"",\""text\"":\""[2003] 3 S.C.R. 3\""},{\""type\"":\""DECISION_OTHER_REFERENCES\"",\""text\"":\""[2011] 2 S.C.R. 3\""}]"",
    ""jurisdictionId"": ""unspecified"",
    ""citedCount"": 13
  }
]"
https://synthetic.leread.ca/silver/G0847,"[
  {
    ""id"": ""silver-G0847"",
    ""docType"": ""DECISION"",
    ""path"": ""/synthetic/silver/G0847"",
    ""docTitle"": ""Saskatchewan Health-Care Association et al. v. Saskatchewan Union of Nurses et al."",
    ""autoCompletions"": ""[{\""type\"":\""MAIN_TITLE\"",\""text\"":\""Saskatchewan Health-Care Association et al. v. Saskatchewan Union of Nurses et al.\""},{\""type\"":\""DECISION_ALTERNATE_TITLE\"",\""text\"":\""Saskatchewan Health-Care Association et al. v. Saskatchewan Union of Nurses, et al.\""},{\""type\"":\""DECISION_OTHER_REFERENCES\"",\""text\"":\""176 Sask. R. 179\""},{\""type\"":\""DECISION_OTHER_REFERENCES\"",\""text\"":\""177 D.L.R. (4<sup>th</sup>) 235\""},{\""type\"":\""DECISION_OTHER_REFERENCES\"",\""text\"":\""182 Sask. R. 248\""}]"",
    ""jurisdictionId"": ""unspecified"",
    ""citedCount"": 2
  }
]"
https://synthetic.leread.ca/silver/G0848,"[
  {
    ""id"": ""silver-G0848"",
    ""docType"": ""DOCTRINE"",
    ""path"": ""/synthetic/silver/G0848"",
    ""docTitle"": ""Saskatchewan Legislative Assembly Debates and Proceedings"",
    ""autoCompletions"": ""[{\""type\"":\""MAIN_TITLE\"",\""text\"":\""Saskatchewan Legislative Assembly Debates and Proceedings\""},{\""type\"":\""MAIN_TITLE\"",\""text\"":\""Debates and Proceedings\""},{\""type\"":\""DOCTRINE_AUTHOR\"",\""text\"":\""Saskatchewan, Legislative Assembly\""}]"",
    ""jurisdictionId"": ""unspecified"",
    ""citedCount"": 1
  }
]"
https://synthetic.leread.ca/silver/G0849,"[
  {
    ""id"": ""silver-G0849"",
    ""docType"": ""DECISION"",
    ""path"": ""/synthetic/silver/G0849"",
    ""docTitle"": ""Saskatchewan v. R.W.D.S.U., Locals 544, 496, 635 and 955"",
    ""autoCompletions"": ""[{\""type\"":\""MAIN_TITLE\"",\""text\"":\""Saskatchewan v. R.W.D.S.U., Locals 544, 496, 635 and 955\""},{\""type\"":\""DECISION_ALTERNATE_TITLE\"",\""text\"":\""Dairy Workers\""}]"",
    ""jurisdictionId"": ""unspecified"",
    ""citedCount"": 7
  }
]"
https://synthetic.leread.ca/silver/G0850,"[
  {
    ""id"": ""silver-G0850"",
    ""docType"": ""DOCTRINE"",
    ""path"": ""/synthetic/silver/G0850"",
    ""docTitle"": ""Strikes in Essential Services"",
    ""autoCompletions"": ""[{\""type\"":\""MAIN_TITLE\"",\""text\"":\""Strikes in Essential Services\""},{\""type\"":\""DOCTRINE_AUTHOR\"",\""text\"":\""Adell, Grant and Ponak\""}]"",
    ""jurisdictionId"": ""unspecified"",
    ""citedCount"": 1
  }
]"
https://synthetic.leread.ca/silver/G0851,"[
  {
    ""id"": ""silver-G0851"",
    ""docType"": ""LEGISLATION"",
    ""path"": ""/synthetic/silver/G0851"",
    ""docTitle"": ""The Cancer Agency Act"",
    ""autoCompletions"": ""[{\""type\"":\""MAIN_TITLE\"",\""text\"":\""The Cancer Agency Act\""}]"",
    ""jurisdictionId"": ""unspecified"",
    ""citedCount"": 1
  }
]"
https://synthetic.leread.ca/silver/G0852,"[
  {
    ""id"": ""silver-G0852"",
    ""docType"": ""DOCTRINE"",
    ""path"": ""/synthetic/silver/G0852"",
    ""docTitle"": ""The Charter Revolution and the Court Party"",
    ""autoCompletions"": ""[{\""type\"":\""MAIN_TITLE\"",\""text\"":\""The Charter Revolution and the Court Party\""},{\""type\"":\""MAIN_TITLE\"",\""text\"":\""The Charter Revolution and the Court party\""},{\""type\"":\""DOCTRINE_AUTHOR\"",\""text\"":\""F.L. Morton and R. Knopff\""}]"",
    ""jurisdictionId"": ""unspecified"",
    ""citedCount"": 1
  }
]"
https://synthetic.leread.ca/silver/G0853,"[
  {
    ""id"": ""silver-G0853"",
    ""docType"": ""LEGISLATION"",
    ""path"": ""/synthetic/silver/G0853"",
    ""docTitle"": ""The Crown Corporations Act, 1993"",
    ""autoCompletions"": ""[{\""type\"":\""MAIN_TITLE\"",\""text\"":\""The Crown Corporations Act, 1993\""}]"",
    ""jurisdictionId"": ""unspecified"",
    ""citedCount"": 1
  }
]"
https://synthetic.leread.ca/silver/G0854,"[
  {
    ""id"": ""silver-G0854"",
    ""docType"": ""LEGISLATION"",
    ""path"": ""/synthetic/silver/G0854"",
    ""docTitle"": ""The Essential Services (Health Care) Act"",
    ""autoCompletions"": ""[{\""type\"":\""MAIN_TITLE\"",\""text\"":\""The Essential Services (Health Care) Act\""},{\""type\"":\""LEGISLATION_ALTERNATE_TITLE\"",\""text\"":\""Essential Services (Health Care) Act\""}]"",
    ""jurisdictionId"": ""unspecified"",
    ""citedCount"": 2
  }
]"
https://synthetic.leread.ca/silver/G0855,"[
  {
    ""id"": ""silver-G0855"",
    ""docType"": ""LEGISLATION"",
    ""path"": ""/synthetic/silver/G0855"",
    ""docTitle"": ""The Essential Services Emergency Act, 1966"",
    ""autoCompletions"": ""[{\""type\"":\""MAIN_TITLE\"",\""text\"":\""The Essential Services Emergency Act, 1966\""}]"",
    ""jurisdictionId"": ""unspecified"",
    ""citedCount"": 1
  }
]"
https://synthetic.leread.ca/silver/G0856,"[
  {
    ""id"": ""silver-G0856"",
    ""docType"": ""DOCTRINE"",
    ""path"": ""/synthetic/silver/G0856"",
    ""docTitle"": ""The Freedom of Association Mess: How We Got Into It and How We Can Get Out of It"",
    ""autoCompletions"": ""[{\""type\"":\""MAIN_TITLE\"",\""text\"":\""The Freedom of Association Mess: How We Got Into It and How We Can Get Out of It\""},{\""type\"":\""DOCTRINE_AUTHOR\"",\""text\"":\""Brian A Langille\""}]"",
    ""jurisdictionId"": ""unspecified"",
    ""citedCount"": 1
  }
]"
https://synthetic.leread.ca/silver/G0857,"[
  {
    ""id"": ""silver-G0857"",
    ""docType"": ""DOCTRINE"",
    ""path"": ""/synthetic/silver/G0857"",
    ""docTitle"": ""The Freedom to Strike in Canada: A Brief Legal History"",
    ""autoCompletions"": ""[{\""type\"":\""MAIN_TITLE\"",\""text\"":\""The Freedom to Strike in Canada: A Brief Legal History\""},{\""type\"":\""DOCTRINE_AUTHOR\"",\""text\"":\""J. Fudge and E. Tucker\""}]"",
    ""jurisdictionId"": ""unspecified"",
    ""citedCount"": 1
  }
]"
https://synthetic.leread.ca/silver/G0858,"[
  {
    ""id"": ""silver-G0858"",
    ""docType"": ""LEGISLATION"",
    ""path"": ""/synthetic/silver/G0858"",
    ""docTitle"": ""The Labour Management Dispute (Temporary Provisions) Act"",
    ""autoCompletions"": ""[{\""type\"":\""MAIN_TITLE\"",\""text\"":\""The Labour Management Dispute (Temporary Provisions) Act\""},{\""type\"":\""LEGISLATION_REFERENCE\"",\""text\"":\""S.S. 1981-82, c.L-0.1\""}]"",
    ""jurisdictionId"": ""unspecified"",
    ""citedCount"": 1
  }
]"
https://synthetic.leread.ca/silver/G0860,"[
  {
    ""id"": ""silver-G0860"",
    ""docType"": ""LEGISLATION"",
    ""path"": ""/synthetic/silver/G0860"",
    ""docTitle"": ""The Police Act, 1990"",
    ""autoCompletions"": ""[{\""type\"":\""MAIN_TITLE\"",\""text\"":\""The Police Act, 1990\""},{\""type\"":\""LEGISLATION_ALTERNATE_TITLE\"",\""text\"":\""The Police Act 1990\""}]"",
    ""jurisdictionId"": ""unspecified"",
    ""citedCount"": 2
  }
]"
https://synthetic.leread.ca/silver/G0861,"[
  {
    ""id"": ""silver-G0861"",
    ""docType"": ""DOCTRINE"",
    ""path"": ""/synthetic/silver/G0861"",
    ""docTitle"": ""The Politics of the Charter"",
    ""autoCompletions"": ""[{\""type\"":\""MAIN_TITLE\"",\""text\"":\""The Politics of the Charter\""},{\""type\"":\""DOCTRINE_AUTHOR\"",\""text\"":\""A. Petter\""}]"",
    ""jurisdictionId"": ""unspecified"",
    ""citedCount"": 1
  }
]"
https://synthetic.leread.ca/silver/G0862,"[
  {
    ""id"": ""silver-G0862"",
    ""docType"": ""LEGISLATION"",
    ""path"": ""/synthetic/silver/G0862"",
    ""docTitle"": ""The Public Service Essential Services Act"",
    ""autoCompletions"": ""[{\""type\"":\""MAIN_TITLE\"",\""text\"":\""The Public Service Essential Services Act\""},{\""type\"":\""LEGISLATION_REFERENCE\"",\""text\"":\""S.S. 1990-91, c. P-15.01\""},{\""type\"":\""LEGISLATION_ALTERNATE_REFERENCE\"",\""text\"":\""S.S. 2005, c.M-36.1\""}]"",
    ""jurisdictionId"": ""unspecified"",
    ""citedCount"": 2
  }
]"
https://synthetic.leread.ca/silver/G0863,"[
  {
    ""id"": ""silver-G0863"",
    ""docType"": ""LEGISLATION"",
    ""path"": ""/synthetic/silver/G0863"",
    ""docTitle"": ""The Resumption of Services (Nurses-SUN) Act"",
    ""autoCompletions"": ""[{\""type\"":\""MAIN_TITLE\"",\""text\"":\""The Resumption of Services (Nurses-SUN) Act\""},{\""type\"":\""LEGISLATION_ALTERNATE_TITLE\"",\""text\"":\""The Act\""}]"",
    ""jurisdictionId"": ""unspecified"",
    ""citedCount"": 3
  }
]"
https://synthetic.leread.ca/silver/G0864,"[
  {
    ""id"": ""silver-G0864"",
    ""docType"": ""DOCTRINE"",
    ""path"": ""/synthetic/silver/G0864"",
    ""docTitle"": ""The Right to Strike and Public Sector Essential Services"",
    ""autoCompletions"": ""[{\""type\"":\""MAIN_TITLE\"",\""text\"":\""The Right to Strike and Public Sector Essential Services\""}]"",
    ""jurisdictionId"": ""unspecified"",
    ""citedCount"": 1
  }
]"
https://synthetic.leread.ca/silver/G0865,"[
  {
    ""id"": ""silver-G0865"",
    ""docType"": ""DOCTRINE"",
    ""path"": ""/synthetic/silver/G0865"",
    ""docTitle"": ""The Right to Strike and the Provision of Emergency Services in Canadian Health Care"",
    ""autoCompletions"": ""[{\""type\"":\""MAIN_TITLE\"",\""text\"":\""The Right to Strike and the Provision of Emergency Services in Canadian Health Care\""},{\""type\"":\""DOCTRINE_AUTHOR\"",\""text\"":\""Haiven, Larry and Haiven, Judy\""}]"",
    ""jurisdictionId"": ""unspecified"",
    ""citedCount"": 1
  }
]"
https://synthetic.leread.ca/silver/G0866,"[
  {
    ""id"": ""silver-G0866"",
    ""docType"": ""LEGISLATION"",
    ""path"": ""/synthetic/silver/G0866"",
    ""docTitle"": ""The SGEU Dispute Settlement Act"",
    ""autoCompletions"": ""[{\""type\"":\""MAIN_TITLE\"",\""text\"":\""The SGEU Dispute Settlement Act\""},{\""type\"":\""LEGISLATION_REFERENCE\"",\""text\"":\""S.S. 1984-85-86, c. 111\""}]"",
    ""jurisdictionId"": ""unspecified"",
    ""citedCount"": 1
  }
]"
https://synthetic.leread.ca/silver/G0867,"[
  {
    ""id"": ""silver-G0867"",
    ""docType"": ""DOCTRINE"",
    ""path"": ""/synthetic/silver/G0867"",
    ""docTitle"": ""The Supreme Court on Trial: Judicial Activism or Democratic Dialogue"",
    ""autoCompletions"": ""[{\""type\"":\""MAIN_TITLE\"",\""text\"":\""The Supreme Court on Trial: Judicial Activism or Democratic Dialogue\""},{\""type\"":\""DOCTRINE_AUTHOR\"",\""text\"":\""K. Roach\""}]"",
    ""jurisdictionId"": ""unspecified"",
    ""citedCount"": 1
  }
]"
https://synthetic.leread.ca/silver/G0868,"[
  {
    ""id"": ""silver-G0868"",
    ""docType"": ""DOCTRINE"",
    ""path"": ""/synthetic/silver/G0868"",
    ""docTitle"": ""The Supreme Court, Collective Bargaining and International Law: A Reply to Brian Langille"",
    ""autoCompletions"": ""[{\""type\"":\""MAIN_TITLE\"",\""text\"":\""The Supreme Court, Collective Bargaining and International Law: A Reply to Brian Langille\""},{\""type\"":\""DOCTRINE_AUTHOR\"",\""text\"":\""Adams, Roy J.\""}]"",
    ""jurisdictionId"": ""unspecified"",
    ""citedCount"": 1
  }
]"
https://synthetic.leread.ca/silver/G0869,"[
  {
    ""id"": ""silver-G0869"",
    ""docType"": ""LEGISLATION"",
    ""path"": ""/synthetic/silver/G0869"",
    ""docTitle"": ""The Trade Union Amendment Act S.S. 1983 c. 81"",
    ""autoCompletions"": ""[{\""type\"":\""MAIN_TITLE\"",\""text\"":\""The Trade Union Amendment Act S.S. 1983 c. 81\""},{\""type\"":\""LEGISLATION_ALTERNATE_TITLE\"",\""text\"":\""The Trade Union Amendment Act\""},{\""type\"":\""LEGISLATION_REFERENCE\"",\""text\"":\""S.S. 1983 c. 81\""}]"",
    ""jurisdictionId"": ""unspecified"",
    ""citedCount"": 1
  }
]"
https://synthetic.leread.ca/silver/G0870,"[
  {
    ""id"": ""silver-G0870"",
    ""docType"": ""LEGISLATION"",
    ""path"": ""/synthetic/silver/G0870"",
    ""docTitle"": ""The Trade Union Amendment Act S.S. 1994 c. 47"",
    ""autoCompletions"": ""[{\""type\"":\""MAIN_TITLE\"",\""text\"":\""The Trade Union Amendment Act S.S. 1994 c. 47\""},{\""type\"":\""LEGISLATION_ALTERNATE_TITLE\"",\""text\"":\""The Trade Union Amendment Act\""},{\""type\"":\""LEGISLATION_REFERENCE\"",\""text\"":\""S.S. 1994 c. 47\""}]"",
    ""jurisdictionId"": ""unspecified"",
    ""citedCount"": 1
  }
]"
https://synthetic.leread.ca/silver/G0871,"[
  {
    ""id"": ""silver-G0871"",
    ""docType"": ""DECISION"",
    ""path"": ""/synthetic/silver/G0871"",
    ""docTitle"": ""Thompson Newspapers Co. et al. v. Canada (Attorney General)"",
    ""autoCompletions"": ""[{\""type\"":\""MAIN_TITLE\"",\""text\"":\""Thompson Newspapers Co. et al. v. Canada (Attorney General)\""},{\""type\"":\""DECISION_OTHER_REFERENCES\"",\""text\"":\""109 O.A.C. 201\""},{\""type\"":\""DECISION_OTHER_REFERENCES\"",\""text\"":\""226 N.R. 1\""},{\""type\"":\""DECISION_OTHER_REFERENCES\"",\""text\"":\""[1998] 1 S.C.R. 877\""}]"",
    ""jurisdictionId"": ""unspecified"",
    ""citedCount"": 1
  }
]"
https://synthetic.leread.ca/silver/G0872,"[
  {
    ""id"": ""silver-G0872"",
    ""docType"": ""LEGISLATION"",
    ""path"": ""/synthetic/silver/G0872"",
    ""docTitle"": ""Trade Union Act Amendment S.N.S. 2006 c.48"",
    ""autoCompletions"": ""[{\""type\"":\""MAIN_TITLE\"",\""text\"":\""Trade Union Act Amendment S.N.S. 2006 c.48\""},{\""type\"":\""LEGISLATION_ALTERNATE_TITLE\"",\""text\"":\""Trade Union Act\""},{\""type\"":\""LEGISLATION_REFERENCE\"",\""text\"":\""S.N.S. 2006 c.48\""}]"",
    ""jurisdictionId"": ""unspecified"",
    ""citedCount"": 1
  }
]"
https://synthetic.leread.ca/silver/G0873,"[
  {
    ""id"": ""silver-G0873"",
    ""docType"": ""LEGISLATION"",
    ""path"": ""/synthetic/silver/G0873"",
    ""docTitle"": ""Trade Union Amendment Act 2004"",
    ""autoCompletions"": ""[{\""type\"":\""MAIN_TITLE\"",\""text\"":\""Trade Union Amendment Act 2004\""},{\""type\"":\""LEGISLATION_ALTERNATE_TITLE\"",\""text\"":\""Trade Union Act\""},{\""type\"":\""LEGISLATION_REFERENCE\"",\""text\"":\""S.N.S. 2004 c.47\""}]"",
    ""jurisdictionId"": ""unspecified"",
    ""citedCount"": 1
  }
]"
https://synthetic.leread.ca/silver/G0874,"[
  {
    ""id"": ""silver-G0874"",
    ""docType"": ""LEGISLATION"",
    ""path"": ""/synthetic/silver/G0874"",
    ""docTitle"": ""Trade Union Amendment Act 2008"",
    ""autoCompletions"": ""[{\""type\"":\""MAIN_TITLE\"",\""text\"":\""Trade Union Amendment Act 2008\""},{\""type\"":\""LEGISLATION_ALTERNATE_TITLE\"",\""text\"":\""TUA Act\""},{\""type\"":\""LEGISLATION_ALTERNATE_TITLE\"",\""text\"":\""The Trade Union Amendment Act, 2007\""},{\""type\"":\""LEGISLATION_ALTERNATE_TITLE\"",\""text\"":\""The Trade Union Amendment Act, 2008\""},{\""type\"":\""LEGISLATION_ALTERNATE_TITLE\"",\""text\"":\""The Trade Union Amendment Act 2008\""},{\""type\"":\""LEGISLATION_ALTERNATE_TITLE\"",\""text\"":\""Trade Union Amendment Act\""},{\""type\"":\""LEGISLATION_REFERENCE\"",\""text\"":\""Bill 6\""},{\""type\"":\""LEGISLATION_ALTERNATE_REFERENCE\"",\""text\"":\""S.S. 2008, c. 26\""},{\""type\"":\""LEGISLATION_ALTERNATE_REFERENCE\"",\""text\"":\""c. 27\""}]"",
    ""jurisdictionId"": ""unspecified"",
    ""citedCount"": 44
  }
]"
https://synthetic.leread.ca/silver/G0875,"[
  {
    ""id"": ""silver-G0875"",
    ""docType"": ""DECISION"",
    ""path"": ""/synthetic/silver/G0875"",
    ""docTitle"": ""UNKNOWN"",
    ""autoCompletions"": ""[{\""type\"":\""MAIN_TITLE\"",\""text\"":\""UNKNOWN\""},{\""type\"":\""DECISION_OTHER_REFERENCES\"",\""text\"":\""C.C.S.M. c. E-145\""},{\""type\"":\""DECISION_OTHER_REFERENCES\"",\""text\"":\""C.C.S.M., c. C-80\""},{\""type\"":\""DECISION_OTHER_REFERENCES\"",\""text\"":\""C.C.S.M., c. E-145\""},{\""type\"":\""DECISION_OTHER_REFERENCES\"",\""text\"":\""C.C.S.M., c.E-146\""},{\""type\"":\""DECISION_OTHER_REFERENCES\"",\""text\"":\""R.R.S. 1999, c. R-22.001 Reg. 1\""},{\""type\"":\""DECISION_OTHER_REFERENCES\"",\""text\"":\""S.S. 1999, c. R-22.001\""}]"",
    ""jurisdictionId"": ""unspecified"",
    ""citedCount"": 9
  }
]"
https://synthetic.leread.ca/silver/G0876,"[
  {
    ""id"": ""silver-G0876"",
    ""docType"": ""DECISION"",
    ""path"": ""/synthetic/silver/G0876"",
    ""docTitle"": ""United Federation of Postal Clerks v. Blount"",
    ""autoCompletions"": ""[{\""type\"":\""MAIN_TITLE\"",\""text\"":\""United Federation of Postal Clerks v. Blount\""},{\""type\"":\""DECISION_OTHER_REFERENCES\"",\""text\"":\""(1971), 325 F. Supp. 879\""},{\""type\"":\""DECISION_OTHER_REFERENCES\"",\""text\"":\""925 Ct. 80\""}]"",
    ""jurisdictionId"": ""unspecified"",
    ""citedCount"": 1
  }
]"
https://synthetic.leread.ca/silver/G0877,"[
  {
    ""id"": ""silver-G0877"",
    ""docType"": ""LEGISLATION"",
    ""path"": ""/synthetic/silver/G0877"",
    ""docTitle"": ""Universal Declaration of Human Rights"",
    ""autoCompletions"": ""[{\""type\"":\""MAIN_TITLE\"",\""text\"":\""Universal Declaration of Human Rights\""},{\""type\"":\""LEGISLATION_ALTERNATE_TITLE\"",\""text\"":\""Universal Declaration\""},{\""type\"":\""LEGISLATION_ALTERNATE_TITLE\"",\""text\"":\""Universal Declaration of Human Rights of 1948\""}]"",
    ""jurisdictionId"": ""unspecified"",
    ""citedCount"": 6
  }
]"
https://synthetic.leread.ca/silver/G0878,"[
  {
    ""id"": ""silver-G0878"",
    ""docType"": ""DOCTRINE"",
    ""path"": ""/synthetic/silver/G0878"",
    ""docTitle"": ""Using International Law in Canadian Courts"",
    ""autoCompletions"": ""[{\""type\"":\""MAIN_TITLE\"",\""text\"":\""Using International Law in Canadian Courts\""},{\""type\"":\""DOCTRINE_AUTHOR\"",\""text\"":\""Van Ert, Gib\""}]"",
    ""jurisdictionId"": ""unspecified"",
    ""citedCount"": 2
  }
]"
https://synthetic.leread.ca/silver/G0879,"[
  {
    ""id"": ""silver-G0879"",
    ""docType"": ""DECISION"",
    ""path"": ""/synthetic/silver/G0879"",
    ""docTitle"": ""Vriend v. Alberta"",
    ""autoCompletions"": ""[{\""type\"":\""MAIN_TITLE\"",\""text\"":\""Vriend v. Alberta\""},{\""type\"":\""DECISION_ALTERNATE_TITLE\"",\""text\"":\""Vriend\""}]"",
    ""jurisdictionId"": ""unspecified"",
    ""citedCount"": 1
  }
]"
https://synthetic.leread.ca/silver/G0880,"[
  {
    ""id"": ""silver-G0880"",
    ""docType"": ""DOCTRINE"",
    ""path"": ""/synthetic/silver/G0880"",
    ""docTitle"": ""Woods Task Force Report"",
    ""autoCompletions"": ""[{\""type\"":\""MAIN_TITLE\"",\""text\"":\""Woods Task Force Report\""},{\""type\"":\""MAIN_TITLE\"",\""text\"":\""Report\""}]"",
    ""jurisdictionId"": ""unspecified"",
    ""citedCount"": 3
  }
]"
https://synthetic.leread.ca/silver/G0881,"[
  {
    ""id"": ""silver-G0881"",
    ""docType"": ""DECISION"",
    ""path"": ""/synthetic/silver/G0881"",
    ""docTitle"": ""labour trilogy"",
    ""autoCompletions"": ""[{\""type\"":\""MAIN_TITLE\"",\""text\"":\""labour trilogy\""}]"",
    ""jurisdictionId"": ""unspecified"",
    ""citedCount"": 3
  }
]"
https://synthetic.leread.ca/silver/G0882,"[
  {
    ""id"": ""silver-G0882"",
    ""docType"": ""LEGISLATION"",
    ""path"": ""/synthetic/silver/G0882"",
    ""docTitle"": ""653 patent"",
    ""autoCompletions"": ""[{\""type\"":\""MAIN_TITLE\"",\""text\"":\""653 patent\""},{\""type\"":\""LEGISLATION_ALTERNATE_TITLE\"",\""text\"":\""653 Patent\""},{\""type\"":\""LEGISLATION_ALTERNATE_TITLE\"",\""text\"":\""patent\""},{\""type\"":\""LEGISLATION_ALTERNATE_TITLE\"",\""text\"":\""‘653 patent\""},{\""type\"":\""LEGISLATION_ALTERNATE_TITLE\"",\""text\"":\""‘653 Patent\""},{\""type\"":\""LEGISLATION_ALTERNATE_TITLE\"",\""text\"":\""‘653 patent’s\""}]"",
    ""jurisdictionId"": ""unspecified"",
    ""citedCount"": 36
  }
]"
https://synthetic.leread.ca/silver/G0883,"[
  {
    ""id"": ""silver-G0883"",
    ""docType"": ""DOCTRINE"",
    ""path"": ""/synthetic/silver/G0883"",
    ""docTitle"": ""A Multicenter, Randomized, Double-Blind, 8-Week Comparative Trial of Low-Dose Esomeprazole (20mg) and Standard-Dose Omeprazole (20mg) in Patients with Erosive Esophagitis"",
    ""autoCompletions"": ""[{\""type\"":\""MAIN_TITLE\"",\""text\"":\""A Multicenter, Randomized, Double-Blind, 8-Week Comparative Trial of Low-Dose Esomeprazole (20mg) and Standard-Dose Omeprazole (20mg) in Patients with Erosive Esophagitis\""},{\""type\"":\""DOCTRINE_AUTHOR\"",\""text\"":\""Lightdale et al\""}]"",
    ""jurisdictionId"": ""unspecified"",
    ""citedCount"": 1
  }
]"
https://synthetic.leread.ca/silver/G0884,"[
  {
    ""id"": ""silver-G0884"",
    ""docType"": ""DECISION"",
    ""path"": ""/synthetic/silver/G0884"",
    ""docTitle"": ""Abbvie Corp v Janssen Inc"",
    ""autoCompletions"": ""[{\""type\"":\""MAIN_TITLE\"",\""text\"":\""Abbvie Corp v Janssen Inc\""},{\""type\"":\""DECISION_OTHER_REFERENCES\"",\""text\"":\""2014 FC 55\""}]"",
    ""jurisdictionId"": ""unspecified"",
    ""citedCount"": 1
  }
]"
https://synthetic.leread.ca/silver/G0885,"[
  {
    ""id"": ""silver-G0885"",
    ""docType"": ""DOCTRINE"",
    ""path"": ""/synthetic/silver/G0885"",
    ""docTitle"": ""American Journal of Gastroenterology"",
    ""autoCompletions"": ""[{\""type\"":\""MAIN_TITLE\"",\""text\"":\""American Journal of Gastroenterology\""}]"",
    ""jurisdictionId"": ""unspecified"",
    ""citedCount"": 1
  }
]"
https://synthetic.leread.ca/silver/G0886,"[
  {
    ""id"": ""silver-G0886"",
    ""docType"": ""DOCTRINE"",
    ""path"": ""/synthetic/silver/G0886"",
    ""docTitle"": ""Annals of Internal Medicine"",
    ""autoCompletions"": ""[{\""type\"":\""MAIN_TITLE\"",\""text\"":\""Annals of Internal Medicine\""}]"",
    ""jurisdictionId"": ""unspecified"",
    ""citedCount"": 1
  }
]"
https://synthetic.leread.ca/silver/G0887,"[
  {
    ""id"": ""silver-G0887"",
    ""docType"": ""DECISION"",
    ""path"": ""/synthetic/silver/G0887"",
    ""docTitle"": ""Apotex Inc v Bayer AG"",
    ""autoCompletions"": ""[{\""type\"":\""MAIN_TITLE\"",\""text\"":\""Apotex Inc v Bayer AG\""},{\""type\"":\""DECISION_OTHER_REFERENCES\"",\""text\"":\""2007 FCA 243\""}]"",
    ""jurisdictionId"": ""unspecified"",
    ""citedCount"": 1
  }
]"
https://synthetic.leread.ca/silver/G0888,"[
  {
    ""id"": ""silver-G0888"",
    ""docType"": ""DECISION"",
    ""path"": ""/synthetic/silver/G0888"",
    ""docTitle"": ""Apotex Inc v Pfizer Canada Inc"",
    ""autoCompletions"": ""[{\""type\"":\""MAIN_TITLE\"",\""text\"":\""Apotex Inc v Pfizer Canada Inc\""},{\""type\"":\""DECISION_ALTERNATE_TITLE\"",\""text\"":\""Apotex Xalatan\""},{\""type\"":\""DECISION_OTHER_REFERENCES\"",\""text\"":\""2011 FCA 236\""}]"",
    ""jurisdictionId"": ""unspecified"",
    ""citedCount"": 3
  }
]"
https://synthetic.leread.ca/silver/G0889,"[
  {
    ""id"": ""silver-G0889"",
    ""docType"": ""DECISION"",
    ""path"": ""/synthetic/silver/G0889"",
    ""docTitle"": ""Apotex Inc v Pfizer Canada Inc (Zyprexa)"",
    ""autoCompletions"": ""[{\""type\"":\""MAIN_TITLE\"",\""text\"":\""Apotex Inc v Pfizer Canada Inc (Zyprexa)\""},{\""type\"":\""DECISION_ALTERNATE_TITLE\"",\""text\"":\""Novopharm Zyprexa\""}]"",
    ""jurisdictionId"": ""unspecified"",
    ""citedCount"": 6
  }
]"
https://synthetic.leread.ca/silver/G0890,"[
  {
    ""id"": ""silver-G0890"",
    ""docType"": ""DECISION"",
    ""path"": ""/synthetic/silver/G0890"",
    ""docTitle"": ""Apotex Inc v Pfizer Ireland Pharmaceuticals"",
    ""autoCompletions"": ""[{\""type\"":\""MAIN_TITLE\"",\""text\"":\""Apotex Inc v Pfizer Ireland Pharmaceuticals\""},{\""type\"":\""DECISION_ALTERNATE_TITLE\"",\""text\"":\""Apotex sildenafil\""},{\""type\"":\""DECISION_ALTERNATE_TITLE\"",\""text\"":\""Teva sildenafil\""},{\""type\"":\""DECISION_OTHER_REFERENCES\"",\""text\"":\""2011 FCA 77\""}]"",
    ""jurisdictionId"": ""unspecified"",
    ""citedCount"": 14
  }
]"
https://synthetic.leread.ca/silver/G0891,"[
  {
    ""id"": ""silver-G0891"",
    ""docType"": ""DECISION"",
    ""path"": ""/synthetic/silver/G0891"",
    ""docTitle"": ""Apotex Inc v Sanofi-Aventis"",
    ""autoCompletions"": ""[{\""type\"":\""MAIN_TITLE\"",\""text\"":\""Apotex Inc v Sanofi-Aventis\""},{\""type\"":\""DECISION_ALTERNATE_TITLE\"",\""text\"":\""Sanofi-Aventis Plavix\""},{\""type\"":\""DECISION_ALTERNATE_TITLE\"",\""text\"":\""Sanofi-Synthelabo Plavix\""},{\""type\"":\""DECISION_OTHER_REFERENCES\"",\""text\"":\""2013 FCA 186\""}]"",
    ""jurisdictionId"": ""unspecified"",
    ""citedCount"": 44
  }
]"
https://synthetic.leread.ca/silver/G0892,"[
  {
    ""id"": ""silver-G0892"",
    ""docType"": ""DECISION"",
    ""path"": ""/synthetic/silver/G0892"",
    ""docTitle"": ""Apotex Inc v Sanofi-Synthelabo Canada Inc"",
    ""autoCompletions"": ""[{\""type\"":\""MAIN_TITLE\"",\""text\"":\""Apotex Inc v Sanofi-Synthelabo Canada Inc\""},{\""type\"":\""DECISION_OTHER_REFERENCES\"",\""text\"":\""2008 SCC 61\""},{\""type\"":\""DECISION_OTHER_REFERENCES\"",\""text\"":\""[2008] 3 SCR 265\""}]"",
    ""jurisdictionId"": ""unspecified"",
    ""citedCount"": 3
  }
]"
https://synthetic.leread.ca/silver/G0894,"[
  {
    ""id"": ""silver-G0894"",
    ""docType"": ""DECISION"",
    ""path"": ""/synthetic/silver/G0894"",
    ""docTitle"": ""AstraZeneca Canada Inc v Apotex Inc"",
    ""autoCompletions"": ""[{\""type\"":\""MAIN_TITLE\"",\""text\"":\""AstraZeneca Canada Inc v Apotex Inc\""},{\""type\"":\""DECISION_ALTERNATE_TITLE\"",\""text\"":\""AZT\""},{\""type\"":\""DECISION_ALTERNATE_TITLE\"",\""text\"":\""Apotex\""},{\""type\"":\""DECISION_ALTERNATE_TITLE\"",\""text\"":\""Astrazeneca\""},{\""type\"":\""DECISION_ALTERNATE_TITLE\"",\""text\"":\""Nexium NOC\""},{\""type\"":\""DECISION_OTHER_REFERENCES\"",\""text\"":\""2010 FC 714\""},{\""type\"":\""DECISION_OTHER_REFERENCES\"",\""text\"":\""T-1668-10\""}]"",
    ""jurisdictionId"": ""unspecified"",
    ""citedCount"": 13
  }
]"
https://synthetic.leread.ca/silver/G0895,"[
  {
    ""id"": ""silver-G0895"",
    ""docType"": ""DECISION"",
    ""path"": ""/synthetic/silver/G0895"",
    ""docTitle"": ""AstraZeneca Canada Inc v Mylan Pharmaceuticals ULC"",
    ""autoCompletions"": ""[{\""type\"":\""MAIN_TITLE\"",\""text\"":\""AstraZeneca Canada Inc v Mylan Pharmaceuticals ULC\""},{\""type\"":\""DECISION_ALTERNATE_TITLE\"",\""text\"":\""Mylan Arimidex\""},{\""type\"":\""DECISION_OTHER_REFERENCES\"",\""text\"":\""2011 FC 1023\""}]"",
    ""jurisdictionId"": ""unspecified"",
    ""citedCount"": 5
  }
]"
https://synthetic.leread.ca/silver/G0896,"[
  {
    ""id"": ""silver-G0896"",
    ""docType"": ""DECISION"",
    ""path"": ""/synthetic/silver/G0896"",
    ""docTitle"": ""AstraZeneca Canada Inc v Teva Canada Ltd"",
    ""autoCompletions"": ""[{\""type\"":\""MAIN_TITLE\"",\""text\"":\""AstraZeneca Canada Inc v Teva Canada Ltd\""},{\""type\"":\""DECISION_OTHER_REFERENCES\"",\""text\"":\""2013 FC 245\""}]"",
    ""jurisdictionId"": ""unspecified"",
    ""citedCount"": 1
  }
]"
https://synthetic.leread.ca/silver/G0897,"[
  {
    ""id"": ""silver-G0897"",
    ""docType"": ""DECISION"",
    ""path"": ""/synthetic/silver/G0897"",
    ""docTitle"": ""Bristol-Myers Squibb Canada Co v Apotex Inc"",
    ""autoCompletions"": ""[{\""type\"":\""MAIN_TITLE\"",\""text\"":\""Bristol-Myers Squibb Canada Co v Apotex Inc\""},{\""type\"":\""DECISION_OTHER_REFERENCES\"",\""text\"":\""2009 FC 137\""}]"",
    ""jurisdictionId"": ""unspecified"",
    ""citedCount"": 1
  }
]"
https://synthetic.leread.ca/silver/G0898,"[
  {
    ""id"": ""silver-G0898"",
    ""docType"": ""DOCTRINE"",
    ""path"": ""/synthetic/silver/G0898"",
    ""docTitle"": ""Brändström, Chemical reactions of omeprazole and omeprazole analogues. III Protolytic behaviour of compounds in the omeprazole system"",
    ""autoCompletions"": ""[{\""type\"":\""MAIN_TITLE\"",\""text\"":\""Brändström, Chemical reactions of omeprazole and omeprazole analogues. III Protolytic behaviour of compounds in the omeprazole system\""},{\""type\"":\""MAIN_TITLE\"",\""text\"":\""Brändström paper\""},{\""type\"":\""MAIN_TITLE\"",\""text\"":\""Chemical reactions of omeprazole and omeprazole analogues. III Protolytic behaviour of compounds in the omeprazole system\""},{\""type\"":\""DOCTRINE_AUTHOR\"",\""text\"":\""Brändström\""},{\""type\"":\""DOCTRINE_AUTHOR\"",\""text\"":\""Brändström A\""}]"",
    ""jurisdictionId"": ""unspecified"",
    ""citedCount"": 9
  }
]"
https://synthetic.leread.ca/silver/G0899,"[
  {
    ""id"": ""silver-G0899"",
    ""docType"": ""DOCTRINE"",
    ""path"": ""/synthetic/silver/G0899"",
    ""docTitle"": ""Canadian Agency for Drugs and Technologies in Health (CADT)"",
    ""autoCompletions"": ""[{\""type\"":\""MAIN_TITLE\"",\""text\"":\""Canadian Agency for Drugs and Technologies in Health (CADT)\""}]"",
    ""jurisdictionId"": ""unspecified"",
    ""citedCount"": 1
  }
]"
https://synthetic.leread.ca/silver/G0900,"[
  {
    ""id"": ""silver-G0900"",
    ""docType"": ""DECISION"",
    ""path"": ""/synthetic/silver/G0900"",
    ""docTitle"": ""Catnic Components Ltd v Hill & Smith Ltd"",
    ""autoCompletions"": ""[{\""type\"":\""MAIN_TITLE\"",\""text\"":\""Catnic Components Ltd v Hill & Smith Ltd\""},{\""type\"":\""DECISION_ALTERNATE_TITLE\"",\""text\"":\""Catnic\""}]"",
    ""jurisdictionId"": ""unspecified"",
    ""citedCount"": 1
  }
]"
https://synthetic.leread.ca/silver/G0901,"[
  {
    ""id"": ""silver-G0901"",
    ""docType"": ""DOCTRINE"",
    ""path"": ""/synthetic/silver/G0901"",
    ""docTitle"": ""Clinical Gastroenterology and Hepatology 2006"",
    ""autoCompletions"": ""[{\""type\"":\""MAIN_TITLE\"",\""text\"":\""Clinical Gastroenterology and Hepatology 2006\""}]"",
    ""jurisdictionId"": ""unspecified"",
    ""citedCount"": 1
  }
]"
https://synthetic.leread.ca/silver/G0902,"[
  {
    ""id"": ""silver-G0902"",
    ""docType"": ""DECISION"",
    ""path"": ""/synthetic/silver/G0902"",
    ""docTitle"": ""Consolboard Inc v MacMillan Bloedel (Saskatchewan) Ltd"",
    ""autoCompletions"": ""[{\""type\"":\""MAIN_TITLE\"",\""text\"":\""Consolboard Inc v MacMillan Bloedel (Saskatchewan) Ltd\""},{\""type\"":\""DECISION_ALTERNATE_TITLE\"",\""text\"":\""Consolboard\""},{\""type\"":\""DECISION_OTHER_REFERENCES\"",\""text\"":\""[1981] 1 SCR 504\""}]"",
    ""jurisdictionId"": ""unspecified"",
    ""citedCount"": 3
  }
]"
https://synthetic.leread.ca/silver/G0903,"[
  {
    ""id"": ""silver-G0903"",
    ""docType"": ""DECISION"",
    ""path"": ""/synthetic/silver/G0903"",
    ""docTitle"": ""Danyluk v. Ainsworth Technologies Inc."",
    ""autoCompletions"": ""[{\""type\"":\""MAIN_TITLE\"",\""text\"":\""Danyluk v. Ainsworth Technologies Inc.\""},{\""type\"":\""DECISION_ALTERNATE_TITLE\"",\""text\"":\""Danyluk\""},{\""type\"":\""DECISION_OTHER_REFERENCES\"",\""text\"":\""2001 SCC 44 (CanLII)\""},{\""type\"":\""DECISION_OTHER_REFERENCES\"",\""text\"":\""2001 SCC 44\""},{\""type\"":\""DECISION_OTHER_REFERENCES\"",\""text\"":\""[2001] 2 S.C.R. 460\""}]"",
    ""jurisdictionId"": ""unspecified"",
    ""citedCount"": 5
  }
]"
https://synthetic.leread.ca/silver/G0904,"[
  {
    ""id"": ""silver-G0904"",
    ""docType"": ""DOCTRINE"",
    ""path"": ""/synthetic/silver/G0904"",
    ""docTitle"": ""Effect of Esomeprazole 40 mg vs Omeprazole 40 mg on 24-Hour Intragastric pH in Patients with Symptoms of Gastroesophageal Reflux Disease"",
    ""autoCompletions"": ""[{\""type\"":\""MAIN_TITLE\"",\""text\"":\""Effect of Esomeprazole 40 mg vs Omeprazole 40 mg on 24-Hour Intragastric pH in Patients with Symptoms of Gastroesophageal Reflux Disease\""}]"",
    ""jurisdictionId"": ""unspecified"",
    ""citedCount"": 1
  }
]"
https://synthetic.leread.ca/silver/G0905,"[
  {
    ""id"": ""silver-G0905"",
    ""docType"": ""DECISION"",
    ""path"": ""/synthetic/silver/G0905"",
    ""docTitle"": ""Eli Lilly Canada Inc v Apotex Inc"",
    ""autoCompletions"": ""[{\""type\"":\""MAIN_TITLE\"",\""text\"":\""Eli Lilly Canada Inc v Apotex Inc\""},{\""type\"":\""DECISION_ALTERNATE_TITLE\"",\""text\"":\""Elli Lilly Canada Inc v Apotex Inc\""},{\""type\"":\""DECISION_ALTERNATE_TITLE\"",\""text\"":\""Elli Lilly and Co v Apotex\""},{\""type\"":\""DECISION_OTHER_REFERENCES\"",\""text\"":\""2009 FC 991\""},{\""type\"":\""DECISION_OTHER_REFERENCES\"",\""text\"":\""2009 FCA 97\""}]"",
    ""jurisdictionId"": ""unspecified"",
    ""citedCount"": 2
  }
]"
https://synthetic.leread.ca/silver/G0906,"[
  {
    ""id"": ""silver-G0906"",
    ""docType"": ""DECISION"",
    ""path"": ""/synthetic/silver/G0906"",
    ""docTitle"": ""Eli Lilly Canada Inc v Novopharm Limited"",
    ""autoCompletions"": ""[{\""type\"":\""MAIN_TITLE\"",\""text\"":\""Eli Lilly Canada Inc v Novopharm Limited\""},{\""type\"":\""DECISION_OTHER_REFERENCES\"",\""text\"":\""2010 FCA 197\""}]"",
    ""jurisdictionId"": ""unspecified"",
    ""citedCount"": 1
  }
]"
https://synthetic.leread.ca/silver/G0907,"[
  {
    ""id"": ""silver-G0907"",
    ""docType"": ""DOCTRINE"",
    ""path"": ""/synthetic/silver/G0907"",
    ""docTitle"": ""Erlandsson, P. et al, Journal of Chromatography, 532 (1990)"",
    ""autoCompletions"": ""[{\""type\"":\""MAIN_TITLE\"",\""text\"":\""Erlandsson, P. et al, Journal of Chromatography, 532 (1990)\""},{\""type\"":\""MAIN_TITLE\"",\""text\"":\""Erlandsson paper\""},{\""type\"":\""DOCTRINE_AUTHOR\"",\""text\"":\""Erlandsson\""},{\""type\"":\""DOCTRINE_AUTHOR\"",\""text\"":\""Erlandsson, P. et al\""}]"",
    ""jurisdictionId"": ""unspecified"",
    ""citedCount"": 8
  }
]"
https://synthetic.leread.ca/silver/G0908,"[
  {
    ""id"": ""silver-G0908"",
    ""docType"": ""DOCTRINE"",
    ""path"": ""/synthetic/silver/G0908"",
    ""docTitle"": ""Esomeprazole 20 mg and lansoprazole 15 mg in maintaining healed reflux oesophagitis: Metropole study results"",
    ""autoCompletions"": ""[{\""type\"":\""MAIN_TITLE\"",\""text\"":\""Esomeprazole 20 mg and lansoprazole 15 mg in maintaining healed reflux oesophagitis: Metropole study results\""}]"",
    ""jurisdictionId"": ""unspecified"",
    ""citedCount"": 1
  }
]"
https://synthetic.leread.ca/silver/G0909,"[
  {
    ""id"": ""silver-G0909"",
    ""docType"": ""DOCTRINE"",
    ""path"": ""/synthetic/silver/G0909"",
    ""docTitle"": ""Esomeprazole Compared with Omeprazole in Reflux Oesophagitis"",
    ""autoCompletions"": ""[{\""type\"":\""MAIN_TITLE\"",\""text\"":\""Esomeprazole Compared with Omeprazole in Reflux Oesophagitis\""}]"",
    ""jurisdictionId"": ""unspecified"",
    ""citedCount"": 1
  }
]"
https://synthetic.leread.ca/silver/G0910,"[
  {
    ""id"": ""silver-G0910"",
    ""docType"": ""DOCTRINE"",
    ""path"": ""/synthetic/silver/G0910"",
    ""docTitle"": ""Esomeprazole Versus Other Proton Pump Inhibitors in Erosive Esophagitis: A Meta-Analysis of Randomized Clinical Trials"",
    ""autoCompletions"": ""[{\""type\"":\""MAIN_TITLE\"",\""text\"":\""Esomeprazole Versus Other Proton Pump Inhibitors in Erosive Esophagitis: A Meta-Analysis of Randomized Clinical Trials\""}]"",
    ""jurisdictionId"": ""unspecified"",
    ""citedCount"": 1
  }
]"
https://synthetic.leread.ca/silver/G0911,"[
  {
    ""id"": ""silver-G0911"",
    ""docType"": ""DECISION"",
    ""path"": ""/synthetic/silver/G0911"",
    ""docTitle"": ""Eurocopter v Bell Helicopter Textron Canada Ltée"",
    ""autoCompletions"": ""[{\""type\"":\""MAIN_TITLE\"",\""text\"":\""Eurocopter v Bell Helicopter Textron Canada Ltée\""},{\""type\"":\""DECISION_ALTERNATE_TITLE\"",\""text\"":\""Bell Helicopter Textron Canada\""},{\""type\"":\""DECISION_ALTERNATE_TITLE\"",\""text\"":\""Eurocopter\""},{\""type\"":\""DECISION_ALTERNATE_TITLE\"",\""text\"":\""Eurocopter v\""},{\""type\"":\""DECISION_ALTERNATE_TITLE\"",\""text\"":\""Ltée\""},{\""type\"":\""DECISION_OTHER_REFERENCES\"",\""text\"":\""2013 FCA 261\""},{\""type\"":\""DECISION_OTHER_REFERENCES\"",\""text\"":\""2013 FCA 219\""}]"",
    ""jurisdictionId"": ""unspecified"",
    ""citedCount"": 8
  }
]"
https://synthetic.leread.ca/silver/G0912,"[
  {
    ""id"": ""silver-G0912"",
    ""docType"": ""LEGISLATION"",
    ""path"": ""/synthetic/silver/G0912"",
    ""docTitle"": ""European Patent Application 0 124 495"",
    ""autoCompletions"": ""[{\""type\"":\""MAIN_TITLE\"",\""text\"":\""European Patent Application 0 124 495\""}]"",
    ""jurisdictionId"": ""unspecified"",
    ""citedCount"": 2
  }
]"
https://synthetic.leread.ca/silver/G0914,"[
  {
    ""id"": ""silver-G0914"",
    ""docType"": ""DECISION"",
    ""path"": ""/synthetic/silver/G0914"",
    ""docTitle"": ""Free World Trust v Électro Santé Inc"",
    ""autoCompletions"": ""[{\""type\"":\""MAIN_TITLE\"",\""text\"":\""Free World Trust v Électro Santé Inc\""},{\""type\"":\""DECISION_ALTERNATE_TITLE\"",\""text\"":\""Free World Trust\""},{\""type\"":\""DECISION_OTHER_REFERENCES\"",\""text\"":\""2000 SCC 66\""},{\""type\"":\""DECISION_OTHER_REFERENCES\"",\""text\"":\""[2000] 2 SCR 1024\""}]"",
    ""jurisdictionId"": ""unspecified"",
    ""citedCount"": 5
  }
]"
https://synthetic.leread.ca/silver/G0915,"[
  {
    ""id"": ""silver-G0915"",
    ""docType"": ""LEGISLATION"",
    ""path"": ""/synthetic/silver/G0915"",
    ""docTitle"": ""German Patent Application No 40 34455 [DE 455]"",
    ""autoCompletions"": ""[{\""type\"":\""MAIN_TITLE\"",\""text\"":\""German Patent Application No 40 34455 [DE 455]\""},{\""type\"":\""LEGISLATION_ALTERNATE_TITLE\"",\""text\"":\""DE 455 patent application\""}]"",
    ""jurisdictionId"": ""unspecified"",
    ""citedCount"": 12
  }
]"
https://synthetic.leread.ca/silver/G0916,"[
  {
    ""id"": ""silver-G0916"",
    ""docType"": ""DECISION"",
    ""path"": ""/synthetic/silver/G0916"",
    ""docTitle"": ""Hayhurst"",
    ""autoCompletions"": ""[{\""type\"":\""MAIN_TITLE\"",\""text\"":\""Hayhurst\""}]"",
    ""jurisdictionId"": ""unspecified"",
    ""citedCount"": 1
  }
]"
https://synthetic.leread.ca/silver/G0917,"[
  {
    ""id"": ""silver-G0917"",
    ""docType"": ""DECISION"",
    ""path"": ""/synthetic/silver/G0917"",
    ""docTitle"": ""Janssen-Ortho Inc v Novopharm Ltd"",
    ""autoCompletions"": ""[{\""type\"":\""MAIN_TITLE\"",\""text\"":\""Janssen-Ortho Inc v Novopharm Ltd\""},{\""type\"":\""DECISION_OTHER_REFERENCES\"",\""text\"":\""2007 FCA 217\""}]"",
    ""jurisdictionId"": ""unspecified"",
    ""citedCount"": 2
  }
]"
https://synthetic.leread.ca/silver/G0918,"[
  {
    ""id"": ""silver-G0918"",
    ""docType"": ""DECISION"",
    ""path"": ""/synthetic/silver/G0918"",
    ""docTitle"": ""Jay-Lor International Inc v Penta Farm Systems Ltd"",
    ""autoCompletions"": ""[{\""type\"":\""MAIN_TITLE\"",\""text\"":\""Jay-Lor International Inc v Penta Farm Systems Ltd\""},{\""type\"":\""DECISION_OTHER_REFERENCES\"",\""text\"":\""2007 FC 358\""}]"",
    ""jurisdictionId"": ""unspecified"",
    ""citedCount"": 1
  }
]"
https://synthetic.leread.ca/silver/G0919,"[
  {
    ""id"": ""silver-G0919"",
    ""docType"": ""DOCTRINE"",
    ""path"": ""/synthetic/silver/G0919"",
    ""docTitle"": ""Journal of the American Medical Association"",
    ""autoCompletions"": ""[{\""type\"":\""MAIN_TITLE\"",\""text\"":\""Journal of the American Medical Association\""},{\""type\"":\""MAIN_TITLE\"",\""text\"":\""JAMA\""}]"",
    ""jurisdictionId"": ""unspecified"",
    ""citedCount"": 1
  }
]"
https://synthetic.leread.ca/silver/G0920,"[
  {
    ""id"": ""silver-G0920"",
    ""docType"": ""DOCTRINE"",
    ""path"": ""/synthetic/silver/G0920"",
    ""docTitle"": ""Lindberg et. al., Omeprazole: The first Proton Pump Inhibitor"",
    ""autoCompletions"": ""[{\""type\"":\""MAIN_TITLE\"",\""text\"":\""Lindberg et. al., Omeprazole: The first Proton Pump Inhibitor\""},{\""type\"":\""MAIN_TITLE\"",\""text\"":\""Omeprazole: The first Proton Pump Inhibitor.\""},{\""type\"":\""DOCTRINE_AUTHOR\"",\""text\"":\""Lindberg et. al.\""}]"",
    ""jurisdictionId"": ""unspecified"",
    ""citedCount"": 1
  }
]"
https://synthetic.leread.ca/silver/G0921,"[
  {
    ""id"": ""silver-G0921"",
    ""docType"": ""DOCTRINE"",
    ""path"": ""/synthetic/silver/G0921"",
    ""docTitle"": ""Los Angeles Classification"",
    ""autoCompletions"": ""[{\""type\"":\""MAIN_TITLE\"",\""text\"":\""Los Angeles Classification\""}]"",
    ""jurisdictionId"": ""unspecified"",
    ""citedCount"": 1
  }
]"
https://synthetic.leread.ca/silver/G0922,"[
  {
    ""id"": ""silver-G0922"",
    ""docType"": ""DECISION"",
    ""path"": ""/synthetic/silver/G0922"",
    ""docTitle"": ""Merck & Co v Pharmascience Inc"",
    ""autoCompletions"": ""[{\""type\"":\""MAIN_TITLE\"",\""text\"":\""Merck & Co v Pharmascience Inc\""},{\""type\"":\""DECISION_ALTERNATE_TITLE\"",\""text\"":\""Merck finasteride\""},{\""type\"":\""DECISION_ALTERNATE_TITLE\"",\""text\"":\""Merck &amp; Co v Pharmascience Inc\""},{\""type\"":\""DECISION_OTHER_REFERENCES\"",\""text\"":\""2010 FC 510\""}]"",
    ""jurisdictionId"": ""unspecified"",
    ""citedCount"": 4
  }
]"
https://synthetic.leread.ca/silver/G0923,"[
  {
    ""id"": ""silver-G0923"",
    ""docType"": ""DECISION"",
    ""path"": ""/synthetic/silver/G0923"",
    ""docTitle"": ""Merck Frosst Canada Inc. v. Apotex Inc."",
    ""autoCompletions"": ""[{\""type\"":\""MAIN_TITLE\"",\""text\"":\""Merck Frosst Canada Inc. v. Apotex Inc.\""},{\""type\"":\""DECISION_ALTERNATE_TITLE\"",\""text\"":\""Merck Frosst Canada\""}]"",
    ""jurisdictionId"": ""unspecified"",
    ""citedCount"": 1
  }
]"
https://synthetic.leread.ca/silver/G0924,"[
  {
    ""id"": ""silver-G0924"",
    ""docType"": ""DECISION"",
    ""path"": ""/synthetic/silver/G0924"",
    ""docTitle"": ""Metalliflex Ltd v Rodi & Wienenberger AG"",
    ""autoCompletions"": ""[{\""type\"":\""MAIN_TITLE\"",\""text\"":\""Metalliflex Ltd v Rodi & Wienenberger AG\""},{\""type\"":\""DECISION_ALTERNATE_TITLE\"",\""text\"":\""Metalliflex\""},{\""type\"":\""DECISION_ALTERNATE_TITLE\"",\""text\"":\""Metalliflex Ltd v Rodi &amp; Wienenberger AG\""},{\""type\"":\""DECISION_OTHER_REFERENCES\"",\""text\"":\""(1960), [1961] SCR 117\""}]"",
    ""jurisdictionId"": ""unspecified"",
    ""citedCount"": 3
  }
]"
https://synthetic.leread.ca/silver/G0925,"[
  {
    ""id"": ""silver-G0925"",
    ""docType"": ""DOCTRINE"",
    ""path"": ""/synthetic/silver/G0925"",
    ""docTitle"": ""Meyer Report"",
    ""autoCompletions"": ""[{\""type\"":\""MAIN_TITLE\"",\""text\"":\""Meyer Report\""}]"",
    ""jurisdictionId"": ""unspecified"",
    ""citedCount"": 1
  }
]"
https://synthetic.leread.ca/silver/G0926,"[
  {
    ""id"": ""silver-G0926"",
    ""docType"": ""DECISION"",
    ""path"": ""/synthetic/silver/G0926"",
    ""docTitle"": ""Monsanto Co v Commissioner of Patents"",
    ""autoCompletions"": ""[{\""type\"":\""MAIN_TITLE\"",\""text\"":\""Monsanto Co v Commissioner of Patents\""},{\""type\"":\""DECISION_ALTERNATE_TITLE\"",\""text\"":\""Monsanto\""},{\""type\"":\""DECISION_OTHER_REFERENCES\"",\""text\"":\""[1979] 2 SCR 1108\""}]"",
    ""jurisdictionId"": ""unspecified"",
    ""citedCount"": 2
  }
]"
https://synthetic.leread.ca/silver/G0927,"[
  {
    ""id"": ""silver-G0927"",
    ""docType"": ""DOCTRINE"",
    ""path"": ""/synthetic/silver/G0927"",
    ""docTitle"": ""Must the Factual Basis for Sound Prediction be Disclosed in the Patent?"",
    ""autoCompletions"": ""[{\""type\"":\""MAIN_TITLE\"",\""text\"":\""Must the Factual Basis for Sound Prediction be Disclosed in the Patent?\""},{\""type\"":\""MAIN_TITLE\"",\""text\"":\""article\""},{\""type\"":\""DOCTRINE_AUTHOR\"",\""text\"":\""Professor Siebrasse\""}]"",
    ""jurisdictionId"": ""unspecified"",
    ""citedCount"": 2
  }
]"
https://synthetic.leread.ca/silver/G0928,"[
  {
    ""id"": ""silver-G0928"",
    ""docType"": ""DOCTRINE"",
    ""path"": ""/synthetic/silver/G0928"",
    ""docTitle"": ""New England Journal of Medicine"",
    ""autoCompletions"": ""[{\""type\"":\""MAIN_TITLE\"",\""text\"":\""New England Journal of Medicine\""}]"",
    ""jurisdictionId"": ""unspecified"",
    ""citedCount"": 1
  }
]"
https://synthetic.leread.ca/silver/G0929,"[
  {
    ""id"": ""silver-G0929"",
    ""docType"": ""DECISION"",
    ""path"": ""/synthetic/silver/G0929"",
    ""docTitle"": ""Novopharm Levofloxacin"",
    ""autoCompletions"": ""[{\""type\"":\""MAIN_TITLE\"",\""text\"":\""Novopharm Levofloxacin\""}]"",
    ""jurisdictionId"": ""unspecified"",
    ""citedCount"": 7
  }
]"
https://synthetic.leread.ca/silver/G0930,"[
  {
    ""id"": ""silver-G0930"",
    ""docType"": ""DECISION"",
    ""path"": ""/synthetic/silver/G0930"",
    ""docTitle"": ""Novopharm Ltd v Eli Lilly and Co"",
    ""autoCompletions"": ""[{\""type\"":\""MAIN_TITLE\"",\""text\"":\""Novopharm Ltd v Eli Lilly and Co\""},{\""type\"":\""DECISION_OTHER_REFERENCES\"",\""text\"":\""2011 FCA 220\""}]"",
    ""jurisdictionId"": ""unspecified"",
    ""citedCount"": 2
  }
]"
https://synthetic.leread.ca/silver/G0931,"[
  {
    ""id"": ""silver-G0931"",
    ""docType"": ""DECISION"",
    ""path"": ""/synthetic/silver/G0931"",
    ""docTitle"": ""O"",
    ""autoCompletions"": ""[{\""type\"":\""MAIN_TITLE\"",\""text\"":\""O\""},{\""type\"":\""DECISION_ALTERNATE_TITLE\"",\""text\"":\""O'Hara\""}]"",
    ""jurisdictionId"": ""unspecified"",
    ""citedCount"": 1
  }
]"
https://synthetic.leread.ca/silver/G0932,"[
  {
    ""id"": ""silver-G0932"",
    ""docType"": ""DOCTRINE"",
    ""path"": ""/synthetic/silver/G0932"",
    ""docTitle"": ""Optimal Therapy Report on PPIs"",
    ""autoCompletions"": ""[{\""type\"":\""MAIN_TITLE\"",\""text\"":\""Optimal Therapy Report on PPIs\""}]"",
    ""jurisdictionId"": ""unspecified"",
    ""citedCount"": 1
  }
]"
https://synthetic.leread.ca/silver/G0933,"[
  {
    ""id"": ""silver-G0933"",
    ""docType"": ""DOCTRINE"",
    ""path"": ""/synthetic/silver/G0933"",
    ""docTitle"": ""Oxford Concise Dictionary"",
    ""autoCompletions"": ""[{\""type\"":\""MAIN_TITLE\"",\""text\"":\""Oxford Concise Dictionary\""}]"",
    ""jurisdictionId"": ""unspecified"",
    ""citedCount"": 1
  }
]"
https://synthetic.leread.ca/silver/G0936,"[
  {
    ""id"": ""silver-G0936"",
    ""docType"": ""DECISION"",
    ""path"": ""/synthetic/silver/G0936"",
    ""docTitle"": ""Pfizer Canada Inc v Apotex Inc"",
    ""autoCompletions"": ""[{\""type\"":\""MAIN_TITLE\"",\""text\"":\""Pfizer Canada Inc v Apotex Inc\""},{\""type\"":\""DECISION_OTHER_REFERENCES\"",\""text\"":\""(2001) 11 CPR (4th) 245\""}]"",
    ""jurisdictionId"": ""unspecified"",
    ""citedCount"": 3
  }
]"
https://synthetic.leread.ca/silver/G0937,"[
  {
    ""id"": ""silver-G0937"",
    ""docType"": ""DECISION"",
    ""path"": ""/synthetic/silver/G0937"",
    ""docTitle"": ""Pfizer Canada Inc v Canada (Minister of Health)"",
    ""autoCompletions"": ""[{\""type\"":\""MAIN_TITLE\"",\""text\"":\""Pfizer Canada Inc v Canada (Minister of Health)\""},{\""type\"":\""DECISION_OTHER_REFERENCES\"",\""text\"":\""2007 FCA 209\""}]"",
    ""jurisdictionId"": ""unspecified"",
    ""citedCount"": 1
  }
]"
https://synthetic.leread.ca/silver/G0938,"[
  {
    ""id"": ""silver-G0938"",
    ""docType"": ""DECISION"",
    ""path"": ""/synthetic/silver/G0938"",
    ""docTitle"": ""Pfizer Canada Inc v Mylan Pharmaceuticals ULC"",
    ""autoCompletions"": ""[{\""type\"":\""MAIN_TITLE\"",\""text\"":\""Pfizer Canada Inc v Mylan Pharmaceuticals ULC\""},{\""type\"":\""DECISION_ALTERNATE_TITLE\"",\""text\"":\""Mylan Aricept\""},{\""type\"":\""DECISION_OTHER_REFERENCES\"",\""text\"":\""2011 FC 547\""}]"",
    ""jurisdictionId"": ""unspecified"",
    ""citedCount"": 3
  }
]"
https://synthetic.leread.ca/silver/G0940,"[
  {
    ""id"": ""silver-G0940"",
    ""docType"": ""DOCTRINE"",
    ""path"": ""/synthetic/silver/G0940"",
    ""docTitle"": ""Regulatory Impact Analysis Statement (RIAS)"",
    ""autoCompletions"": ""[{\""type\"":\""MAIN_TITLE\"",\""text\"":\""Regulatory Impact Analysis Statement (RIAS)\""}]"",
    ""jurisdictionId"": ""unspecified"",
    ""citedCount"": 1
  }
]"
https://synthetic.leread.ca/silver/G0941,"[
  {
    ""id"": ""silver-G0941"",
    ""docType"": ""DECISION"",
    ""path"": ""/synthetic/silver/G0941"",
    ""docTitle"": ""Rothmans, Benson & Hedges Inc v Imperial Tobacco Ltd"",
    ""autoCompletions"": ""[{\""type\"":\""MAIN_TITLE\"",\""text\"":\""Rothmans, Benson & Hedges Inc v Imperial Tobacco Ltd\""},{\""type\"":\""DECISION_ALTERNATE_TITLE\"",\""text\"":\""Rothmans, Benson &amp; Hedges Inc v Imperial Tobacco Ltd\""},{\""type\"":\""DECISION_OTHER_REFERENCES\"",\""text\"":\""(1993), 47 CPR (3d) 188\""}]"",
    ""jurisdictionId"": ""unspecified"",
    ""citedCount"": 1
  }
]"
https://synthetic.leread.ca/silver/G0942,"[
  {
    ""id"": ""silver-G0942"",
    ""docType"": ""DECISION"",
    ""path"": ""/synthetic/silver/G0942"",
    ""docTitle"": ""Shire Biochem Inc v Canada (Minister of Health)"",
    ""autoCompletions"": ""[{\""type\"":\""MAIN_TITLE\"",\""text\"":\""Shire Biochem Inc v Canada (Minister of Health)\""},{\""type\"":\""DECISION_OTHER_REFERENCES\"",\""text\"":\""2008 FC 538\""}]"",
    ""jurisdictionId"": ""unspecified"",
    ""citedCount"": 1
  }
]"
https://synthetic.leread.ca/silver/G0943,"[
  {
    ""id"": ""silver-G0943"",
    ""docType"": ""DECISION"",
    ""path"": ""/synthetic/silver/G0943"",
    ""docTitle"": ""Signalisation de Montréal Inc v Services de Béton Universels Ltée"",
    ""autoCompletions"": ""[{\""type\"":\""MAIN_TITLE\"",\""text\"":\""Signalisation de Montréal Inc v Services de Béton Universels Ltée\""},{\""type\"":\""DECISION_OTHER_REFERENCES\"",\""text\"":\""[1993] 1 FC 341 (FCA)\""}]"",
    ""jurisdictionId"": ""unspecified"",
    ""citedCount"": 1
  }
]"
https://synthetic.leread.ca/silver/G0944,"[
  {
    ""id"": ""silver-G0944"",
    ""docType"": ""DECISION"",
    ""path"": ""/synthetic/silver/G0944"",
    ""docTitle"": ""Teva Canada Ltd v Pfizer Canada Inc"",
    ""autoCompletions"": ""[{\""type\"":\""MAIN_TITLE\"",\""text\"":\""Teva Canada Ltd v Pfizer Canada Inc\""},{\""type\"":\""DECISION_OTHER_REFERENCES\"",\""text\"":\""2012 SCC 60\""},{\""type\"":\""DECISION_OTHER_REFERENCES\"",\""text\"":\""[2012] 3 SCR 625\""}]"",
    ""jurisdictionId"": ""unspecified"",
    ""citedCount"": 1
  }
]"
https://synthetic.leread.ca/silver/G0945,"[
  {
    ""id"": ""silver-G0945"",
    ""docType"": ""DOCTRINE"",
    ""path"": ""/synthetic/silver/G0945"",
    ""docTitle"": ""The Canadian Consensus Conference on the management of gastro-oesophageal reflux disease in adults – 2004"",
    ""autoCompletions"": ""[{\""type\"":\""MAIN_TITLE\"",\""text\"":\""The Canadian Consensus Conference on the management of gastro-oesophageal reflux disease in adults – 2004\""}]"",
    ""jurisdictionId"": ""unspecified"",
    ""citedCount"": 1
  }
]"
https://synthetic.leread.ca/silver/G0946,"[
  {
    ""id"": ""silver-G0946"",
    ""docType"": ""DOCTRINE"",
    ""path"": ""/synthetic/silver/G0946"",
    ""docTitle"": ""The Lancet"",
    ""autoCompletions"": ""[{\""type\"":\""MAIN_TITLE\"",\""text\"":\""The Lancet\""},{\""type\"":\""MAIN_TITLE\"",\""text\"":\""Lancet\""}]"",
    ""jurisdictionId"": ""unspecified"",
    ""citedCount"": 1
  }
]"
https://synthetic.leread.ca/silver/G0947,"[
  {
    ""id"": ""silver-G0947"",
    ""docType"": ""DOCTRINE"",
    ""path"": ""/synthetic/silver/G0947"",
    ""docTitle"": ""The Promise of the Patent in Canada and Around the World"",
    ""autoCompletions"": ""[{\""type\"":\""MAIN_TITLE\"",\""text\"":\""The Promise of the Patent in Canada and Around the World\""},{\""type\"":\""DOCTRINE_AUTHOR\"",\""text\"":\""Richard Gold &amp; Michael Shortt\""}]"",
    ""jurisdictionId"": ""unspecified"",
    ""citedCount"": 1
  }
]"
https://synthetic.leread.ca/silver/G0948,"[
  {
    ""id"": ""silver-G0948"",
    ""docType"": ""DOCTRINE"",
    ""path"": ""/synthetic/silver/G0948"",
    ""docTitle"": ""The new proton pump inhibitor esomeprazole is effective as a maintenance therapy in GERD patients with healed erosive oesophagitis: a 6-month, randomized, double-blinded, placebo-controlled study of efficacy and safety"",
    ""autoCompletions"": ""[{\""type\"":\""MAIN_TITLE\"",\""text\"":\""The new proton pump inhibitor esomeprazole is effective as a maintenance therapy in GERD patients with healed erosive oesophagitis: a 6-month, randomized, double-blinded, placebo-controlled study of efficacy and safety\""}]"",
    ""jurisdictionId"": ""unspecified"",
    ""citedCount"": 1
  }
]"
https://synthetic.leread.ca/silver/G0950,"[
  {
    ""id"": ""silver-G0950"",
    ""docType"": ""DECISION"",
    ""path"": ""/synthetic/silver/G0950"",
    ""docTitle"": ""Whirlpool Corp v Camco Inc"",
    ""autoCompletions"": ""[{\""type\"":\""MAIN_TITLE\"",\""text\"":\""Whirlpool Corp v Camco Inc\""},{\""type\"":\""DECISION_ALTERNATE_TITLE\"",\""text\"":\""Whirlpool\""},{\""type\"":\""DECISION_OTHER_REFERENCES\"",\""text\"":\""2000 SCC 67\""},{\""type\"":\""DECISION_OTHER_REFERENCES\"",\""text\"":\""[2000] 2 SCR 1067\""}]"",
    ""jurisdictionId"": ""unspecified"",
    ""citedCount"": 7
  }
]"
https://synthetic.leread.ca/silver/G0951,"[
  {
    ""id"": ""silver-G0951"",
    ""docType"": ""DOCTRINE"",
    ""path"": ""/synthetic/silver/G0951"",
    ""docTitle"": ""Concise Oxford Dictionary"",
    ""autoCompletions"": ""[{\""type\"":\""MAIN_TITLE\"",\""text\"":\""Concise Oxford Dictionary\""}]"",
    ""jurisdictionId"": ""unspecified"",
    ""citedCount"": 1
  }
]"
https://synthetic.leread.ca/silver/G0952,"[
  {
    ""id"": ""silver-G0952"",
    ""docType"": ""LEGISLATION"",
    ""path"": ""/synthetic/silver/G0952"",
    ""docTitle"": ""Electrical Power Control Act, 1994"",
    ""autoCompletions"": ""[{\""type\"":\""MAIN_TITLE\"",\""text\"":\""Electrical Power Control Act, 1994\""},{\""type\"":\""LEGISLATION_ALTERNATE_TITLE\"",\""text\"":\""Electrical Power Control Act\""},{\""type\"":\""LEGISLATION_REFERENCE\"",\""text\"":\""SNL 1994, c. E-5.1\""}]"",
    ""jurisdictionId"": ""unspecified"",
    ""citedCount"": 2
  }
]"
https://synthetic.leread.ca/silver/G0953,"[
  {
    ""id"": ""silver-G0953"",
    ""docType"": ""DECISION"",
    ""path"": ""/synthetic/silver/G0953"",
    ""docTitle"": ""Giguère v. Chambre des Notaires du Québec"",
    ""autoCompletions"": ""[{\""type\"":\""MAIN_TITLE\"",\""text\"":\""Giguère v. Chambre des Notaires du Québec\""},{\""type\"":\""DECISION_OTHER_REFERENCES\"",\""text\"":\""[2004] 1 S.C.R. 3\""}]"",
    ""jurisdictionId"": ""unspecified"",
    ""citedCount"": 1
  }
]"
https://synthetic.leread.ca/silver/G0957,"[
  {
    ""id"": ""silver-G0957"",
    ""docType"": ""DECISION"",
    ""path"": ""/synthetic/silver/G0957"",
    ""docTitle"": ""Nova Petrochemicals Ltd. v. Bayer AG"",
    ""autoCompletions"": ""[{\""type\"":\""MAIN_TITLE\"",\""text\"":\""Nova Petrochemicals Ltd. v. Bayer AG\""},{\""type\"":\""DECISION_OTHER_REFERENCES\"",\""text\"":\""2011 ONSC 4372\""},{\""type\"":\""DECISION_OTHER_REFERENCES\"",\""text\"":\""339 D.L.R. (4th) 108\""}]"",
    ""jurisdictionId"": ""unspecified"",
    ""citedCount"": 1
  }
]"
https://synthetic.leread.ca/silver/G0958,"[
  {
    ""id"": ""silver-G0958"",
    ""docType"": ""LEGISLATION"",
    ""path"": ""/synthetic/silver/G0958"",
    ""docTitle"": ""O.C. 2013-207"",
    ""autoCompletions"": ""[{\""type\"":\""MAIN_TITLE\"",\""text\"":\""O.C. 2013-207\""},{\""type\"":\""LEGISLATION_REFERENCE\"",\""text\"":\""<auto_label id=\\\""32\\\"" labelname=\\\""title\\\"" parent=\\\""citation\\\"" style=\\\""background-color: rgb(147, 196, 125); color: black;\\\"" titletype=\\\""official\\\"" verified=\\\""false\\\"">O.C. 2013-207</auto_label>\""}]"",
    ""jurisdictionId"": ""unspecified"",
    ""citedCount"": 1
  }
]"
https://synthetic.leread.ca/silver/G0959,"[
  {
    ""id"": ""silver-G0959"",
    ""docType"": ""DECISION"",
    ""path"": ""/synthetic/silver/G0959"",
    ""docTitle"": ""Order No. P.U. 25 (2010)"",
    ""autoCompletions"": ""[{\""type\"":\""MAIN_TITLE\"",\""text\"":\""Order No. P.U. 25 (2010)\""}]"",
    ""jurisdictionId"": ""unspecified"",
    ""citedCount"": 1
  }
]"
https://synthetic.leread.ca/silver/G0960,"[
  {
    ""id"": ""silver-G0960"",
    ""docType"": ""LEGISLATION"",
    ""path"": ""/synthetic/silver/G0960"",
    ""docTitle"": ""Order in Council O.C. 2013-089"",
    ""autoCompletions"": ""[{\""type\"":\""MAIN_TITLE\"",\""text\"":\""Order in Council O.C. 2013-089\""},{\""type\"":\""LEGISLATION_ALTERNATE_TITLE\"",\""text\"":\""Order in Council\""},{\""type\"":\""LEGISLATION_REFERENCE\"",\""text\"":\""<auto_label id=\\\""24\\\"" labelname=\\\""title\\\"" parent=\\\""citation\\\"" style=\\\""background-color: rgb(147, 196, 125); color: black;\\\"" titletype=\\\""official\\\"" verified=\\\""false\\\"">Order in Council O.C. 2013-089</auto_label>\""},{\""type\"":\""LEGISLATION_ALTERNATE_REFERENCE\"",\""text\"":\""<auto_label id=\\\""29\\\"" labelname=\\\""title\\\"" parent=\\\""citation\\\"" style=\\\""background-color: rgb(147, 196, 125); color: black;\\\"" titletype=\\\""official\\\"" verified=\\\""false\\\"">Order in Council O.C. 2013-089</auto_label>\""}]"",
    ""jurisdictionId"": ""unspecified"",
    ""citedCount"": 14
  }
]"
https://synthetic.leread.ca/silver/G0961,"[
  {
    ""id"": ""silver-G0961"",
    ""docType"": ""DECISION"",
    ""path"": ""/synthetic/silver/G0961"",
    ""docTitle"": ""PUB Order No. P.U. 9 (2014)"",
    ""autoCompletions"": ""[{\""type\"":\""MAIN_TITLE\"",\""text\"":\""PUB Order No. P.U. 9 (2014)\""},{\""type\"":\""DECISION_ALTERNATE_TITLE\"",\""text\"":\""Board Decision\""},{\""type\"":\""DECISION_ALTERNATE_TITLE\"",\""text\"":\""Order No. P.U. 9 (2014)\""},{\""type\"":\""DECISION_OTHER_REFERENCES\"",\""text\"":\""Order No. P.U.9(2014)\""}]"",
    ""jurisdictionId"": ""unspecified"",
    ""citedCount"": 3
  }
]"
https://synthetic.leread.ca/silver/G0962,"[
  {
    ""id"": ""silver-G0962"",
    ""docType"": ""LEGISLATION"",
    ""path"": ""/synthetic/silver/G0962"",
    ""docTitle"": ""Public Utilities Act"",
    ""autoCompletions"": ""[{\""type\"":\""MAIN_TITLE\"",\""text\"":\""Public Utilities Act\""},{\""type\"":\""LEGISLATION_ALTERNATE_TITLE\"",\""text\"":\""PUB Act\""},{\""type\"":\""LEGISLATION_REFERENCE\"",\""text\"":\""RSNL 1990, c. P-47\""}]"",
    ""jurisdictionId"": ""unspecified"",
    ""citedCount"": 3
  }
]"
https://synthetic.leread.ca/silver/G0963,"[
  {
    ""id"": ""silver-G0963"",
    ""docType"": ""DOCTRINE"",
    ""path"": ""/synthetic/silver/G0963"",
    ""docTitle"": ""Shorter Oxford English Dictionary"",
    ""autoCompletions"": ""[{\""type\"":\""MAIN_TITLE\"",\""text\"":\""Shorter Oxford English Dictionary\""},{\""type\"":\""MAIN_TITLE\"",\""text\"":\""The Shorter Oxford English Dictionary\""}]"",
    ""jurisdictionId"": ""unspecified"",
    ""citedCount"": 2
  }
]"
https://synthetic.leread.ca/silver/G0965,"[
  {
    ""id"": ""silver-G0965"",
    ""docType"": ""DECISION"",
    ""path"": ""/synthetic/silver/G0965"",
    ""docTitle"": ""The Consumer Advocate v. The Board of"",
    ""autoCompletions"": ""[{\""type\"":\""MAIN_TITLE\"",\""text\"":\""The Consumer Advocate v. The Board of\""}]"",
    ""jurisdictionId"": ""unspecified"",
    ""citedCount"": 1
  }
]"
https://synthetic.leread.ca/silver/G0966,"[
  {
    ""id"": ""silver-G0966"",
    ""docType"": ""DECISION"",
    ""path"": ""/synthetic/silver/G0966"",
    ""docTitle"": ""Vinland Resources Limited v. Mineral Claims Recorder"",
    ""autoCompletions"": ""[{\""type\"":\""MAIN_TITLE\"",\""text\"":\""Vinland Resources Limited v. Mineral Claims Recorder\""},{\""type\"":\""DECISION_OTHER_REFERENCES\"",\""text\"":\""2008 NLCA 12\""},{\""type\"":\""DECISION_OTHER_REFERENCES\"",\""text\"":\""274 Nfld. &amp; P.E.I.R. 66\""}]"",
    ""jurisdictionId"": ""unspecified"",
    ""citedCount"": 1
  }
]"
https://synthetic.leread.ca/silver/G0967,"[
  {
    ""id"": ""silver-G0967"",
    ""docType"": ""DECISION"",
    ""path"": ""/synthetic/silver/G0967"",
    ""docTitle"": ""2016 NSSC 90"",
    ""autoCompletions"": ""[{\""type\"":\""MAIN_TITLE\"",\""text\"":\""2016 NSSC 90\""},{\""type\"":\""DECISION_OTHER_REFERENCES\"",\""text\"":\""2016 NSSC 90\""}]"",
    ""jurisdictionId"": ""unspecified"",
    ""citedCount"": 1
  }
]"
https://synthetic.leread.ca/silver/G0969,"[
  {
    ""id"": ""silver-G0969"",
    ""docType"": ""DECISION"",
    ""path"": ""/synthetic/silver/G0969"",
    ""docTitle"": ""Begg v East Hants (Municipality)"",
    ""autoCompletions"": ""[{\""type\"":\""MAIN_TITLE\"",\""text\"":\""Begg v East Hants (Municipality)\""},{\""type\"":\""DECISION_OTHER_REFERENCES\"",\""text\"":\""(1986), 75 N.S.R. (2d) 431 (C.A.)\""}]"",
    ""jurisdictionId"": ""unspecified"",
    ""citedCount"": 1
  }
]"
https://synthetic.leread.ca/silver/G0971,"[
  {
    ""id"": ""silver-G0971"",
    ""docType"": ""DECISION"",
    ""path"": ""/synthetic/silver/G0971"",
    ""docTitle"": ""Brent v. Slegg Construction Materials Ltd."",
    ""autoCompletions"": ""[{\""type\"":\""MAIN_TITLE\"",\""text\"":\""Brent v. Slegg Construction Materials Ltd.\""},{\""type\"":\""DECISION_OTHER_REFERENCES\"",\""text\"":\""2007 BCSC 661 (CanLII)\""}]"",
    ""jurisdictionId"": ""unspecified"",
    ""citedCount"": 1
  }
]"
https://synthetic.leread.ca/silver/G0972,"[
  {
    ""id"": ""silver-G0972"",
    ""docType"": ""DECISION"",
    ""path"": ""/synthetic/silver/G0972"",
    ""docTitle"": ""Burton Canada Company v. Coady"",
    ""autoCompletions"": ""[{\""type\"":\""MAIN_TITLE\"",\""text\"":\""Burton Canada Company v. Coady\""},{\""type\"":\""DECISION_ALTERNATE_TITLE\"",\""text\"":\""<i>Burton</i>\""},{\""type\"":\""DECISION_ALTERNATE_TITLE\"",\""text\"":\""Burton\""},{\""type\"":\""DECISION_OTHER_REFERENCES\"",\""text\"":\""2013 NSCA 95\""}]"",
    ""jurisdictionId"": ""unspecified"",
    ""citedCount"": 13
  }
]"
https://synthetic.leread.ca/silver/G0973,"[
  {
    ""id"": ""silver-G0973"",
    ""docType"": ""DECISION"",
    ""path"": ""/synthetic/silver/G0973"",
    ""docTitle"": ""CIBC Mortgage Corp. v. Ofume"",
    ""autoCompletions"": ""[{\""type\"":\""MAIN_TITLE\"",\""text\"":\""CIBC Mortgage Corp. v. Ofume\""},{\""type\"":\""DECISION_OTHER_REFERENCES\"",\""text\"":\""(2002), 208 N.S.R. (2d) 185 (C.A.)\""},{\""type\"":\""DECISION_OTHER_REFERENCES\"",\""text\"":\""206 N.S.R. (2d) 234 (S.C.)\""}]"",
    ""jurisdictionId"": ""unspecified"",
    ""citedCount"": 2
  }
]"
https://synthetic.leread.ca/silver/G0974,"[
  {
    ""id"": ""silver-G0974"",
    ""docType"": ""DECISION"",
    ""path"": ""/synthetic/silver/G0974"",
    ""docTitle"": ""Canada (Attorney General) v. Veinotte"",
    ""autoCompletions"": ""[{\""type\"":\""MAIN_TITLE\"",\""text\"":\""Canada (Attorney General) v. Veinotte\""},{\""type\"":\""DECISION_OTHER_REFERENCES\"",\""text\"":\""(1987), 81 N.S.R. (2d) 356 (S.C.)\""}]"",
    ""jurisdictionId"": ""unspecified"",
    ""citedCount"": 1
  }
]"
https://synthetic.leread.ca/silver/G0975,"[
  {
    ""id"": ""silver-G0975"",
    ""docType"": ""DECISION"",
    ""path"": ""/synthetic/silver/G0975"",
    ""docTitle"": ""Canasia Industries Limited v. May"",
    ""autoCompletions"": ""[{\""type\"":\""MAIN_TITLE\"",\""text\"":\""Canasia Industries Limited v. May\""},{\""type\"":\""DECISION_OTHER_REFERENCES\"",\""text\"":\""(2000), 204 N.S.R. (2d) 88 (C.A.)\""}]"",
    ""jurisdictionId"": ""unspecified"",
    ""citedCount"": 1
  }
]"
https://synthetic.leread.ca/silver/G0976,"[
  {
    ""id"": ""silver-G0976"",
    ""docType"": ""LEGISLATION"",
    ""path"": ""/synthetic/silver/G0976"",
    ""docTitle"": ""Courts of Justice Act"",
    ""autoCompletions"": ""[{\""type\"":\""MAIN_TITLE\"",\""text\"":\""Courts of Justice Act\""},{\""type\"":\""LEGISLATION_ALTERNATE_TITLE\"",\""text\"":\""Court of Justice\""}]"",
    ""jurisdictionId"": ""unspecified"",
    ""citedCount"": 1
  }
]"
https://synthetic.leread.ca/silver/G0977,"[
  {
    ""id"": ""silver-G0977"",
    ""docType"": ""DECISION"",
    ""path"": ""/synthetic/silver/G0977"",
    ""docTitle"": ""Dipersio v. Nova Scotia (Workers’ Compensation Appeals Tribunal)"",
    ""autoCompletions"": ""[{\""type\"":\""MAIN_TITLE\"",\""text\"":\""Dipersio v. Nova Scotia (Workers’ Compensation Appeals Tribunal)\""},{\""type\"":\""DECISION_OTHER_REFERENCES\"",\""text\"":\""2004 NSCA 139\""}]"",
    ""jurisdictionId"": ""unspecified"",
    ""citedCount"": 1
  }
]"
https://synthetic.leread.ca/silver/G0979,"[
  {
    ""id"": ""silver-G0979"",
    ""docType"": ""DECISION"",
    ""path"": ""/synthetic/silver/G0979"",
    ""docTitle"": ""Fraser River"",
    ""autoCompletions"": ""[{\""type\"":\""MAIN_TITLE\"",\""text\"":\""Fraser River\""},{\""type\"":\""DECISION_ALTERNATE_TITLE\"",\""text\"":\""Fraser River Pile &amp; Dredge Ltd. v. Can-Dive Services Ltd.\""},{\""type\"":\""DECISION_OTHER_REFERENCES\"",\""text\"":\""[1999] 3 S.C.R. 108\""}]"",
    ""jurisdictionId"": ""unspecified"",
    ""citedCount"": 2
  }
]"
https://synthetic.leread.ca/silver/G0980,"[
  {
    ""id"": ""silver-G0980"",
    ""docType"": ""DECISION"",
    ""path"": ""/synthetic/silver/G0980"",
    ""docTitle"": ""Garland v. Canada (Attorney General)"",
    ""autoCompletions"": ""[{\""type\"":\""MAIN_TITLE\"",\""text\"":\""Garland v. Canada (Attorney General)\""},{\""type\"":\""DECISION_ALTERNATE_TITLE\"",\""text\"":\""Garland\""},{\""type\"":\""DECISION_ALTERNATE_TITLE\"",\""text\"":\""Garland v. Consumers’ Gas Co.\""},{\""type\"":\""DECISION_OTHER_REFERENCES\"",\""text\"":\""[2004] 1 S.C.R. 629\""}]"",
    ""jurisdictionId"": ""unspecified"",
    ""citedCount"": 4
  }
]"
https://synthetic.leread.ca/silver/G0981,"[
  {
    ""id"": ""silver-G0981"",
    ""docType"": ""DECISION"",
    ""path"": ""/synthetic/silver/G0981"",
    ""docTitle"": ""Guarantee Co. of North America v. Gordon Capital Corp."",
    ""autoCompletions"": ""[{\""type\"":\""MAIN_TITLE\"",\""text\"":\""Guarantee Co. of North America v. Gordon Capital Corp.\""},{\""type\"":\""DECISION_ALTERNATE_TITLE\"",\""text\"":\""Guarantee\""},{\""type\"":\""DECISION_OTHER_REFERENCES\"",\""text\"":\""[1999] 3 S.C.R. 423\""}]"",
    ""jurisdictionId"": ""unspecified"",
    ""citedCount"": 1
  }
]"
https://synthetic.leread.ca/silver/G0983,"[
  {
    ""id"": ""silver-G0983"",
    ""docType"": ""DECISION"",
    ""path"": ""/synthetic/silver/G0983"",
    ""docTitle"": ""Kothke v. Ekblad"",
    ""autoCompletions"": ""[{\""type\"":\""MAIN_TITLE\"",\""text\"":\""Kothke v. Ekblad\""},{\""type\"":\""DECISION_OTHER_REFERENCES\"",\""text\"":\""[1999] A.J. No. 664 (C.A.)\""}]"",
    ""jurisdictionId"": ""unspecified"",
    ""citedCount"": 1
  }
]"
https://synthetic.leread.ca/silver/G0984,"[
  {
    ""id"": ""silver-G0984"",
    ""docType"": ""DECISION"",
    ""path"": ""/synthetic/silver/G0984"",
    ""docTitle"": ""McQuaid v. LaPierre"",
    ""autoCompletions"": ""[{\""type\"":\""MAIN_TITLE\"",\""text\"":\""McQuaid v. LaPierre\""},{\""type\"":\""DECISION_OTHER_REFERENCES\"",\""text\"":\""(1993), 128 N.S.R. (2d) 327 (S.C.)\""}]"",
    ""jurisdictionId"": ""unspecified"",
    ""citedCount"": 1
  }
]"
https://synthetic.leread.ca/silver/G0985,"[
  {
    ""id"": ""silver-G0985"",
    ""docType"": ""DECISION"",
    ""path"": ""/synthetic/silver/G0985"",
    ""docTitle"": ""Meredith Estate v. Orlandello"",
    ""autoCompletions"": ""[{\""type\"":\""MAIN_TITLE\"",\""text\"":\""Meredith Estate v. Orlandello\""},{\""type\"":\""DECISION_OTHER_REFERENCES\"",\""text\"":\""2005 NSCA 98\""}]"",
    ""jurisdictionId"": ""unspecified"",
    ""citedCount"": 1
  }
]"
https://synthetic.leread.ca/silver/G0986,"[
  {
    ""id"": ""silver-G0986"",
    ""docType"": ""DECISION"",
    ""path"": ""/synthetic/silver/G0986"",
    ""docTitle"": ""Miller Paving Ltd. v. B. Gottardo Construction Ltd."",
    ""autoCompletions"": ""[{\""type\"":\""MAIN_TITLE\"",\""text\"":\""Miller Paving Ltd. v. B. Gottardo Construction Ltd.\""},{\""type\"":\""DECISION_OTHER_REFERENCES\"",\""text\"":\""[2005] O.J. No. 1206 (Ont. S.C.J.)\""},{\""type\"":\""DECISION_OTHER_REFERENCES\"",\""text\"":\""[2007] O.J. No. 2227 (C.A.)\""}]"",
    ""jurisdictionId"": ""unspecified"",
    ""citedCount"": 2
  }
]"
https://synthetic.leread.ca/silver/G0987,"[
  {
    ""id"": ""silver-G0987"",
    ""docType"": ""LEGISLATION"",
    ""path"": ""/synthetic/silver/G0987"",
    ""docTitle"": ""Nova Scotia Civil Procedure Rules"",
    ""autoCompletions"": ""[{\""type\"":\""MAIN_TITLE\"",\""text\"":\""Nova Scotia Civil Procedure Rules\""},{\""type\"":\""LEGISLATION_ALTERNATE_TITLE\"",\""text\"":\""Civil Procedure Rules\""},{\""type\"":\""LEGISLATION_ALTERNATE_TITLE\"",\""text\"":\""Rule\""},{\""type\"":\""LEGISLATION_ALTERNATE_TITLE\"",\""text\"":\""Rule 13.04\""},{\""type\"":\""LEGISLATION_ALTERNATE_TITLE\"",\""text\"":\""Rule 13.04(6)(a)\""},{\""type\"":\""LEGISLATION_ALTERNATE_TITLE\"",\""text\"":\""Rules\""},{\""type\"":\""LEGISLATION_ALTERNATE_TITLE\"",\""text\"":\""Rules 13.04 and 6\""}]"",
    ""jurisdictionId"": ""unspecified"",
    ""citedCount"": 56
  }
]"
https://synthetic.leread.ca/silver/G0988,"[
  {
    ""id"": ""silver-G0988"",
    ""docType"": ""DECISION"",
    ""path"": ""/synthetic/silver/G0988"",
    ""docTitle"": ""Nowe v. Allstate Insurance Co. of Canada"",
    ""autoCompletions"": ""[{\""type\"":\""MAIN_TITLE\"",\""text\"":\""Nowe v. Allstate Insurance Co. of Canada\""},{\""type\"":\""DECISION_OTHER_REFERENCES\"",\""text\"":\""(1996), 157 N.S.R. (2d) 148 (S.C.)\""}]"",
    ""jurisdictionId"": ""unspecified"",
    ""citedCount"": 1
  }
]"
https://synthetic.leread.ca/silver/G0990,"[
  {
    ""id"": ""silver-G0990"",
    ""docType"": ""DECISION"",
    ""path"": ""/synthetic/silver/G0990"",
    ""docTitle"": ""Paletta v. Agro"",
    ""autoCompletions"": ""[{\""type\"":\""MAIN_TITLE\"",\""text\"":\""Paletta v. Agro\""},{\""type\"":\""DECISION_OTHER_REFERENCES\"",\""text\"":\""[1990] O.J. No. 1417 (S.C. – H.C.J.)\""}]"",
    ""jurisdictionId"": ""unspecified"",
    ""citedCount"": 1
  }
]"
https://synthetic.leread.ca/silver/G0991,"[
  {
    ""id"": ""silver-G0991"",
    ""docType"": ""DECISION"",
    ""path"": ""/synthetic/silver/G0991"",
    ""docTitle"": ""Peter v. Beblow"",
    ""autoCompletions"": ""[{\""type\"":\""MAIN_TITLE\"",\""text\"":\""Peter v. Beblow\""},{\""type\"":\""DECISION_ALTERNATE_TITLE\"",\""text\"":\""Peter\""},{\""type\"":\""DECISION_OTHER_REFERENCES\"",\""text\"":\""[1993] 1 S.C.R. 980\""}]"",
    ""jurisdictionId"": ""unspecified"",
    ""citedCount"": 1
  }
]"
https://synthetic.leread.ca/silver/G0992,"[
  {
    ""id"": ""silver-G0992"",
    ""docType"": ""DECISION"",
    ""path"": ""/synthetic/silver/G0992"",
    ""docTitle"": ""Peter v. Canada (Attorney General)"",
    ""autoCompletions"": ""[{\""type\"":\""MAIN_TITLE\"",\""text\"":\""Peter v. Canada (Attorney General)\""},{\""type\"":\""DECISION_ALTERNATE_TITLE\"",\""text\"":\""<i>Peter</i>\""},{\""type\"":\""DECISION_ALTERNATE_TITLE\"",\""text\"":\""Peter\""}]"",
    ""jurisdictionId"": ""unspecified"",
    ""citedCount"": 2
  }
]"
https://synthetic.leread.ca/silver/G0993,"[
  {
    ""id"": ""silver-G0993"",
    ""docType"": ""DECISION"",
    ""path"": ""/synthetic/silver/G0993"",
    ""docTitle"": ""Pettkus v. Becker"",
    ""autoCompletions"": ""[{\""type\"":\""MAIN_TITLE\"",\""text\"":\""Pettkus v. Becker\""},{\""type\"":\""DECISION_ALTERNATE_TITLE\"",\""text\"":\""Pettkus\""},{\""type\"":\""DECISION_OTHER_REFERENCES\"",\""text\"":\""[1980] 2 S.C.R. 834\""}]"",
    ""jurisdictionId"": ""unspecified"",
    ""citedCount"": 1
  }
]"
https://synthetic.leread.ca/silver/G0994,"[
  {
    ""id"": ""silver-G0994"",
    ""docType"": ""DECISION"",
    ""path"": ""/synthetic/silver/G0994"",
    ""docTitle"": ""Pettkus v. Quebec (Attorney General)"",
    ""autoCompletions"": ""[{\""type\"":\""MAIN_TITLE\"",\""text\"":\""Pettkus v. Quebec (Attorney General)\""},{\""type\"":\""DECISION_ALTERNATE_TITLE\"",\""text\"":\""Pettkus\""}]"",
    ""jurisdictionId"": ""unspecified"",
    ""citedCount"": 2
  }
]"
https://synthetic.leread.ca/silver/G0995,"[
  {
    ""id"": ""silver-G0995"",
    ""docType"": ""DECISION"",
    ""path"": ""/synthetic/silver/G0995"",
    ""docTitle"": ""R. v. Pappas"",
    ""autoCompletions"": ""[{\""type\"":\""MAIN_TITLE\"",\""text\"":\""R. v. Pappas\""},{\""type\"":\""DECISION_ALTERNATE_TITLE\"",\""text\"":\""R v. Pappas\""},{\""type\"":\""DECISION_OTHER_REFERENCES\"",\""text\"":\""[2013] 3 S.C.R. 452\""}]"",
    ""jurisdictionId"": ""unspecified"",
    ""citedCount"": 1
  }
]"
https://synthetic.leread.ca/silver/G0996,"[
  {
    ""id"": ""silver-G0996"",
    ""docType"": ""DECISION"",
    ""path"": ""/synthetic/silver/G0996"",
    ""docTitle"": ""Shannex Inc. v. Dora Construction Ltd."",
    ""autoCompletions"": ""[{\""type\"":\""MAIN_TITLE\"",\""text\"":\""Shannex Inc. v. Dora Construction Ltd.\""},{\""type\"":\""DECISION_OTHER_REFERENCES\"",\""text\"":\""2016 NSCA 89\""}]"",
    ""jurisdictionId"": ""unspecified"",
    ""citedCount"": 2
  }
]"
https://synthetic.leread.ca/silver/G0997,"[
  {
    ""id"": ""silver-G0997"",
    ""docType"": ""DECISION"",
    ""path"": ""/synthetic/silver/G0997"",
    ""docTitle"": ""Simkeslak Investments Ltd. v. Kolter Yonge LP Ltd."",
    ""autoCompletions"": ""[{\""type\"":\""MAIN_TITLE\"",\""text\"":\""Simkeslak Investments Ltd. v. Kolter Yonge LP Ltd.\""},{\""type\"":\""DECISION_OTHER_REFERENCES\"",\""text\"":\""2011 ONSC 7134 (CanLII)\""},{\""type\"":\""DECISION_OTHER_REFERENCES\"",\""text\"":\""[2013] O.J. No. 769 (C.A.)\""}]"",
    ""jurisdictionId"": ""unspecified"",
    ""citedCount"": 2
  }
]"
https://synthetic.leread.ca/silver/G0998,"[
  {
    ""id"": ""silver-G0998"",
    ""docType"": ""DECISION"",
    ""path"": ""/synthetic/silver/G0998"",
    ""docTitle"": ""Sinclair-Cockburn v. Canada"",
    ""autoCompletions"": ""[{\""type\"":\""MAIN_TITLE\"",\""text\"":\""Sinclair-Cockburn v. Canada\""},{\""type\"":\""DECISION_ALTERNATE_TITLE\"",\""text\"":\""Sinclair-Cockburn\""},{\""type\"":\""DECISION_ALTERNATE_TITLE\"",\""text\"":\""Sinclair-Cockburn Insurance Brokers Ltd. v. Richards\""},{\""type\"":\""DECISION_OTHER_REFERENCES\"",\""text\"":\""(2002), 61 O.R. (3d) 105 (C.A.)\""}]"",
    ""jurisdictionId"": ""unspecified"",
    ""citedCount"": 2
  }
]"
https://synthetic.leread.ca/silver/G0999,"[
  {
    ""id"": ""silver-G0999"",
    ""docType"": ""DECISION"",
    ""path"": ""/synthetic/silver/G0999"",
    ""docTitle"": ""Taske Technology Inc. v. PrairieFyre Software Inc."",
    ""autoCompletions"": ""[{\""type\"":\""MAIN_TITLE\"",\""text\"":\""Taske Technology Inc. v. PrairieFyre Software Inc.\""},{\""type\"":\""DECISION_OTHER_REFERENCES\"",\""text\"":\""[2004] O.J. No. 6019 (Ont. S.C.J. Master)\""},{\""type\"":\""DECISION_OTHER_REFERENCES\"",\""text\"":\""[2005] O.J. No. 2683 (Ont. S.C.J. Div. Ct.)\""}]"",
    ""jurisdictionId"": ""unspecified"",
    ""citedCount"": 2
  }
]"
https://synthetic.leread.ca/silver/G1000,"[
  {
    ""id"": ""silver-G1000"",
    ""docType"": ""LEGISLATION"",
    ""path"": ""/synthetic/silver/G1000"",
    ""docTitle"": ""Tortfeasors Act"",
    ""autoCompletions"": ""[{\""type\"":\""MAIN_TITLE\"",\""text\"":\""Tortfeasors Act\""},{\""type\"":\""LEGISLATION_REFERENCE\"",\""text\"":\""R.S.N.S. 1989, c. 471\""}]"",
    ""jurisdictionId"": ""unspecified"",
    ""citedCount"": 2
  }
]"
https://synthetic.leread.ca/silver/G1001,"[
  {
    ""id"": ""silver-G1001"",
    ""docType"": ""DECISION"",
    ""path"": ""/synthetic/silver/G1001"",
    ""docTitle"": ""Waldman v. D.N. Kimberley Insurance Brokers Ltd."",
    ""autoCompletions"": ""[{\""type\"":\""MAIN_TITLE\"",\""text\"":\""Waldman v. D.N. Kimberley Insurance Brokers Ltd.\""},{\""type\"":\""DECISION_OTHER_REFERENCES\"",\""text\"":\""[1998] O.J. No. 4974 (C.J. – Gen. Div.)\""}]"",
    ""jurisdictionId"": ""unspecified"",
    ""citedCount"": 1
  }
]"
https://synthetic.leread.ca/silver/G1002,"[
  {
    ""id"": ""silver-G1002"",
    ""docType"": ""DECISION"",
    ""path"": ""/synthetic/silver/G1002"",
    ""docTitle"": ""Ysselstein v. Tallon"",
    ""autoCompletions"": ""[{\""type\"":\""MAIN_TITLE\"",\""text\"":\""Ysselstein v. Tallon\""},{\""type\"":\""DECISION_OTHER_REFERENCES\"",\""text\"":\""[1992] O.J. No. 881 (C.J. – Gen. Div.)\""}]"",
    ""jurisdictionId"": ""unspecified"",
    ""citedCount"": 1
  }
]"
https://synthetic.leread.ca/silver/G1003,"[
  {
    ""id"": ""silver-G1003"",
    ""docType"": ""DECISION"",
    ""path"": ""/synthetic/silver/G1003"",
    ""docTitle"": ""1056470 Ontario Inc. v. Goh (1997)"",
    ""autoCompletions"": ""[{\""type\"":\""MAIN_TITLE\"",\""text\"":\""1056470 Ontario Inc. v. Goh (1997)\""},{\""type\"":\""DECISION_OTHER_REFERENCES\"",\""text\"":\""34 O.R. (3d) 92 (Gen. Div.)\""}]"",
    ""jurisdictionId"": ""unspecified"",
    ""citedCount"": 1
  }
]"
https://synthetic.leread.ca/silver/G1004,"[
  {
    ""id"": ""silver-G1004"",
    ""docType"": ""DECISION"",
    ""path"": ""/synthetic/silver/G1004"",
    ""docTitle"": ""1493677 Ontario Ltd. v. Crain"",
    ""autoCompletions"": ""[{\""type\"":\""MAIN_TITLE\"",\""text\"":\""1493677 Ontario Ltd. v. Crain\""},{\""type\"":\""DECISION_OTHER_REFERENCES\"",\""text\"":\""[2008] O.J. No. 3236 (S.C.J. ‑ Mast.)\""}]"",
    ""jurisdictionId"": ""unspecified"",
    ""citedCount"": 1
  }
]"
https://synthetic.leread.ca/silver/G1005,"[
  {
    ""id"": ""silver-G1005"",
    ""docType"": ""DECISION"",
    ""path"": ""/synthetic/silver/G1005"",
    ""docTitle"": ""671122 Ont. Ltd."",
    ""autoCompletions"": ""[{\""type\"":\""MAIN_TITLE\"",\""text\"":\""671122 Ont. Ltd.\""}]"",
    ""jurisdictionId"": ""unspecified"",
    ""citedCount"": 1
  }
]"
https://synthetic.leread.ca/silver/G1006,"[
  {
    ""id"": ""silver-G1006"",
    ""docType"": ""DECISION"",
    ""path"": ""/synthetic/silver/G1006"",
    ""docTitle"": ""ABI Biotechnology Inc. v. Apotex Inc."",
    ""autoCompletions"": ""[{\""type\"":\""MAIN_TITLE\"",\""text\"":\""ABI Biotechnology Inc. v. Apotex Inc.\""},{\""type\"":\""DECISION_ALTERNATE_TITLE\"",\""text\"":\""ABI Biotechnology\""},{\""type\"":\""DECISION_OTHER_REFERENCES\"",\""text\"":\""[2000] M.J. No. 14 (C.A.)\""}]"",
    ""jurisdictionId"": ""unspecified"",
    ""citedCount"": 2
  }
]"
https://synthetic.leread.ca/silver/G1007,"[
  {
    ""id"": ""silver-G1007"",
    ""docType"": ""DECISION"",
    ""path"": ""/synthetic/silver/G1007"",
    ""docTitle"": ""ATL Industries Inc. v. Han Eol Ind. Co."",
    ""autoCompletions"": ""[{\""type\"":\""MAIN_TITLE\"",\""text\"":\""ATL Industries Inc. v. Han Eol Ind. Co.\""},{\""type\"":\""DECISION_ALTERNATE_TITLE\"",\""text\"":\""Han Holdings Ltd.\""},{\""type\"":\""DECISION_OTHER_REFERENCES\"",\""text\"":\""[1995], 36 C.P.C. (3d) 288 (Ont. Gen. Div.)\""}]"",
    ""jurisdictionId"": ""unspecified"",
    ""citedCount"": 2
  }
]"
https://synthetic.leread.ca/silver/G1008,"[
  {
    ""id"": ""silver-G1008"",
    ""docType"": ""DECISION"",
    ""path"": ""/synthetic/silver/G1008"",
    ""docTitle"": ""Air Canada v. WestJet Airlines Ltd."",
    ""autoCompletions"": ""[{\""type\"":\""MAIN_TITLE\"",\""text\"":\""Air Canada v. WestJet Airlines Ltd.\""},{\""type\"":\""DECISION_OTHER_REFERENCES\"",\""text\"":\""2005 CarswellOnt 7420\""},{\""type\"":\""DECISION_OTHER_REFERENCES\"",\""text\"":\""[2005] O.J. No. 5512\""}]"",
    ""jurisdictionId"": ""unspecified"",
    ""citedCount"": 1
  }
]"
https://synthetic.leread.ca/silver/G1009,"[
  {
    ""id"": ""silver-G1009"",
    ""docType"": ""DECISION"",
    ""path"": ""/synthetic/silver/G1009"",
    ""docTitle"": ""Aluma Systems Canada Inc. v. Strait Crossing Inc."",
    ""autoCompletions"": ""[{\""type\"":\""MAIN_TITLE\"",\""text\"":\""Aluma Systems Canada Inc. v. Strait Crossing Inc.\""},{\""type\"":\""DECISION_ALTERNATE_TITLE\"",\""text\"":\""Aluma\""},{\""type\"":\""DECISION_OTHER_REFERENCES\"",\""text\"":\""2004 PESCTD 12\""}]"",
    ""jurisdictionId"": ""unspecified"",
    ""citedCount"": 2
  }
]"
https://synthetic.leread.ca/silver/G1010,"[
  {
    ""id"": ""silver-G1010"",
    ""docType"": ""DECISION"",
    ""path"": ""/synthetic/silver/G1010"",
    ""docTitle"": ""Aviaco International Leasing Inc. v. Boeing Canada Inc."",
    ""autoCompletions"": ""[{\""type\"":\""MAIN_TITLE\"",\""text\"":\""Aviaco International Leasing Inc. v. Boeing Canada Inc.\""},{\""type\"":\""DECISION_OTHER_REFERENCES\"",\""text\"":\""2000 CarswellOnt 3088\""},{\""type\"":\""DECISION_OTHER_REFERENCES\"",\""text\"":\""[2000] O.J. 3284\""}]"",
    ""jurisdictionId"": ""unspecified"",
    ""citedCount"": 1
  }
]"
https://synthetic.leread.ca/silver/G1011,"[
  {
    ""id"": ""silver-G1011"",
    ""docType"": ""DECISION"",
    ""path"": ""/synthetic/silver/G1011"",
    ""docTitle"": ""Ayangma v. Prince Edward Island"",
    ""autoCompletions"": ""[{\""type\"":\""MAIN_TITLE\"",\""text\"":\""Ayangma v. Prince Edward Island\""},{\""type\"":\""DECISION_ALTERNATE_TITLE\"",\""text\"":\""Ayangma\""},{\""type\"":\""DECISION_OTHER_REFERENCES\"",\""text\"":\""2005 PESCTD 25\""}]"",
    ""jurisdictionId"": ""unspecified"",
    ""citedCount"": 4
  }
]"
https://synthetic.leread.ca/silver/G1012,"[
  {
    ""id"": ""silver-G1012"",
    ""docType"": ""DECISION"",
    ""path"": ""/synthetic/silver/G1012"",
    ""docTitle"": ""Bruno v. Bruno"",
    ""autoCompletions"": ""[{\""type\"":\""MAIN_TITLE\"",\""text\"":\""Bruno v. Bruno\""},{\""type\"":\""DECISION_ALTERNATE_TITLE\"",\""text\"":\""Bruno\""},{\""type\"":\""DECISION_OTHER_REFERENCES\"",\""text\"":\""[2007] O.J. No. 4096\""}]"",
    ""jurisdictionId"": ""unspecified"",
    ""citedCount"": 1
  }
]"
https://synthetic.leread.ca/silver/G1013,"[
  {
    ""id"": ""silver-G1013"",
    ""docType"": ""DECISION"",
    ""path"": ""/synthetic/silver/G1013"",
    ""docTitle"": ""Burgalia"",
    ""autoCompletions"": ""[{\""type\"":\""MAIN_TITLE\"",\""text\"":\""Burgalia\""}]"",
    ""jurisdictionId"": ""unspecified"",
    ""citedCount"": 1
  }
]"
https://synthetic.leread.ca/silver/G1014,"[
  {
    ""id"": ""silver-G1014"",
    ""docType"": ""DECISION"",
    ""path"": ""/synthetic/silver/G1014"",
    ""docTitle"": ""CASP et al. v. Canada (Attorney General)"",
    ""autoCompletions"": ""[{\""type\"":\""MAIN_TITLE\"",\""text\"":\""CASP et al. v. Canada (Attorney General)\""},{\""type\"":\""DECISION_OTHER_REFERENCES\"",\""text\"":\""2015 PESC 25\""}]"",
    ""jurisdictionId"": ""unspecified"",
    ""citedCount"": 1
  }
]"
https://synthetic.leread.ca/silver/G1015,"[
  {
    ""id"": ""silver-G1015"",
    ""docType"": ""DECISION"",
    ""path"": ""/synthetic/silver/G1015"",
    ""docTitle"": ""CMT et al. v. Govt of PEI et al."",
    ""autoCompletions"": ""[{\""type\"":\""MAIN_TITLE\"",\""text\"":\""CMT et al. v. Govt of PEI et al.\""},{\""type\"":\""DECISION_OTHER_REFERENCES\"",\""text\"":\""2016 PESC 4\""}]"",
    ""jurisdictionId"": ""unspecified"",
    ""citedCount"": 1
  }
]"
https://synthetic.leread.ca/silver/G1016,"[
  {
    ""id"": ""silver-G1016"",
    ""docType"": ""DECISION"",
    ""path"": ""/synthetic/silver/G1016"",
    ""docTitle"": ""Coastline Corp. v. Canaccord Capital Corp."",
    ""autoCompletions"": ""[{\""type\"":\""MAIN_TITLE\"",\""text\"":\""Coastline Corp. v. Canaccord Capital Corp.\""},{\""type\"":\""DECISION_OTHER_REFERENCES\"",\""text\"":\""[2009] O.J. No. 1790\""}]"",
    ""jurisdictionId"": ""unspecified"",
    ""citedCount"": 1
  }
]"
https://synthetic.leread.ca/silver/G1017,"[
  {
    ""id"": ""silver-G1017"",
    ""docType"": ""DECISION"",
    ""path"": ""/synthetic/silver/G1017"",
    ""docTitle"": ""Crudo Creative Inc. v. Marin"",
    ""autoCompletions"": ""[{\""type\"":\""MAIN_TITLE\"",\""text\"":\""Crudo Creative Inc. v. Marin\""},{\""type\"":\""DECISION_ALTERNATE_TITLE\"",\""text\"":\""Crudo\""},{\""type\"":\""DECISION_OTHER_REFERENCES\"",\""text\"":\""2007 CarswellOnt 8895\""},{\""type\"":\""DECISION_OTHER_REFERENCES\"",\""text\"":\""[2007] O.J. No. 5334\""}]"",
    ""jurisdictionId"": ""unspecified"",
    ""citedCount"": 2
  }
]"
https://synthetic.leread.ca/silver/G1018,"[
  {
    ""id"": ""silver-G1018"",
    ""docType"": ""DECISION"",
    ""path"": ""/synthetic/silver/G1018"",
    ""docTitle"": ""Design 19 Construction Ltd. v. Marks"",
    ""autoCompletions"": ""[{\""type\"":\""MAIN_TITLE\"",\""text\"":\""Design 19 Construction Ltd. v. Marks\""},{\""type\"":\""DECISION_OTHER_REFERENCES\"",\""text\"":\""[2002] O.J. No. 1091 (S.C.J.)\""}]"",
    ""jurisdictionId"": ""unspecified"",
    ""citedCount"": 1
  }
]"
https://synthetic.leread.ca/silver/G1019,"[
  {
    ""id"": ""silver-G1019"",
    ""docType"": ""DECISION"",
    ""path"": ""/synthetic/silver/G1019"",
    ""docTitle"": ""Donovan v. QCRS"",
    ""autoCompletions"": ""[{\""type\"":\""MAIN_TITLE\"",\""text\"":\""Donovan v. QCRS\""},{\""type\"":\""DECISION_OTHER_REFERENCES\"",\""text\"":\""2016 PECA 1\""}]"",
    ""jurisdictionId"": ""unspecified"",
    ""citedCount"": 1
  }
]"
https://synthetic.leread.ca/silver/G1020,"[
  {
    ""id"": ""silver-G1020"",
    ""docType"": ""DECISION"",
    ""path"": ""/synthetic/silver/G1020"",
    ""docTitle"": ""Elbaz v. Prince Edward Island (Minister of the Crown)"",
    ""autoCompletions"": ""[{\""type\"":\""MAIN_TITLE\"",\""text\"":\""Elbaz v. Prince Edward Island (Minister of the Crown)\""},{\""type\"":\""DECISION_ALTERNATE_TITLE\"",\""text\"":\""Elbaz\""},{\""type\"":\""DECISION_OTHER_REFERENCES\"",\""text\"":\""2010 PECA 9\""}]"",
    ""jurisdictionId"": ""unspecified"",
    ""citedCount"": 2
  }
]"
https://synthetic.leread.ca/silver/G1021,"[
  {
    ""id"": ""silver-G1021"",
    ""docType"": ""DECISION"",
    ""path"": ""/synthetic/silver/G1021"",
    ""docTitle"": ""Fairbanks v. Nova Scotia (Attorney General)"",
    ""autoCompletions"": ""[{\""type\"":\""MAIN_TITLE\"",\""text\"":\""Fairbanks v. Nova Scotia (Attorney General)\""},{\""type\"":\""DECISION_OTHER_REFERENCES\"",\""text\"":\""(2000) 190 N.S.R. (2d) 120\""},{\""type\"":\""DECISION_OTHER_REFERENCES\"",\""text\"":\""2000 CarswellNS 399\""}]"",
    ""jurisdictionId"": ""unspecified"",
    ""citedCount"": 1
  }
]"
https://synthetic.leread.ca/silver/G1022,"[
  {
    ""id"": ""silver-G1022"",
    ""docType"": ""DECISION"",
    ""path"": ""/synthetic/silver/G1022"",
    ""docTitle"": ""Fat Mel"",
    ""autoCompletions"": ""[{\""type\"":\""MAIN_TITLE\"",\""text\"":\""Fat Mel\""},{\""type\"":\""DECISION_ALTERNATE_TITLE\"",\""text\"":\""Fat Mel's Restaurant v. Canadian Northern Shield Insurance Co. (1993)\""},{\""type\"":\""DECISION_OTHER_REFERENCES\"",\""text\"":\""76 B.C.L.R. (2d) 231 (C.A.)\""}]"",
    ""jurisdictionId"": ""unspecified"",
    ""citedCount"": 1
  }
]"
https://synthetic.leread.ca/silver/G1023,"[
  {
    ""id"": ""silver-G1023"",
    ""docType"": ""DECISION"",
    ""path"": ""/synthetic/silver/G1023"",
    ""docTitle"": ""Foy v. Foy (No. 2)"",
    ""autoCompletions"": ""[{\""type\"":\""MAIN_TITLE\"",\""text\"":\""Foy v. Foy (No. 2)\""},{\""type\"":\""DECISION_ALTERNATE_TITLE\"",\""text\"":\""Foy v. Foy (No. 2) (1979)\""},{\""type\"":\""DECISION_OTHER_REFERENCES\"",\""text\"":\""26 O.R. (2d) 220 (C.A.)\""}]"",
    ""jurisdictionId"": ""unspecified"",
    ""citedCount"": 1
  }
]"
https://synthetic.leread.ca/silver/G1024,"[
  {
    ""id"": ""silver-G1024"",
    ""docType"": ""DECISION"",
    ""path"": ""/synthetic/silver/G1024"",
    ""docTitle"": ""George v. Harris"",
    ""autoCompletions"": ""[{\""type\"":\""MAIN_TITLE\"",\""text\"":\""George v. Harris\""},{\""type\"":\""DECISION_OTHER_REFERENCES\"",\""text\"":\""[2000] O.J. No. 1762 (S.C.J.)\""}]"",
    ""jurisdictionId"": ""unspecified"",
    ""citedCount"": 1
  }
]"
https://synthetic.leread.ca/silver/G1025,"[
  {
    ""id"": ""silver-G1025"",
    ""docType"": ""DECISION"",
    ""path"": ""/synthetic/silver/G1025"",
    ""docTitle"": ""H.V.K. v. Children"",
    ""autoCompletions"": ""[{\""type\"":\""MAIN_TITLE\"",\""text\"":\""H.V.K. v. Children\""},{\""type\"":\""DECISION_ALTERNATE_TITLE\"",\""text\"":\""H.V.K. v. Children's Aid Society of Haldimand‑Norfolk\""},{\""type\"":\""DECISION_OTHER_REFERENCES\"",\""text\"":\""[2003] O.J. No. 1572 (S.C.J.)\""}]"",
    ""jurisdictionId"": ""unspecified"",
    ""citedCount"": 1
  }
]"
https://synthetic.leread.ca/silver/G1026,"[
  {
    ""id"": ""silver-G1026"",
    ""docType"": ""DECISION"",
    ""path"": ""/synthetic/silver/G1026"",
    ""docTitle"": ""Haggard v. Pelicier Freres"",
    ""autoCompletions"": ""[{\""type\"":\""MAIN_TITLE\"",\""text\"":\""Haggard v. Pelicier Freres\""},{\""type\"":\""DECISION_OTHER_REFERENCES\"",\""text\"":\""[1892] A.C. 61\""}]"",
    ""jurisdictionId"": ""unspecified"",
    ""citedCount"": 1
  }
]"
https://synthetic.leread.ca/silver/G1027,"[
  {
    ""id"": ""silver-G1027"",
    ""docType"": ""DECISION"",
    ""path"": ""/synthetic/silver/G1027"",
    ""docTitle"": ""House of Spring Gardens Ltd. v. Wait"",
    ""autoCompletions"": ""[{\""type\"":\""MAIN_TITLE\"",\""text\"":\""House of Spring Gardens Ltd. v. Wait\""},{\""type\"":\""DECISION_OTHER_REFERENCES\"",\""text\"":\""[1990] 3 W.L.R. 347 (C.A.)\""}]"",
    ""jurisdictionId"": ""unspecified"",
    ""citedCount"": 1
  }
]"
https://synthetic.leread.ca/silver/G1029,"[
  {
    ""id"": ""silver-G1029"",
    ""docType"": ""DECISION"",
    ""path"": ""/synthetic/silver/G1029"",
    ""docTitle"": ""John Wink Ltd. v. Sico Inc."",
    ""autoCompletions"": ""[{\""type\"":\""MAIN_TITLE\"",\""text\"":\""John Wink Ltd. v. Sico Inc.\""},{\""type\"":\""DECISION_OTHER_REFERENCES\"",\""text\"":\""(1987), 57 O.R. (2d) 705\""},{\""type\"":\""DECISION_OTHER_REFERENCES\"",\""text\"":\""15 C.P.C. (2d) 187\""}]"",
    ""jurisdictionId"": ""unspecified"",
    ""citedCount"": 1
  }
]"
https://synthetic.leread.ca/silver/G1030,"[
  {
    ""id"": ""silver-G1030"",
    ""docType"": ""DECISION"",
    ""path"": ""/synthetic/silver/G1030"",
    ""docTitle"": ""Johnston v. Montreal Trust Co. of Canada"",
    ""autoCompletions"": ""[{\""type\"":\""MAIN_TITLE\"",\""text\"":\""Johnston v. Montreal Trust Co. of Canada\""},{\""type\"":\""DECISION_OTHER_REFERENCES\"",\""text\"":\""110 Nfld &amp; P.E.I.R. 276\""},{\""type\"":\""DECISION_OTHER_REFERENCES\"",\""text\"":\""1993 CarswellPEI 158\""},{\""type\"":\""DECISION_OTHER_REFERENCES\"",\""text\"":\""346 A.P.R. 276\""},{\""type\"":\""DECISION_OTHER_REFERENCES\"",\""text\"":\""[1993] P.E.I.J. No. 57\""}]"",
    ""jurisdictionId"": ""unspecified"",
    ""citedCount"": 2
  }
]"
https://synthetic.leread.ca/silver/G1031,"[
  {
    ""id"": ""silver-G1031"",
    ""docType"": ""DECISION"",
    ""path"": ""/synthetic/silver/G1031"",
    ""docTitle"": ""Kurzela v. 526442 Ontario Ltd. (1988)"",
    ""autoCompletions"": ""[{\""type\"":\""MAIN_TITLE\"",\""text\"":\""Kurzela v. 526442 Ontario Ltd. (1988)\""},{\""type\"":\""DECISION_OTHER_REFERENCES\"",\""text\"":\""66 O.R. (2d) 446 (Div. Ct.)\""}]"",
    ""jurisdictionId"": ""unspecified"",
    ""citedCount"": 1
  }
]"
https://synthetic.leread.ca/silver/G1032,"[
  {
    ""id"": ""silver-G1032"",
    ""docType"": ""DECISION"",
    ""path"": ""/synthetic/silver/G1032"",
    ""docTitle"": ""Margem Chartering Co. v. Cosena S.R.L."",
    ""autoCompletions"": ""[{\""type\"":\""MAIN_TITLE\"",\""text\"":\""Margem Chartering Co. v. Cosena S.R.L.\""},{\""type\"":\""DECISION_OTHER_REFERENCES\"",\""text\"":\""(1997) 127 F.T.R. 161\""},{\""type\"":\""DECISION_OTHER_REFERENCES\"",\""text\"":\""[1997] 2 F.C. 1001 (Fed. T.D.)\""}]"",
    ""jurisdictionId"": ""unspecified"",
    ""citedCount"": 1
  }
]"
https://synthetic.leread.ca/silver/G1033,"[
  {
    ""id"": ""silver-G1033"",
    ""docType"": ""DECISION"",
    ""path"": ""/synthetic/silver/G1033"",
    ""docTitle"": ""McIlKenny v. Chief Constable of West Midlands Police"",
    ""autoCompletions"": ""[{\""type\"":\""MAIN_TITLE\"",\""text\"":\""McIlKenny v. Chief Constable of West Midlands Police\""},{\""type\"":\""DECISION_ALTERNATE_TITLE\"",\""text\"":\""McIlKenny v. Chief Constable of West Midlands Police (sub nom. Hunter v. Chief Constable of West Midlands Police)\""},{\""type\"":\""DECISION_OTHER_REFERENCES\"",\""text\"":\""[1982] A.C. 529\""}]"",
    ""jurisdictionId"": ""unspecified"",
    ""citedCount"": 1
  }
]"
https://synthetic.leread.ca/silver/G1034,"[
  {
    ""id"": ""silver-G1034"",
    ""docType"": ""DECISION"",
    ""path"": ""/synthetic/silver/G1034"",
    ""docTitle"": ""Morton v. Canada"",
    ""autoCompletions"": ""[{\""type\"":\""MAIN_TITLE\"",\""text\"":\""Morton v. Canada\""},{\""type\"":\""DECISION_OTHER_REFERENCES\"",\""text\"":\""(2005), 75 O.R. (3d) 63 (S.C.J.)\""}]"",
    ""jurisdictionId"": ""unspecified"",
    ""citedCount"": 1
  }
]"
https://synthetic.leread.ca/silver/G1035,"[
  {
    ""id"": ""silver-G1035"",
    ""docType"": ""DECISION"",
    ""path"": ""/synthetic/silver/G1035"",
    ""docTitle"": ""National Police of Columbia v. Dash 224 LLC"",
    ""autoCompletions"": ""[{\""type\"":\""MAIN_TITLE\"",\""text\"":\""National Police of Columbia v. Dash 224 LLC\""},{\""type\"":\""DECISION_OTHER_REFERENCES\"",\""text\"":\""2014 PECA 16\""}]"",
    ""jurisdictionId"": ""unspecified"",
    ""citedCount"": 1
  }
]"
https://synthetic.leread.ca/silver/G1036,"[
  {
    ""id"": ""silver-G1036"",
    ""docType"": ""DECISION"",
    ""path"": ""/synthetic/silver/G1036"",
    ""docTitle"": ""Normart Management Ltd. v. West Hill Redevelopment Co."",
    ""autoCompletions"": ""[{\""type\"":\""MAIN_TITLE\"",\""text\"":\""Normart Management Ltd. v. West Hill Redevelopment Co.\""},{\""type\"":\""DECISION_OTHER_REFERENCES\"",\""text\"":\""(1998), 155 D.L.R. (4th) 627 (C.A.)\""}]"",
    ""jurisdictionId"": ""unspecified"",
    ""citedCount"": 1
  }
]"
https://synthetic.leread.ca/silver/G1037,"[
  {
    ""id"": ""silver-G1037"",
    ""docType"": ""DOCTRINE"",
    ""path"": ""/synthetic/silver/G1037"",
    ""docTitle"": ""Odgers on High Court Pleading and Practice"",
    ""autoCompletions"": ""[{\""type\"":\""MAIN_TITLE\"",\""text\"":\""Odgers on High Court Pleading and Practice\""},{\""type\"":\""DOCTRINE_AUTHOR\"",\""text\"":\""Casson\""}]"",
    ""jurisdictionId"": ""unspecified"",
    ""citedCount"": 1
  }
]"
https://synthetic.leread.ca/silver/G1038,"[
  {
    ""id"": ""silver-G1038"",
    ""docType"": ""DECISION"",
    ""path"": ""/synthetic/silver/G1038"",
    ""docTitle"": ""Ontario v. Rothmans Inc."",
    ""autoCompletions"": ""[{\""type\"":\""MAIN_TITLE\"",\""text\"":\""Ontario v. Rothmans Inc.\""},{\""type\"":\""DECISION_ALTERNATE_TITLE\"",\""text\"":\""Rothmans\""},{\""type\"":\""DECISION_OTHER_REFERENCES\"",\""text\"":\""2014 ONSC 3382\""}]"",
    ""jurisdictionId"": ""unspecified"",
    ""citedCount"": 2
  }
]"
https://synthetic.leread.ca/silver/G1039,"[
  {
    ""id"": ""silver-G1039"",
    ""docType"": ""DECISION"",
    ""path"": ""/synthetic/silver/G1039"",
    ""docTitle"": ""Operation Dismantle Inc. v R."",
    ""autoCompletions"": ""[{\""type\"":\""MAIN_TITLE\"",\""text\"":\""Operation Dismantle Inc. v R.\""},{\""type\"":\""DECISION_ALTERNATE_TITLE\"",\""text\"":\""Operation Dismantle\""},{\""type\"":\""DECISION_OTHER_REFERENCES\"",\""text\"":\""[1985] 1 S.C.R. 441 (S.C.C.)\""}]"",
    ""jurisdictionId"": ""unspecified"",
    ""citedCount"": 2
  }
]"
https://synthetic.leread.ca/silver/G1040,"[
  {
    ""id"": ""silver-G1040"",
    ""docType"": ""DECISION"",
    ""path"": ""/synthetic/silver/G1040"",
    ""docTitle"": ""Pindoff Record Sales Ltd. v. CBS Music Products Inc."",
    ""autoCompletions"": ""[{\""type\"":\""MAIN_TITLE\"",\""text\"":\""Pindoff Record Sales Ltd. v. CBS Music Products Inc.\""},{\""type\"":\""DECISION_OTHER_REFERENCES\"",\""text\"":\""1989 CarswellOnt 490\""},{\""type\"":\""DECISION_OTHER_REFERENCES\"",\""text\"":\""[1989] O.J. No. 1382\""}]"",
    ""jurisdictionId"": ""unspecified"",
    ""citedCount"": 1
  }
]"
https://synthetic.leread.ca/silver/G1041,"[
  {
    ""id"": ""silver-G1041"",
    ""docType"": ""DOCTRINE"",
    ""path"": ""/synthetic/silver/G1041"",
    ""docTitle"": ""Practice Note 21"",
    ""autoCompletions"": ""[{\""type\"":\""MAIN_TITLE\"",\""text\"":\""Practice Note 21\""},{\""type\"":\""MAIN_TITLE\"",\""text\"":\""Costs Guide\""}]"",
    ""jurisdictionId"": ""unspecified"",
    ""citedCount"": 3
  }
]"
https://synthetic.leread.ca/silver/G1042,"[
  {
    ""id"": ""silver-G1042"",
    ""docType"": ""LEGISLATION"",
    ""path"": ""/synthetic/silver/G1042"",
    ""docTitle"": ""Prince Edward Island Rules of Civil Procedure"",
    ""autoCompletions"": ""[{\""type\"":\""MAIN_TITLE\"",\""text\"":\""Prince Edward Island Rules of Civil Procedure\""},{\""type\"":\""LEGISLATION_ALTERNATE_TITLE\"",\""text\"":\""Rule\""},{\""type\"":\""LEGISLATION_ALTERNATE_TITLE\"",\""text\"":\""Rule 56.07\""},{\""type\"":\""LEGISLATION_ALTERNATE_TITLE\"",\""text\"":\""Rule 56.01\""},{\""type\"":\""LEGISLATION_ALTERNATE_TITLE\"",\""text\"":\""Rules\""},{\""type\"":\""LEGISLATION_ALTERNATE_TITLE\"",\""text\"":\""Rules of Civil Procedure\""},{\""type\"":\""LEGISLATION_ALTERNATE_TITLE\"",\""text\"":\""Rules of Court\""}]"",
    ""jurisdictionId"": ""unspecified"",
    ""citedCount"": 26
  }
]"
https://synthetic.leread.ca/silver/G1043,"[
  {
    ""id"": ""silver-G1043"",
    ""docType"": ""DECISION"",
    ""path"": ""/synthetic/silver/G1043"",
    ""docTitle"": ""Quiznos Canada Restaurant Corp. v. Kileel Developments Ltd."",
    ""autoCompletions"": ""[{\""type\"":\""MAIN_TITLE\"",\""text\"":\""Quiznos Canada Restaurant Corp. v. Kileel Developments Ltd.\""},{\""type\"":\""DECISION_ALTERNATE_TITLE\"",\""text\"":\""Quizno<span style='font-family:\\\""WP TypographicSymbols\\\""'>=</span>s Canada Restaurant Corp. v. Kileel Developments Ltd.\""},{\""type\"":\""DECISION_OTHER_REFERENCES\"",\""text\"":\""2008 ONCA 644\""}]"",
    ""jurisdictionId"": ""unspecified"",
    ""citedCount"": 1
  }
]"
https://synthetic.leread.ca/silver/G1044,"[
  {
    ""id"": ""silver-G1044"",
    ""docType"": ""DECISION"",
    ""path"": ""/synthetic/silver/G1044"",
    ""docTitle"": ""R. v. Mills (1983)"",
    ""autoCompletions"": ""[{\""type\"":\""MAIN_TITLE\"",\""text\"":\""R. v. Mills (1983)\""},{\""type\"":\""DECISION_OTHER_REFERENCES\"",\""text\"":\""3 C.R.R. 63 (Ont. H.C.)\""}]"",
    ""jurisdictionId"": ""unspecified"",
    ""citedCount"": 1
  }
]"
https://synthetic.leread.ca/silver/G1045,"[
  {
    ""id"": ""silver-G1045"",
    ""docType"": ""DECISION"",
    ""path"": ""/synthetic/silver/G1045"",
    ""docTitle"": ""R. v. Osborn"",
    ""autoCompletions"": ""[{\""type\"":\""MAIN_TITLE\"",\""text\"":\""R. v. Osborn\""},{\""type\"":\""DECISION_OTHER_REFERENCES\"",\""text\"":\""[1969] 1 O.R. 152\""}]"",
    ""jurisdictionId"": ""unspecified"",
    ""citedCount"": 1
  }
]"
https://synthetic.leread.ca/silver/G1046,"[
  {
    ""id"": ""silver-G1046"",
    ""docType"": ""DECISION"",
    ""path"": ""/synthetic/silver/G1046"",
    ""docTitle"": ""Re Di Paola"",
    ""autoCompletions"": ""[{\""type\"":\""MAIN_TITLE\"",\""text\"":\""Re Di Paola\""},{\""type\"":\""DECISION_ALTERNATE_TITLE\"",\""text\"":\""Di Paola, Re\""},{\""type\"":\""DECISION_OTHER_REFERENCES\"",\""text\"":\""2006\""},{\""type\"":\""DECISION_OTHER_REFERENCES\"",\""text\"":\""84 O.R. (3d) 554 (C.A. (Chambers))\""}]"",
    ""jurisdictionId"": ""unspecified"",
    ""citedCount"": 1
  }
]"
https://synthetic.leread.ca/silver/G1047,"[
  {
    ""id"": ""silver-G1047"",
    ""docType"": ""DECISION"",
    ""path"": ""/synthetic/silver/G1047"",
    ""docTitle"": ""Reichel v. Magrath (1889)"",
    ""autoCompletions"": ""[{\""type\"":\""MAIN_TITLE\"",\""text\"":\""Reichel v. Magrath (1889)\""},{\""type\"":\""DECISION_OTHER_REFERENCES\"",\""text\"":\""14 App. Cas. 665\""}]"",
    ""jurisdictionId"": ""unspecified"",
    ""citedCount"": 1
  }
]"
https://synthetic.leread.ca/silver/G1048,"[
  {
    ""id"": ""silver-G1048"",
    ""docType"": ""DECISION"",
    ""path"": ""/synthetic/silver/G1048"",
    ""docTitle"": ""Rhonmont Properties Ltd. v. Yeadon Fabric Structures Ltd."",
    ""autoCompletions"": ""[{\""type\"":\""MAIN_TITLE\"",\""text\"":\""Rhonmont Properties Ltd. v. Yeadon Fabric Structures Ltd.\""},{\""type\"":\""DECISION_OTHER_REFERENCES\"",\""text\"":\""[2003] O.J. No. 1883 (C.A.)\""}]"",
    ""jurisdictionId"": ""unspecified"",
    ""citedCount"": 1
  }
]"
https://synthetic.leread.ca/silver/G1049,"[
  {
    ""id"": ""silver-G1049"",
    ""docType"": ""DECISION"",
    ""path"": ""/synthetic/silver/G1049"",
    ""docTitle"": ""Roman Corp. v. Hudson"",
    ""autoCompletions"": ""[{\""type\"":\""MAIN_TITLE\"",\""text\"":\""Roman Corp. v. Hudson\""},{\""type\"":\""DECISION_ALTERNATE_TITLE\"",\""text\"":\""Roman Corp. v. Hudson's Bay Oil &amp; Gas Co\""}]"",
    ""jurisdictionId"": ""unspecified"",
    ""citedCount"": 1
  }
]"
https://synthetic.leread.ca/silver/G1050,"[
  {
    ""id"": ""silver-G1050"",
    ""docType"": ""LEGISLATION"",
    ""path"": ""/synthetic/silver/G1050"",
    ""docTitle"": ""Securities Act (Prince Edward Island)"",
    ""autoCompletions"": ""[{\""type\"":\""MAIN_TITLE\"",\""text\"":\""Securities Act (Prince Edward Island)\""},{\""type\"":\""LEGISLATION_ALTERNATE_TITLE\"",\""text\"":\""Securities Act\""},{\""type\"":\""LEGISLATION_REFERENCE\"",\""text\"":\""R.S.P.E.I. 1988, c.S-3.1\""}]"",
    ""jurisdictionId"": ""unspecified"",
    ""citedCount"": 3
  }
]"
https://synthetic.leread.ca/silver/G1051,"[
  {
    ""id"": ""silver-G1051"",
    ""docType"": ""DECISION"",
    ""path"": ""/synthetic/silver/G1051"",
    ""docTitle"": ""Shepard v. Sanderson"",
    ""autoCompletions"": ""[{\""type\"":\""MAIN_TITLE\"",\""text\"":\""Shepard v. Sanderson\""},{\""type\"":\""DECISION_OTHER_REFERENCES\"",\""text\"":\""2012 PESC 20\""}]"",
    ""jurisdictionId"": ""unspecified"",
    ""citedCount"": 1
  }
]"
https://synthetic.leread.ca/silver/G1052,"[
  {
    ""id"": ""silver-G1052"",
    ""docType"": ""DECISION"",
    ""path"": ""/synthetic/silver/G1052"",
    ""docTitle"": ""Shuter v. Toronto Dominion Bank"",
    ""autoCompletions"": ""[{\""type\"":\""MAIN_TITLE\"",\""text\"":\""Shuter v. Toronto Dominion Bank\""},{\""type\"":\""DECISION_ALTERNATE_TITLE\"",\""text\"":\""Shuter\""},{\""type\"":\""DECISION_OTHER_REFERENCES\"",\""text\"":\""[2007] O.J. No. 3435 (S.C.J. ‑ Mast.)\""}]"",
    ""jurisdictionId"": ""unspecified"",
    ""citedCount"": 3
  }
]"
https://synthetic.leread.ca/silver/G1053,"[
  {
    ""id"": ""silver-G1053"",
    ""docType"": ""DECISION"",
    ""path"": ""/synthetic/silver/G1053"",
    ""docTitle"": ""Smith Bus Lines Ltd. v. Bank of Montreal"",
    ""autoCompletions"": ""[{\""type\"":\""MAIN_TITLE\"",\""text\"":\""Smith Bus Lines Ltd. v. Bank of Montreal\""},{\""type\"":\""DECISION_ALTERNATE_TITLE\"",\""text\"":\""Smith Bus Lines\""},{\""type\"":\""DECISION_OTHER_REFERENCES\"",\""text\"":\""(1987), 61 O.R. (2d) 688 (H.C.J.)\""},{\""type\"":\""DECISION_OTHER_REFERENCES\"",\""text\"":\""1987 CarswellOnt 566\""},{\""type\"":\""DECISION_OTHER_REFERENCES\"",\""text\"":\""61 O.R. (2d) 688\""},{\""type\"":\""DECISION_OTHER_REFERENCES\"",\""text\"":\""[1987] O.J. No. 1197\""}]"",
    ""jurisdictionId"": ""unspecified"",
    ""citedCount"": 3
  }
]"
https://synthetic.leread.ca/silver/G1054,"[
  {
    ""id"": ""silver-G1054"",
    ""docType"": ""DECISION"",
    ""path"": ""/synthetic/silver/G1054"",
    ""docTitle"": ""Superior Salmon Farms Ltd. v. Corey Feed Mills Ltd. (1991)"",
    ""autoCompletions"": ""[{\""type\"":\""MAIN_TITLE\"",\""text\"":\""Superior Salmon Farms Ltd. v. Corey Feed Mills Ltd. (1991)\""},{\""type\"":\""DECISION_ALTERNATE_TITLE\"",\""text\"":\""Superior Salmon Farms Ltd.\""},{\""type\"":\""DECISION_OTHER_REFERENCES\"",\""text\"":\""115 N.B.R. (2d) 265 (Q.B.)\""}]"",
    ""jurisdictionId"": ""unspecified"",
    ""citedCount"": 2
  }
]"
https://synthetic.leread.ca/silver/G1055,"[
  {
    ""id"": ""silver-G1055"",
    ""docType"": ""DECISION"",
    ""path"": ""/synthetic/silver/G1055"",
    ""docTitle"": ""Talisman Resort GP Inc. v. Kyser"",
    ""autoCompletions"": ""[{\""type\"":\""MAIN_TITLE\"",\""text\"":\""Talisman Resort GP Inc. v. Kyser\""},{\""type\"":\""DECISION_OTHER_REFERENCES\"",\""text\"":\""2013 ONSC 6612\""}]"",
    ""jurisdictionId"": ""unspecified"",
    ""citedCount"": 1
  }
]"
https://synthetic.leread.ca/silver/G1056,"[
  {
    ""id"": ""silver-G1056"",
    ""docType"": ""DECISION"",
    ""path"": ""/synthetic/silver/G1056"",
    ""docTitle"": ""Treasure Traders International Co. v. Canadian Diamond Traders Inc"",
    ""autoCompletions"": ""[{\""type\"":\""MAIN_TITLE\"",\""text\"":\""Treasure Traders International Co. v. Canadian Diamond Traders Inc\""},{\""type\"":\""DECISION_OTHER_REFERENCES\"",\""text\"":\""[2006] O.J. No. 1866 (S.C.J.)\""}]"",
    ""jurisdictionId"": ""unspecified"",
    ""citedCount"": 1
  }
]"
https://synthetic.leread.ca/silver/G1057,"[
  {
    ""id"": ""silver-G1057"",
    ""docType"": ""DECISION"",
    ""path"": ""/synthetic/silver/G1057"",
    ""docTitle"": ""Treats Inc. v. Richter, Usher & Vineberg"",
    ""autoCompletions"": ""[{\""type\"":\""MAIN_TITLE\"",\""text\"":\""Treats Inc. v. Richter, Usher & Vineberg\""},{\""type\"":\""DECISION_ALTERNATE_TITLE\"",\""text\"":\""Treats Inc. v. Richter, Usher &amp; Vineberg\""},{\""type\"":\""DECISION_OTHER_REFERENCES\"",\""text\"":\""2003 CarswellOnt 2312\""}]"",
    ""jurisdictionId"": ""unspecified"",
    ""citedCount"": 1
  }
]"
https://synthetic.leread.ca/silver/G1058,"[
  {
    ""id"": ""silver-G1058"",
    ""docType"": ""DECISION"",
    ""path"": ""/synthetic/silver/G1058"",
    ""docTitle"": ""Uribe v. Canada"",
    ""autoCompletions"": ""[{\""type\"":\""MAIN_TITLE\"",\""text\"":\""Uribe v. Canada\""},{\""type\"":\""DECISION_ALTERNATE_TITLE\"",\""text\"":\""Uribe\""},{\""type\"":\""DECISION_OTHER_REFERENCES\"",\""text\"":\""[2006] O.J. No. 2370\""}]"",
    ""jurisdictionId"": ""unspecified"",
    ""citedCount"": 1
  }
]"
https://synthetic.leread.ca/silver/G1059,"[
  {
    ""id"": ""silver-G1059"",
    ""docType"": ""DECISION"",
    ""path"": ""/synthetic/silver/G1059"",
    ""docTitle"": ""1978 trilogy"",
    ""autoCompletions"": ""[{\""type\"":\""MAIN_TITLE\"",\""text\"":\""1978 trilogy\""}]"",
    ""jurisdictionId"": ""unspecified"",
    ""citedCount"": 2
  }
]"
https://synthetic.leread.ca/silver/G1060,"[
  {
    ""id"": ""silver-G1060"",
    ""docType"": ""DOCTRINE"",
    ""path"": ""/synthetic/silver/G1060"",
    ""docTitle"": ""ARQ’s internal guidelines"",
    ""autoCompletions"": ""[{\""type\"":\""MAIN_TITLE\"",\""text\"":\""ARQ’s internal guidelines\""},{\""type\"":\""MAIN_TITLE\"",\""text\"":\""Revenu Québec guideline on the “Steps for collection”\""},{\""type\"":\""MAIN_TITLE\"",\""text\"":\""collection guidelines\""},{\""type\"":\""MAIN_TITLE\"",\""text\"":\""guidelines\""}]"",
    ""jurisdictionId"": ""unspecified"",
    ""citedCount"": 4
  }
]"
https://synthetic.leread.ca/silver/G1063,"[
  {
    ""id"": ""silver-G1063"",
    ""docType"": ""DECISION"",
    ""path"": ""/synthetic/silver/G1063"",
    ""docTitle"": ""Andrews v. Grand Toy Alberta Ltd"",
    ""autoCompletions"": ""[{\""type\"":\""MAIN_TITLE\"",\""text\"":\""Andrews v. Grand Toy Alberta Ltd\""},{\""type\"":\""DECISION_OTHER_REFERENCES\"",\""text\"":\""229\""},{\""type\"":\""DECISION_OTHER_REFERENCES\"",\""text\"":\""AZ-78111098 (SCC)\""},{\""type\"":\""DECISION_OTHER_REFERENCES\"",\""text\"":\""[1978] 2 S.C.R.\""}]"",
    ""jurisdictionId"": ""unspecified"",
    ""citedCount"": 1
  }
]"
https://synthetic.leread.ca/silver/G1064,"[
  {
    ""id"": ""silver-G1064"",
    ""docType"": ""DECISION"",
    ""path"": ""/synthetic/silver/G1064"",
    ""docTitle"": ""Arnold v. Teno"",
    ""autoCompletions"": ""[{\""type\"":\""MAIN_TITLE\"",\""text\"":\""Arnold v. Teno\""},{\""type\"":\""DECISION_OTHER_REFERENCES\"",\""text\"":\""AZ-78111100 (SCC)\""},{\""type\"":\""DECISION_OTHER_REFERENCES\"",\""text\"":\""[1978] 2 S.C.R.<span style=\\\""font-variant:small-caps\\\""> 287</span>\""}]"",
    ""jurisdictionId"": ""unspecified"",
    ""citedCount"": 1
  }
]"
https://synthetic.leread.ca/silver/G1065,"[
  {
    ""id"": ""silver-G1065"",
    ""docType"": ""DECISION"",
    ""path"": ""/synthetic/silver/G1065"",
    ""docTitle"": ""Aztec"",
    ""autoCompletions"": ""[{\""type\"":\""MAIN_TITLE\"",\""text\"":\""Aztec\""},{\""type\"":\""DECISION_ALTERNATE_TITLE\"",\""text\"":\""Canadian Imperial Bank of Commerce v. Aztec Iron Corp.\""},{\""type\"":\""DECISION_OTHER_REFERENCES\"",\""text\"":\""266\""},{\""type\"":\""DECISION_OTHER_REFERENCES\"",\""text\"":\""J.E. 78-94 (Sup. Ct.)\""},{\""type\"":\""DECISION_OTHER_REFERENCES\"",\""text\"":\""[1978] C.S.\""}]"",
    ""jurisdictionId"": ""unspecified"",
    ""citedCount"": 2
  }
]"
https://synthetic.leread.ca/silver/G1066,"[
  {
    ""id"": ""silver-G1066"",
    ""docType"": ""DOCTRINE"",
    ""path"": ""/synthetic/silver/G1066"",
    ""docTitle"": ""Baudouin, Deslauriers, and Moore"",
    ""autoCompletions"": ""[{\""type\"":\""MAIN_TITLE\"",\""text\"":\""Baudouin, Deslauriers, and Moore\""},{\""type\"":\""MAIN_TITLE\"",\""text\"":\""La responsabilité civile\""},{\""type\"":\""MAIN_TITLE\"",\""text\"":\""Principes généraux\""},{\""type\"":\""DOCTRINE_AUTHOR\"",\""text\"":\""Jean-Louis Baudouin, Patrice Deslauriers &amp; Benoît Moore\""},{\""type\"":\""DOCTRINE_AUTHOR\"",\""text\"":\""Professors Baudouin, Deslauriers, and Moore\""}]"",
    ""jurisdictionId"": ""unspecified"",
    ""citedCount"": 2
  }
]"
https://synthetic.leread.ca/silver/G1067,"[
  {
    ""id"": ""silver-G1067"",
    ""docType"": ""DECISION"",
    ""path"": ""/synthetic/silver/G1067"",
    ""docTitle"": ""Botiuk v. Toronto Free Press Publications Ltd."",
    ""autoCompletions"": ""[{\""type\"":\""MAIN_TITLE\"",\""text\"":\""Botiuk v. Toronto Free Press Publications Ltd.\""},{\""type\"":\""DECISION_OTHER_REFERENCES\"",\""text\"":\""J.E. 95-1800 (SCC)\""},{\""type\"":\""DECISION_OTHER_REFERENCES\"",\""text\"":\""[1995] 3 S.C.R. 3\""}]"",
    ""jurisdictionId"": ""unspecified"",
    ""citedCount"": 1
  }
]"
https://synthetic.leread.ca/silver/G1069,"[
  {
    ""id"": ""silver-G1069"",
    ""docType"": ""DECISION"",
    ""path"": ""/synthetic/silver/G1069"",
    ""docTitle"": ""Chaput v. Romain"",
    ""autoCompletions"": ""[{\""type\"":\""MAIN_TITLE\"",\""text\"":\""Chaput v. Romain\""},{\""type\"":\""DECISION_OTHER_REFERENCES\"",\""text\"":\""[1955] S.C.R. 834\""}]"",
    ""jurisdictionId"": ""unspecified"",
    ""citedCount"": 1
  }
]"
https://synthetic.leread.ca/silver/G1070,"[
  {
    ""id"": ""silver-G1070"",
    ""docType"": ""LEGISLATION"",
    ""path"": ""/synthetic/silver/G1070"",
    ""docTitle"": ""Charter of Human Rights and Freedoms (Quebec)"",
    ""autoCompletions"": ""[{\""type\"":\""MAIN_TITLE\"",\""text\"":\""Charter of Human Rights and Freedoms (Quebec)\""},{\""type\"":\""LEGISLATION_ALTERNATE_TITLE\"",\""text\"":\""Charter of human rights and freedoms\""},{\""type\"":\""LEGISLATION_ALTERNATE_TITLE\"",\""text\"":\""Quebec Charter of human rights and freedoms\""},{\""type\"":\""LEGISLATION_REFERENCE\"",\""text\"":\""C.Q.L.R. c. C-12\""}]"",
    ""jurisdictionId"": ""unspecified"",
    ""citedCount"": 2
  }
]"
https://synthetic.leread.ca/silver/G1071,"[
  {
    ""id"": ""silver-G1071"",
    ""docType"": ""DECISION"",
    ""path"": ""/synthetic/silver/G1071"",
    ""docTitle"": ""Chiasson v. Canada"",
    ""autoCompletions"": ""[{\""type\"":\""MAIN_TITLE\"",\""text\"":\""Chiasson v. Canada\""},{\""type\"":\""DECISION_ALTERNATE_TITLE\"",\""text\"":\""Chiasson\""}]"",
    ""jurisdictionId"": ""unspecified"",
    ""citedCount"": 1
  }
]"
https://synthetic.leread.ca/silver/G1072,"[
  {
    ""id"": ""silver-G1072"",
    ""docType"": ""DECISION"",
    ""path"": ""/synthetic/silver/G1072"",
    ""docTitle"": ""Cinar Corporation v. Robinson"",
    ""autoCompletions"": ""[{\""type\"":\""MAIN_TITLE\"",\""text\"":\""Cinar Corporation v. Robinson\""},{\""type\"":\""DECISION_ALTERNATE_TITLE\"",\""text\"":\""Cinar\""},{\""type\"":\""DECISION_OTHER_REFERENCES\"",\""text\"":\""2013 SCC 73\""},{\""type\"":\""DECISION_OTHER_REFERENCES\"",\""text\"":\""[2013] 3 S.C.R. 1168\""}]"",
    ""jurisdictionId"": ""unspecified"",
    ""citedCount"": 13
  }
]"
https://synthetic.leread.ca/silver/G1073,"[
  {
    ""id"": ""silver-G1073"",
    ""docType"": ""LEGISLATION"",
    ""path"": ""/synthetic/silver/G1073"",
    ""docTitle"": ""Civil Code of Québec"",
    ""autoCompletions"": ""[{\""type\"":\""MAIN_TITLE\"",\""text\"":\""Civil Code of Québec\""},{\""type\"":\""LEGISLATION_ALTERNATE_TITLE\"",\""text\"":\""C.C.Q\""},{\""type\"":\""LEGISLATION_REFERENCE\"",\""text\"":\"".\""},{\""type\"":\""LEGISLATION_ALTERNATE_REFERENCE\"",\""text\"":\""<auto_label id=\\\""53\\\"" labelname=\\\""title\\\"" parent=\\\""citation\\\"" style=\\\""background-color: rgb(147, 196, 125); color: black;\\\"" titletype=\\\""official\\\"" verified=\\\""false\\\"">C.C.Q</auto_label>\""}]"",
    ""jurisdictionId"": ""unspecified"",
    ""citedCount"": 12
  }
]"
https://synthetic.leread.ca/silver/G1074,"[
  {
    ""id"": ""silver-G1074"",
    ""docType"": ""LEGISLATION"",
    ""path"": ""/synthetic/silver/G1074"",
    ""docTitle"": ""Code d’éthique et de déontologie à l’intention des dirigeants et des employés de Revenu Québec"",
    ""autoCompletions"": ""[{\""type\"":\""MAIN_TITLE\"",\""text\"":\""Code d’éthique et de déontologie à l’intention des dirigeants et des employés de Revenu Québec\""},{\""type\"":\""LEGISLATION_ALTERNATE_TITLE\"",\""text\"":\""Code of conduct and ethics for Revenu Quebec officers, managers and employees\""}]"",
    ""jurisdictionId"": ""unspecified"",
    ""citedCount"": 1
  }
]"
https://synthetic.leread.ca/silver/G1075,"[
  {
    ""id"": ""silver-G1075"",
    ""docType"": ""LEGISLATION"",
    ""path"": ""/synthetic/silver/G1075"",
    ""docTitle"": ""Code of Civil Procedure (Quebec)"",
    ""autoCompletions"": ""[{\""type\"":\""MAIN_TITLE\"",\""text\"":\""Code of Civil Procedure (Quebec)\""},{\""type\"":\""LEGISLATION_ALTERNATE_TITLE\"",\""text\"":\""C.C.P\""},{\""type\"":\""LEGISLATION_ALTERNATE_TITLE\"",\""text\"":\""Code of Civil Procedure\""},{\""type\"":\""LEGISLATION_REFERENCE\"",\""text\"":\""C.Q.L.R., c. C-25\""},{\""type\"":\""LEGISLATION_ALTERNATE_REFERENCE\"",\""text\"":\""C.Q.L.R., c. C-25.01\""}]"",
    ""jurisdictionId"": ""unspecified"",
    ""citedCount"": 4
  }
]"
https://synthetic.leread.ca/silver/G1076,"[
  {
    ""id"": ""silver-G1076"",
    ""docType"": ""DOCTRINE"",
    ""path"": ""/synthetic/silver/G1076"",
    ""docTitle"": ""Daniel Gardner, Le préjudice corporel"",
    ""autoCompletions"": ""[{\""type\"":\""MAIN_TITLE\"",\""text\"":\""Daniel Gardner, Le préjudice corporel\""},{\""type\"":\""MAIN_TITLE\"",\""text\"":\""Le préjudice corporel\""},{\""type\"":\""DOCTRINE_AUTHOR\"",\""text\"":\""Daniel Gardner\""}]"",
    ""jurisdictionId"": ""unspecified"",
    ""citedCount"": 1
  }
]"
https://synthetic.leread.ca/silver/G1077,"[
  {
    ""id"": ""silver-G1077"",
    ""docType"": ""LEGISLATION"",
    ""path"": ""/synthetic/silver/G1077"",
    ""docTitle"": ""Déclaration de services aux citoyens et aux entreprises"",
    ""autoCompletions"": ""[{\""type\"":\""MAIN_TITLE\"",\""text\"":\""Déclaration de services aux citoyens et aux entreprises\""},{\""type\"":\""LEGISLATION_ALTERNATE_TITLE\"",\""text\"":\""Service Statement\""}]"",
    ""jurisdictionId"": ""unspecified"",
    ""citedCount"": 2
  }
]"
https://synthetic.leread.ca/silver/G1078,"[
  {
    ""id"": ""silver-G1078"",
    ""docType"": ""DECISION"",
    ""path"": ""/synthetic/silver/G1078"",
    ""docTitle"": ""Fillion v. Chiasson"",
    ""autoCompletions"": ""[{\""type\"":\""MAIN_TITLE\"",\""text\"":\""Fillion v. Chiasson\""},{\""type\"":\""DECISION_OTHER_REFERENCES\"",\""text\"":\""2007 QCCA 570\""},{\""type\"":\""DECISION_OTHER_REFERENCES\"",\""text\"":\""[2007] R.J.Q. 867 (C.A.)\""}]"",
    ""jurisdictionId"": ""unspecified"",
    ""citedCount"": 1
  }
]"
https://synthetic.leread.ca/silver/G1079,"[
  {
    ""id"": ""silver-G1079"",
    ""docType"": ""DECISION"",
    ""path"": ""/synthetic/silver/G1079"",
    ""docTitle"": ""Finney v. Barreau du Québec"",
    ""autoCompletions"": ""[{\""type\"":\""MAIN_TITLE\"",\""text\"":\""Finney v. Barreau du Québec\""},{\""type\"":\""DECISION_OTHER_REFERENCES\"",\""text\"":\""2004 SCC 36\""},{\""type\"":\""DECISION_OTHER_REFERENCES\"",\""text\"":\""[2004] 2 S.C.R. 17\""}]"",
    ""jurisdictionId"": ""unspecified"",
    ""citedCount"": 2
  }
]"
https://synthetic.leread.ca/silver/G1080,"[
  {
    ""id"": ""silver-G1080"",
    ""docType"": ""DECISION"",
    ""path"": ""/synthetic/silver/G1080"",
    ""docTitle"": ""Finney v. Canada"",
    ""autoCompletions"": ""[{\""type\"":\""MAIN_TITLE\"",\""text\"":\""Finney v. Canada\""},{\""type\"":\""DECISION_ALTERNATE_TITLE\"",\""text\"":\""Finney\""}]"",
    ""jurisdictionId"": ""unspecified"",
    ""citedCount"": 1
  }
]"
https://synthetic.leread.ca/silver/G1081,"[
  {
    ""id"": ""silver-G1081"",
    ""docType"": ""DECISION"",
    ""path"": ""/synthetic/silver/G1081"",
    ""docTitle"": ""Groupe Énico inc. v. Agence du revenu du Québec"",
    ""autoCompletions"": ""[{\""type\"":\""MAIN_TITLE\"",\""text\"":\""Groupe Énico inc. v. Agence du revenu du Québec\""},{\""type\"":\""DECISION_ALTERNATE_TITLE\"",\""text\"":\""Groupe Enico inc. v. Agence du revenu du Québec\""},{\""type\"":\""DECISION_OTHER_REFERENCES\"",\""text\"":\""2013 QCCS 5189\""},{\""type\"":\""DECISION_OTHER_REFERENCES\"",\""text\"":\""[2013] R.J.Q. 1781 (Sup. Ct.)\""}]"",
    ""jurisdictionId"": ""unspecified"",
    ""citedCount"": 3
  }
]"
https://synthetic.leread.ca/silver/G1082,"[
  {
    ""id"": ""silver-G1082"",
    ""docType"": ""DECISION"",
    ""path"": ""/synthetic/silver/G1082"",
    ""docTitle"": ""Hill v. Church of Scientology of Toronto"",
    ""autoCompletions"": ""[{\""type\"":\""MAIN_TITLE\"",\""text\"":\""Hill v. Church of Scientology of Toronto\""},{\""type\"":\""DECISION_OTHER_REFERENCES\"",\""text\"":\""J.E. 95-1495 (SCC)\""},{\""type\"":\""DECISION_OTHER_REFERENCES\"",\""text\"":\""[1995] 2 S.C.R. 1130\""}]"",
    ""jurisdictionId"": ""unspecified"",
    ""citedCount"": 1
  }
]"
https://synthetic.leread.ca/silver/G1083,"[
  {
    ""id"": ""silver-G1083"",
    ""docType"": ""DECISION"",
    ""path"": ""/synthetic/silver/G1083"",
    ""docTitle"": ""Investissements Historia inc. v. Gervais Harding et Associés Design inc"",
    ""autoCompletions"": ""[{\""type\"":\""MAIN_TITLE\"",\""text\"":\""Investissements Historia inc. v. Gervais Harding et Associés Design inc\""},{\""type\"":\""DECISION_OTHER_REFERENCES\"",\""text\"":\""2006 QCCA 560\""},{\""type\"":\""DECISION_OTHER_REFERENCES\"",\""text\"":\""[2006] R.D.I. 243 (C.A.)\""}]"",
    ""jurisdictionId"": ""unspecified"",
    ""citedCount"": 4
  }
]"
https://synthetic.leread.ca/silver/G1084,"[
  {
    ""id"": ""silver-G1084"",
    ""docType"": ""DECISION"",
    ""path"": ""/synthetic/silver/G1084"",
    ""docTitle"": ""Jarvis"",
    ""autoCompletions"": ""[{\""type\"":\""MAIN_TITLE\"",\""text\"":\""Jarvis\""},{\""type\"":\""DECISION_ALTERNATE_TITLE\"",\""text\"":\""R. v. Jarvis\""},{\""type\"":\""DECISION_OTHER_REFERENCES\"",\""text\"":\""[2002] 3 S.C.R. 757 (SCC)\""},{\""type\"":\""DECISION_OTHER_REFERENCES\"",\""text\"":\""[2002] SCC 73\""}]"",
    ""jurisdictionId"": ""unspecified"",
    ""citedCount"": 4
  }
]"
https://synthetic.leread.ca/silver/G1085,"[
  {
    ""id"": ""silver-G1085"",
    ""docType"": ""DECISION"",
    ""path"": ""/synthetic/silver/G1085"",
    ""docTitle"": ""Knox Contracting Ltd. v. Canada"",
    ""autoCompletions"": ""[{\""type\"":\""MAIN_TITLE\"",\""text\"":\""Knox Contracting Ltd. v. Canada\""},{\""type\"":\""DECISION_OTHER_REFERENCES\"",\""text\"":\""J.E. 90-1159 (SCC)\""},{\""type\"":\""DECISION_OTHER_REFERENCES\"",\""text\"":\""[1990] 2 S.C.R. 338\""}]"",
    ""jurisdictionId"": ""unspecified"",
    ""citedCount"": 1
  }
]"
https://synthetic.leread.ca/silver/G1086,"[
  {
    ""id"": ""silver-G1086"",
    ""docType"": ""DECISION"",
    ""path"": ""/synthetic/silver/G1086"",
    ""docTitle"": ""Lauriault v. Agence du revenu du Québec"",
    ""autoCompletions"": ""[{\""type\"":\""MAIN_TITLE\"",\""text\"":\""Lauriault v. Agence du revenu du Québec\""},{\""type\"":\""DECISION_OTHER_REFERENCES\"",\""text\"":\""2014 QCCQ 3686\""},{\""type\"":\""DECISION_OTHER_REFERENCES\"",\""text\"":\""J.E. 2014-1019 (C.Q.)\""}]"",
    ""jurisdictionId"": ""unspecified"",
    ""citedCount"": 1
  }
]"
https://synthetic.leread.ca/silver/G1087,"[
  {
    ""id"": ""silver-G1087"",
    ""docType"": ""DECISION"",
    ""path"": ""/synthetic/silver/G1087"",
    ""docTitle"": ""Markarian v. Marchés mondiaux CIBC Inc"",
    ""autoCompletions"": ""[{\""type\"":\""MAIN_TITLE\"",\""text\"":\""Markarian v. Marchés mondiaux CIBC Inc\""},{\""type\"":\""DECISION_ALTERNATE_TITLE\"",\""text\"":\""Markarian\""},{\""type\"":\""DECISION_ALTERNATE_TITLE\"",\""text\"":\""Markarian v. Marchés mondiaux CIBC inc.\""},{\""type\"":\""DECISION_OTHER_REFERENCES\"",\""text\"":\""2006 QCCS 3314\""},{\""type\"":\""DECISION_OTHER_REFERENCES\"",\""text\"":\""[2006] R.J.Q. 2851\""}]"",
    ""jurisdictionId"": ""unspecified"",
    ""citedCount"": 4
  }
]"
https://synthetic.leread.ca/silver/G1088,"[
  {
    ""id"": ""silver-G1088"",
    ""docType"": ""DECISION"",
    ""path"": ""/synthetic/silver/G1088"",
    ""docTitle"": ""McKinlay Transport Ltd. v. Canada"",
    ""autoCompletions"": ""[{\""type\"":\""MAIN_TITLE\"",\""text\"":\""McKinlay Transport Ltd. v. Canada\""},{\""type\"":\""DECISION_ALTERNATE_TITLE\"",\""text\"":\""McKinlay Transport\""},{\""type\"":\""DECISION_ALTERNATE_TITLE\"",\""text\"":\""R. v. McKinlay Transport Ltd.\""},{\""type\"":\""DECISION_ALTERNATE_TITLE\"",\""text\"":\""R. v. McKinlay\""},{\""type\"":\""DECISION_OTHER_REFERENCES\"",\""text\"":\""627 (SCC)\""},{\""type\"":\""DECISION_OTHER_REFERENCES\"",\""text\"":\""90-576\""},{\""type\"":\""DECISION_OTHER_REFERENCES\"",\""text\"":\""[1990] 1 S.C.R.\""}]"",
    ""jurisdictionId"": ""unspecified"",
    ""citedCount"": 5
  }
]"
https://synthetic.leread.ca/silver/G1089,"[
  {
    ""id"": ""silver-G1089"",
    ""docType"": ""DECISION"",
    ""path"": ""/synthetic/silver/G1089"",
    ""docTitle"": ""Montambault v. Hôpital Maisonneuve-Rosemont"",
    ""autoCompletions"": ""[{\""type\"":\""MAIN_TITLE\"",\""text\"":\""Montambault v. Hôpital Maisonneuve-Rosemont\""},{\""type\"":\""DECISION_OTHER_REFERENCES\"",\""text\"":\""[2001] R.J.Q. 893 (C.A.)\""},{\""type\"":\""DECISION_OTHER_REFERENCES\"",\""text\"":\""[2001] R.R.A. 325 (sum.)\""}]"",
    ""jurisdictionId"": ""unspecified"",
    ""citedCount"": 1
  }
]"
https://synthetic.leread.ca/silver/G1090,"[
  {
    ""id"": ""silver-G1090"",
    ""docType"": ""DECISION"",
    ""path"": ""/synthetic/silver/G1090"",
    ""docTitle"": ""N. v. Bocimar S.A. v. Century Insurance Co."",
    ""autoCompletions"": ""[{\""type\"":\""MAIN_TITLE\"",\""text\"":\""N. v. Bocimar S.A. v. Century Insurance Co.\""},{\""type\"":\""DECISION_OTHER_REFERENCES\"",\""text\"":\""J.E. 87-796 (SCC)\""},{\""type\"":\""DECISION_OTHER_REFERENCES\"",\""text\"":\""[1987] 1 S.C.R. 1247\""}]"",
    ""jurisdictionId"": ""unspecified"",
    ""citedCount"": 1
  }
]"
https://synthetic.leread.ca/silver/G1091,"[
  {
    ""id"": ""silver-G1091"",
    ""docType"": ""DECISION"",
    ""path"": ""/synthetic/silver/G1091"",
    ""docTitle"": ""Nguyen v. Canada"",
    ""autoCompletions"": ""[{\""type\"":\""MAIN_TITLE\"",\""text\"":\""Nguyen v. Canada\""},{\""type\"":\""DECISION_ALTERNATE_TITLE\"",\""text\"":\""Nguyen\""}]"",
    ""jurisdictionId"": ""unspecified"",
    ""citedCount"": 1
  }
]"
https://synthetic.leread.ca/silver/G1092,"[
  {
    ""id"": ""silver-G1092"",
    ""docType"": ""DECISION"",
    ""path"": ""/synthetic/silver/G1092"",
    ""docTitle"": ""Nguyen v. Québec (Éducation, Loisir et Sport)"",
    ""autoCompletions"": ""[{\""type\"":\""MAIN_TITLE\"",\""text\"":\""Nguyen v. Québec (Éducation, Loisir et Sport)\""},{\""type\"":\""DECISION_OTHER_REFERENCES\"",\""text\"":\""2009 SCC 47\""},{\""type\"":\""DECISION_OTHER_REFERENCES\"",\""text\"":\""[2009] 3 S.C.R. 208\""}]"",
    ""jurisdictionId"": ""unspecified"",
    ""citedCount"": 1
  }
]"
https://synthetic.leread.ca/silver/G1093,"[
  {
    ""id"": ""silver-G1093"",
    ""docType"": ""DOCTRINE"",
    ""path"": ""/synthetic/silver/G1093"",
    ""docTitle"": ""Patrice Deslauriers, L’indemnisation résultant d’un préjudice moral"",
    ""autoCompletions"": ""[{\""type\"":\""MAIN_TITLE\"",\""text\"":\""Patrice Deslauriers, L’indemnisation résultant d’un préjudice moral\""},{\""type\"":\""MAIN_TITLE\"",\""text\"":\""L’indemnisation résultant d’un préjudice moral\""},{\""type\"":\""DOCTRINE_AUTHOR\"",\""text\"":\""Patrice Deslauriers\""}]"",
    ""jurisdictionId"": ""unspecified"",
    ""citedCount"": 1
  }
]"
https://synthetic.leread.ca/silver/G1094,"[
  {
    ""id"": ""silver-G1094"",
    ""docType"": ""DOCTRINE"",
    ""path"": ""/synthetic/silver/G1094"",
    ""docTitle"": ""Pierre Lemieux, Droit administratif – Doctrine et jurisprudence"",
    ""autoCompletions"": ""[{\""type\"":\""MAIN_TITLE\"",\""text\"":\""Pierre Lemieux, Droit administratif – Doctrine et jurisprudence\""},{\""type\"":\""MAIN_TITLE\"",\""text\"":\""Droit administratif – Doctrine et jurisprudence\""},{\""type\"":\""DOCTRINE_AUTHOR\"",\""text\"":\""Pierre Lemieux\""}]"",
    ""jurisdictionId"": ""unspecified"",
    ""citedCount"": 1
  }
]"
https://synthetic.leread.ca/silver/G1095,"[
  {
    ""id"": ""silver-G1095"",
    ""docType"": ""DOCTRINE"",
    ""path"": ""/synthetic/silver/G1095"",
    ""docTitle"": ""Professor Gardner"",
    ""autoCompletions"": ""[{\""type\"":\""MAIN_TITLE\"",\""text\"":\""Professor Gardner\""},{\""type\"":\""DOCTRINE_AUTHOR\"",\""text\"":\""Professor Gardner\""}]"",
    ""jurisdictionId"": ""unspecified"",
    ""citedCount"": 1
  }
]"
https://synthetic.leread.ca/silver/G1096,"[
  {
    ""id"": ""silver-G1096"",
    ""docType"": ""DECISION"",
    ""path"": ""/synthetic/silver/G1096"",
    ""docTitle"": ""Quebec (Public Curator) v. Syndicat national des employés de l’Hôpital St-Ferdinand"",
    ""autoCompletions"": ""[{\""type\"":\""MAIN_TITLE\"",\""text\"":\""Quebec (Public Curator) v. Syndicat national des employés de l’Hôpital St-Ferdinand\""},{\""type\"":\""DECISION_ALTERNATE_TITLE\"",\""text\"":\""Quebec (Public Curator) v. Syndicat national des employés de l’hôpital St-Ferdinand\""},{\""type\"":\""DECISION_ALTERNATE_TITLE\"",\""text\"":\""Québec (Public Curator) v. Syndicat national des employés de l’Hôpital St-Ferdinand\""},{\""type\"":\""DECISION_OTHER_REFERENCES\"",\""text\"":\""J.E. 96-2256 (SCC)\""},{\""type\"":\""DECISION_OTHER_REFERENCES\"",\""text\"":\""[1996] 3 S.C.R. 211\""}]"",
    ""jurisdictionId"": ""unspecified"",
    ""citedCount"": 4
  }
]"
https://synthetic.leread.ca/silver/G1097,"[
  {
    ""id"": ""silver-G1097"",
    ""docType"": ""DECISION"",
    ""path"": ""/synthetic/silver/G1097"",
    ""docTitle"": ""Québec (Deputy Minister of Revenue) v. Archambault"",
    ""autoCompletions"": ""[{\""type\"":\""MAIN_TITLE\"",\""text\"":\""Québec (Deputy Minister of Revenue) v. Archambault\""},{\""type\"":\""DECISION_OTHER_REFERENCES\"",\""text\"":\""2014 QCCA 23\""},{\""type\"":\""DECISION_OTHER_REFERENCES\"",\""text\"":\""J.E. 2014-159 (C.A.)\""}]"",
    ""jurisdictionId"": ""unspecified"",
    ""citedCount"": 1
  }
]"
https://synthetic.leread.ca/silver/G1098,"[
  {
    ""id"": ""silver-G1098"",
    ""docType"": ""DECISION"",
    ""path"": ""/synthetic/silver/G1098"",
    ""docTitle"": ""Québec (Sous-ministre du Revenu) v. Chenel"",
    ""autoCompletions"": ""[{\""type\"":\""MAIN_TITLE\"",\""text\"":\""Québec (Sous-ministre du Revenu) v. Chenel\""},{\""type\"":\""DECISION_OTHER_REFERENCES\"",\""text\"":\""2005 QCCA 794\""},{\""type\"":\""DECISION_OTHER_REFERENCES\"",\""text\"":\""[2005] R.J.Q. 2292 (C.A.)\""}]"",
    ""jurisdictionId"": ""unspecified"",
    ""citedCount"": 1
  }
]"
https://synthetic.leread.ca/silver/G1099,"[
  {
    ""id"": ""silver-G1099"",
    ""docType"": ""DECISION"",
    ""path"": ""/synthetic/silver/G1099"",
    ""docTitle"": ""Québec (Sous-ministre du Revenu) v. Valentini"",
    ""autoCompletions"": ""[{\""type\"":\""MAIN_TITLE\"",\""text\"":\""Québec (Sous-ministre du Revenu) v. Valentini\""},{\""type\"":\""DECISION_OTHER_REFERENCES\"",\""text\"":\""2007 QCCA 886\""},{\""type\"":\""DECISION_OTHER_REFERENCES\"",\""text\"":\""[2007] R.D.F.Q. 29 (C.A.)\""}]"",
    ""jurisdictionId"": ""unspecified"",
    ""citedCount"": 2
  }
]"
https://synthetic.leread.ca/silver/G1100,"[
  {
    ""id"": ""silver-G1100"",
    ""docType"": ""DECISION"",
    ""path"": ""/synthetic/silver/G1100"",
    ""docTitle"": ""Richard v. Time Inc."",
    ""autoCompletions"": ""[{\""type\"":\""MAIN_TITLE\"",\""text\"":\""Richard v. Time Inc.\""},{\""type\"":\""DECISION_ALTERNATE_TITLE\"",\""text\"":\""Richard\""},{\""type\"":\""DECISION_OTHER_REFERENCES\"",\""text\"":\""2012 SCC 8\""},{\""type\"":\""DECISION_OTHER_REFERENCES\"",\""text\"":\""[2012] 1 S.C.R. 265\""}]"",
    ""jurisdictionId"": ""unspecified"",
    ""citedCount"": 5
  }
]"
https://synthetic.leread.ca/silver/G1101,"[
  {
    ""id"": ""silver-G1101"",
    ""docType"": ""DECISION"",
    ""path"": ""/synthetic/silver/G1101"",
    ""docTitle"": ""Rocarelli v. Duplessis"",
    ""autoCompletions"": ""[{\""type\"":\""MAIN_TITLE\"",\""text\"":\""Rocarelli v. Duplessis\""},{\""type\"":\""DECISION_ALTERNATE_TITLE\"",\""text\"":\""Roncarelli v. Duplessis\""},{\""type\"":\""DECISION_OTHER_REFERENCES\"",\""text\"":\""[1959] S.C.R. 121\""}]"",
    ""jurisdictionId"": ""unspecified"",
    ""citedCount"": 2
  }
]"
https://synthetic.leread.ca/silver/G1102,"[
  {
    ""id"": ""silver-G1102"",
    ""docType"": ""DECISION"",
    ""path"": ""/synthetic/silver/G1102"",
    ""docTitle"": ""SNC-Lavalin inc. v. Société québécoise des infrastructures (Société immobilière du Québec)"",
    ""autoCompletions"": ""[{\""type\"":\""MAIN_TITLE\"",\""text\"":\""SNC-Lavalin inc. v. Société québécoise des infrastructures (Société immobilière du Québec)\""},{\""type\"":\""DECISION_OTHER_REFERENCES\"",\""text\"":\""2015 QCCA 1153\""},{\""type\"":\""DECISION_OTHER_REFERENCES\"",\""text\"":\""J.E. 2015-1189 (C.A.)\""}]"",
    ""jurisdictionId"": ""unspecified"",
    ""citedCount"": 1
  }
]"
https://synthetic.leread.ca/silver/G1103,"[
  {
    ""id"": ""silver-G1103"",
    ""docType"": ""DECISION"",
    ""path"": ""/synthetic/silver/G1103"",
    ""docTitle"": ""Savoie v. Canada"",
    ""autoCompletions"": ""[{\""type\"":\""MAIN_TITLE\"",\""text\"":\""Savoie v. Canada\""},{\""type\"":\""DECISION_ALTERNATE_TITLE\"",\""text\"":\""Savoie\""}]"",
    ""jurisdictionId"": ""unspecified"",
    ""citedCount"": 2
  }
]"
https://synthetic.leread.ca/silver/G1104,"[
  {
    ""id"": ""silver-G1104"",
    ""docType"": ""DECISION"",
    ""path"": ""/synthetic/silver/G1104"",
    ""docTitle"": ""Savoie v. Thériault-Martel"",
    ""autoCompletions"": ""[{\""type\"":\""MAIN_TITLE\"",\""text\"":\""Savoie v. Thériault-Martel\""},{\""type\"":\""DECISION_OTHER_REFERENCES\"",\""text\"":\""2015 QCCA 591\""},{\""type\"":\""DECISION_OTHER_REFERENCES\"",\""text\"":\""J.E. 2015-652 (C.A.)\""}]"",
    ""jurisdictionId"": ""unspecified"",
    ""citedCount"": 2
  }
]"
https://synthetic.leread.ca/silver/G1105,"[
  {
    ""id"": ""silver-G1105"",
    ""docType"": ""LEGISLATION"",
    ""path"": ""/synthetic/silver/G1105"",
    ""docTitle"": ""Tariff of judicial fees of advocates"",
    ""autoCompletions"": ""[{\""type\"":\""MAIN_TITLE\"",\""text\"":\""Tariff of judicial fees of advocates\""},{\""type\"":\""LEGISLATION_REFERENCE\"",\""text\"":\""C.Q.L.R., c. B-1\""}]"",
    ""jurisdictionId"": ""unspecified"",
    ""citedCount"": 2
  }
]"
https://synthetic.leread.ca/silver/G1107,"[
  {
    ""id"": ""silver-G1107"",
    ""docType"": ""LEGISLATION"",
    ""path"": ""/synthetic/silver/G1107"",
    ""docTitle"": ""Taxation Act (Quebec)"",
    ""autoCompletions"": ""[{\""type\"":\""MAIN_TITLE\"",\""text\"":\""Taxation Act (Quebec)\""},{\""type\"":\""LEGISLATION_ALTERNATE_TITLE\"",\""text\"":\""Taxation Act\""},{\""type\"":\""LEGISLATION_REFERENCE\"",\""text\"":\""C.Q.L.R., c. I-3\""}]"",
    ""jurisdictionId"": ""unspecified"",
    ""citedCount"": 2
  }
]"
https://synthetic.leread.ca/silver/G1108,"[
  {
    ""id"": ""silver-G1108"",
    ""docType"": ""DECISION"",
    ""path"": ""/synthetic/silver/G1108"",
    ""docTitle"": ""Thornton v. Board of School Trustees of School District No. 57 (Prince George)"",
    ""autoCompletions"": ""[{\""type\"":\""MAIN_TITLE\"",\""text\"":\""Thornton v. Board of School Trustees of School District No. 57 (Prince George)\""},{\""type\"":\""DECISION_OTHER_REFERENCES\"",\""text\"":\""267\""},{\""type\"":\""DECISION_OTHER_REFERENCES\"",\""text\"":\""AZ-78111099 (SCC)\""},{\""type\"":\""DECISION_OTHER_REFERENCES\"",\""text\"":\""[1978] 2 S.C.R.\""}]"",
    ""jurisdictionId"": ""unspecified"",
    ""citedCount"": 1
  }
]"
https://synthetic.leread.ca/silver/G1109,"[
  {
    ""id"": ""silver-G1109"",
    ""docType"": ""DECISION"",
    ""path"": ""/synthetic/silver/G1109"",
    ""docTitle"": ""Time Inc. v. Canada"",
    ""autoCompletions"": ""[{\""type\"":\""MAIN_TITLE\"",\""text\"":\""Time Inc. v. Canada\""},{\""type\"":\""DECISION_ALTERNATE_TITLE\"",\""text\"":\""Time\""}]"",
    ""jurisdictionId"": ""unspecified"",
    ""citedCount"": 1
  }
]"
https://synthetic.leread.ca/silver/G1110,"[
  {
    ""id"": ""silver-G1110"",
    ""docType"": ""DECISION"",
    ""path"": ""/synthetic/silver/G1110"",
    ""docTitle"": ""Viel"",
    ""autoCompletions"": ""[{\""type\"":\""MAIN_TITLE\"",\""text\"":\""Viel\""},{\""type\"":\""DECISION_ALTERNATE_TITLE\"",\""text\"":\""Viel v. Entreprises Immobilières du terroir ltée\""},{\""type\"":\""DECISION_OTHER_REFERENCES\"",\""text\"":\""J.E. 2002-937 (C.A.)\""},{\""type\"":\""DECISION_OTHER_REFERENCES\"",\""text\"":\""[2002] R.J.Q. 1262\""}]"",
    ""jurisdictionId"": ""unspecified"",
    ""citedCount"": 2
  }
]"
https://synthetic.leread.ca/silver/G1113,"[
  {
    ""id"": ""silver-G1113"",
    ""docType"": ""DECISION"",
    ""path"": ""/synthetic/silver/G1113"",
    ""docTitle"": ""MacKenzie v. LeBlanc"",
    ""autoCompletions"": ""[{\""type\"":\""MAIN_TITLE\"",\""text\"":\""MacKenzie v. LeBlanc\""},{\""type\"":\""DECISION_OTHER_REFERENCES\"",\""text\"":\""2007 BCSC 768 (CanLII)\""}]"",
    ""jurisdictionId"": ""unspecified"",
    ""citedCount"": 1
  }
]"
https://synthetic.leread.ca/silver/G1114,"[
  {
    ""id"": ""silver-G1114"",
    ""docType"": ""LEGISLATION"",
    ""path"": ""/synthetic/silver/G1114"",
    ""docTitle"": ""Mental Health Act"",
    ""autoCompletions"": ""[{\""type\"":\""MAIN_TITLE\"",\""text\"":\""Mental Health Act\""},{\""type\"":\""LEGISLATION_ALTERNATE_TITLE\"",\""text\"":\""MHA\""},{\""type\"":\""LEGISLATION_REFERENCE\"",\""text\"":\""R.S.B.C. 1996, c. 288\""}]"",
    ""jurisdictionId"": ""unspecified"",
    ""citedCount"": 6
  }
]"
https://synthetic.leread.ca/silver/G1115,"[
  {
    ""id"": ""silver-G1115"",
    ""docType"": ""DECISION"",
    ""path"": ""/synthetic/silver/G1115"",
    ""docTitle"": ""Northwestern Utilities Ltd. v. Edmonton (City)"",
    ""autoCompletions"": ""[{\""type\"":\""MAIN_TITLE\"",\""text\"":\""Northwestern Utilities Ltd. v. Edmonton (City)\""},{\""type\"":\""DECISION_OTHER_REFERENCES\"",\""text\"":\""1978 CanLII 17 (SCC)\""},{\""type\"":\""DECISION_OTHER_REFERENCES\"",\""text\"":\""[1979] 1 S.C.R. 684\""}]"",
    ""jurisdictionId"": ""unspecified"",
    ""citedCount"": 1
  }
]"
https://synthetic.leread.ca/silver/G1116,"[
  {
    ""id"": ""silver-G1116"",
    ""docType"": ""LEGISLATION"",
    ""path"": ""/synthetic/silver/G1116"",
    ""docTitle"": ""Rules of Practice and Procedure for Reviews"",
    ""autoCompletions"": ""[{\""type\"":\""MAIN_TITLE\"",\""text\"":\""Rules of Practice and Procedure for Reviews\""}]"",
    ""jurisdictionId"": ""unspecified"",
    ""citedCount"": 1
  }
]"
https://synthetic.leread.ca/silver/G1117,"[
  {
    ""id"": ""silver-G1117"",
    ""docType"": ""DECISION"",
    ""path"": ""/synthetic/silver/G1117"",
    ""docTitle"": ""Abi-Mansour v. Canada (Foreign Affairs and International Trade Canada)"",
    ""autoCompletions"": ""[{\""type\"":\""MAIN_TITLE\"",\""text\"":\""Abi-Mansour v. Canada (Foreign Affairs and International Trade Canada)\""},{\""type\"":\""DECISION_OTHER_REFERENCES\"",\""text\"":\""2015 FCA 135\""},{\""type\"":\""DECISION_OTHER_REFERENCES\"",\""text\"":\""474 N.R. 193\""}]"",
    ""jurisdictionId"": ""unspecified"",
    ""citedCount"": 2
  }
]"
https://synthetic.leread.ca/silver/G1119,"[
  {
    ""id"": ""silver-G1119"",
    ""docType"": ""DOCTRINE"",
    ""path"": ""/synthetic/silver/G1119"",
    ""docTitle"": ""Alberta Infrastructure’s Highway Geometric Design Guide"",
    ""autoCompletions"": ""[{\""type\"":\""MAIN_TITLE\"",\""text\"":\""Alberta Infrastructure’s Highway Geometric Design Guide\""},{\""type\"":\""MAIN_TITLE\"",\""text\"":\""Alberta Transportation Guide to projecting future highway needs\""},{\""type\"":\""MAIN_TITLE\"",\""text\"":\""Alberta’s Highway Geometric Design Guide\""}]"",
    ""jurisdictionId"": ""unspecified"",
    ""citedCount"": 3
  }
]"
https://synthetic.leread.ca/silver/G1120,"[
  {
    ""id"": ""silver-G1120"",
    ""docType"": ""DECISION"",
    ""path"": ""/synthetic/silver/G1120"",
    ""docTitle"": ""Application by Alberta Transportation pursuant to section 101(3) of the Canada Transportation Act, S.C., 1996, c. 10, as amended and section 16 of the Railway Safety Act, R.S.C., 1985, c. 32, (4th Supp.)"",
    ""autoCompletions"": ""[{\""type\"":\""MAIN_TITLE\"",\""text\"":\""Application by Alberta Transportation pursuant to section 101(3) of the Canada Transportation Act, S.C., 1996, c. 10, as amended and section 16 of the Railway Safety Act, R.S.C., 1985, c. 32, (4th Supp.)\""},{\""type\"":\""DECISION_ALTERNATE_TITLE\"",\""text\"":\""2013 Decision\""},{\""type\"":\""DECISION_OTHER_REFERENCES\"",\""text\"":\""137-R-2013\""},{\""type\"":\""DECISION_OTHER_REFERENCES\"",\""text\"":\""2013 Decision\""},{\""type\"":\""DECISION_OTHER_REFERENCES\"",\""text\"":\""[Decision No. 137-R-2013]\""}]"",
    ""jurisdictionId"": ""unspecified"",
    ""citedCount"": 17
  }
]"
https://synthetic.leread.ca/silver/G1121,"[
  {
    ""id"": ""silver-G1121"",
    ""docType"": ""DECISION"",
    ""path"": ""/synthetic/silver/G1121"",
    ""docTitle"": ""Arsenault v. Canada (Attorney General)"",
    ""autoCompletions"": ""[{\""type\"":\""MAIN_TITLE\"",\""text\"":\""Arsenault v. Canada (Attorney General)\""},{\""type\"":\""DECISION_OTHER_REFERENCES\"",\""text\"":\""11 Admin L.R. (6th) 187\""},{\""type\"":\""DECISION_OTHER_REFERENCES\"",\""text\"":\""2016 FCA 179\""}]"",
    ""jurisdictionId"": ""unspecified"",
    ""citedCount"": 2
  }
]"
https://synthetic.leread.ca/silver/G1123,"[
  {
    ""id"": ""silver-G1123"",
    ""docType"": ""DECISION"",
    ""path"": ""/synthetic/silver/G1123"",
    ""docTitle"": ""Bergeron v. Canada (Attorney General)"",
    ""autoCompletions"": ""[{\""type\"":\""MAIN_TITLE\"",\""text\"":\""Bergeron v. Canada (Attorney General)\""},{\""type\"":\""DECISION_ALTERNATE_TITLE\"",\""text\"":\""Bergeron\""},{\""type\"":\""DECISION_OTHER_REFERENCES\"",\""text\"":\""2015 FCA 160\""},{\""type\"":\""DECISION_OTHER_REFERENCES\"",\""text\"":\""99 Admin. L.R. (5th) 1\""}]"",
    ""jurisdictionId"": ""unspecified"",
    ""citedCount"": 3
  }
]"
https://synthetic.leread.ca/silver/G1124,"[
  {
    ""id"": ""silver-G1124"",
    ""docType"": ""DECISION"",
    ""path"": ""/synthetic/silver/G1124"",
    ""docTitle"": ""Boeing Canada Operations Ltd. v. Winnipeg (City) Assessor"",
    ""autoCompletions"": ""[{\""type\"":\""MAIN_TITLE\"",\""text\"":\""Boeing Canada Operations Ltd. v. Winnipeg (City) Assessor\""},{\""type\"":\""DECISION_OTHER_REFERENCES\"",\""text\"":\""2017 MBCA 83\""},{\""type\"":\""DECISION_OTHER_REFERENCES\"",\""text\"":\""23 Admin. L.R. (6th) 87\""}]"",
    ""jurisdictionId"": ""unspecified"",
    ""citedCount"": 2
  }
]"
https://synthetic.leread.ca/silver/G1125,"[
  {
    ""id"": ""silver-G1125"",
    ""docType"": ""DECISION"",
    ""path"": ""/synthetic/silver/G1125"",
    ""docTitle"": ""Brooks v. Ontario Racing Commission"",
    ""autoCompletions"": ""[{\""type\"":\""MAIN_TITLE\"",\""text\"":\""Brooks v. Ontario Racing Commission\""},{\""type\"":\""DECISION_OTHER_REFERENCES\"",\""text\"":\""2017 ONCA 833\""},{\""type\"":\""DECISION_OTHER_REFERENCES\"",\""text\"":\""33 Admin. L.R. (6th) 316\""}]"",
    ""jurisdictionId"": ""unspecified"",
    ""citedCount"": 2
  }
]"
https://synthetic.leread.ca/silver/G1126,"[
  {
    ""id"": ""silver-G1126"",
    ""docType"": ""DECISION"",
    ""path"": ""/synthetic/silver/G1126"",
    ""docTitle"": ""C.B. Powell Limited v. Canada (Border Services Agency)"",
    ""autoCompletions"": ""[{\""type\"":\""MAIN_TITLE\"",\""text\"":\""C.B. Powell Limited v. Canada (Border Services Agency)\""},{\""type\"":\""DECISION_OTHER_REFERENCES\"",\""text\"":\""2010 FCA 61\""},{\""type\"":\""DECISION_OTHER_REFERENCES\"",\""text\"":\""[2011] 2 F.C.R. 332\""}]"",
    ""jurisdictionId"": ""unspecified"",
    ""citedCount"": 2
  }
]"
https://synthetic.leread.ca/silver/G1128,"[
  {
    ""id"": ""silver-G1128"",
    ""docType"": ""DECISION"",
    ""path"": ""/synthetic/silver/G1128"",
    ""docTitle"": ""Canada (Attorney General) v. Mavi"",
    ""autoCompletions"": ""[{\""type\"":\""MAIN_TITLE\"",\""text\"":\""Canada (Attorney General) v. Mavi\""},{\""type\"":\""DECISION_ALTERNATE_TITLE\"",\""text\"":\""Mavi\""},{\""type\"":\""DECISION_OTHER_REFERENCES\"",\""text\"":\""2011 SCC 30\""},{\""type\"":\""DECISION_OTHER_REFERENCES\"",\""text\"":\""[2011] 2 S.C.R. 504\""}]"",
    ""jurisdictionId"": ""unspecified"",
    ""citedCount"": 4
  }
]"
https://synthetic.leread.ca/silver/G1131,"[
  {
    ""id"": ""silver-G1131"",
    ""docType"": ""DECISION"",
    ""path"": ""/synthetic/silver/G1131"",
    ""docTitle"": ""Canadian National Railway Company v. Viterra Inc."",
    ""autoCompletions"": ""[{\""type\"":\""MAIN_TITLE\"",\""text\"":\""Canadian National Railway Company v. Viterra Inc.\""},{\""type\"":\""DECISION_ALTERNATE_TITLE\"",\""text\"":\""Canadian National Railway v. Viterra Inc.\""},{\""type\"":\""DECISION_OTHER_REFERENCES\"",\""text\"":\""2017 FCA 6\""},{\""type\"":\""DECISION_OTHER_REFERENCES\"",\""text\"":\""410 D.L.R. (4th) 128\""}]"",
    ""jurisdictionId"": ""unspecified"",
    ""citedCount"": 2
  }
]"
https://synthetic.leread.ca/silver/G1132,"[
  {
    ""id"": ""silver-G1132"",
    ""docType"": ""LEGISLATION"",
    ""path"": ""/synthetic/silver/G1132"",
    ""docTitle"": ""Canadian Transportation Agency Rules (Dispute Proceedings and Certain Rules Applicable to All Proceedings)"",
    ""autoCompletions"": ""[{\""type\"":\""MAIN_TITLE\"",\""text\"":\""Canadian Transportation Agency Rules (Dispute Proceedings and Certain Rules Applicable to All Proceedings)\""},{\""type\"":\""LEGISLATION_ALTERNATE_TITLE\"",\""text\"":\""Agency’s Dispute Proceedings Rules\""},{\""type\"":\""LEGISLATION_REFERENCE\"",\""text\"":\""SOR/2014-104\""},{\""type\"":\""LEGISLATION_ALTERNATE_REFERENCE\"",\""text\"":\""SOR/2014- 104\""}]"",
    ""jurisdictionId"": ""unspecified"",
    ""citedCount"": 5
  }
]"
https://synthetic.leread.ca/silver/G1133,"[
  {
    ""id"": ""silver-G1133"",
    ""docType"": ""DOCTRINE"",
    ""path"": ""/synthetic/silver/G1133"",
    ""docTitle"": ""Canadian Transportation Agency, Apportionment of Costs of Grade Separations: A Resource Tool"",
    ""autoCompletions"": ""[{\""type\"":\""MAIN_TITLE\"",\""text\"":\""Canadian Transportation Agency, Apportionment of Costs of Grade Separations: A Resource Tool\""},{\""type\"":\""MAIN_TITLE\"",\""text\"":\""Apportionment of Costs of Grade Separations: A Resource Tool\""},{\""type\"":\""MAIN_TITLE\"",\""text\"":\""Resource Tool\""},{\""type\"":\""DOCTRINE_AUTHOR\"",\""text\"":\""Canadian Transportation Agency\""}]"",
    ""jurisdictionId"": ""unspecified"",
    ""citedCount"": 4
  }
]"
https://synthetic.leread.ca/silver/G1134,"[
  {
    ""id"": ""silver-G1134"",
    ""docType"": ""DOCTRINE"",
    ""path"": ""/synthetic/silver/G1134"",
    ""docTitle"": ""Clark, Reasonably Unified: The Hidden Convergence of Standards of Review in the Wake of Baker"",
    ""autoCompletions"": ""[{\""type\"":\""MAIN_TITLE\"",\""text\"":\""Clark, Reasonably Unified: The Hidden Convergence of Standards of Review in the Wake of Baker\""},{\""type\"":\""MAIN_TITLE\"",\""text\"":\""Reasonably Unified: The Hidden Convergence of Standards of Review in the Wake of Baker\""},{\""type\"":\""DOCTRINE_AUTHOR\"",\""text\"":\""Clark, Edward\""},{\""type\"":\""DOCTRINE_AUTHOR\"",\""text\"":\""Edward Clark\""}]"",
    ""jurisdictionId"": ""unspecified"",
    ""citedCount"": 2
  }
]"
https://synthetic.leread.ca/silver/G1135,"[
  {
    ""id"": ""silver-G1135"",
    ""docType"": ""LEGISLATION"",
    ""path"": ""/synthetic/silver/G1135"",
    ""docTitle"": ""Corrections and Conditional Release Act"",
    ""autoCompletions"": ""[{\""type\"":\""MAIN_TITLE\"",\""text\"":\""Corrections and Conditional Release Act\""},{\""type\"":\""LEGISLATION_ALTERNATE_TITLE\"",\""text\"":\""CCRA\""},{\""type\"":\""LEGISLATION_REFERENCE\"",\""text\"":\""S.C. 1992, c. 20\""}]"",
    ""jurisdictionId"": ""unspecified"",
    ""citedCount"": 8
  }
]"
https://synthetic.leread.ca/silver/G1137,"[
  {
    ""id"": ""silver-G1137"",
    ""docType"": ""DECISION"",
    ""path"": ""/synthetic/silver/G1137"",
    ""docTitle"": ""Decision No. 397-R-2015"",
    ""autoCompletions"": ""[{\""type\"":\""MAIN_TITLE\"",\""text\"":\""Decision No. 397-R-2015\""},{\""type\"":\""DECISION_ALTERNATE_TITLE\"",\""text\"":\""2015 Decision\""},{\""type\"":\""DECISION_OTHER_REFERENCES\"",\""text\"":\""2015 Decision\""},{\""type\"":\""DECISION_OTHER_REFERENCES\"",\""text\"":\""Decision No. 397-R-2015\""}]"",
    ""jurisdictionId"": ""unspecified"",
    ""citedCount"": 15
  }
]"
https://synthetic.leread.ca/silver/G1138,"[
  {
    ""id"": ""silver-G1138"",
    ""docType"": ""DECISION"",
    ""path"": ""/synthetic/silver/G1138"",
    ""docTitle"": ""Eagle’s Nest Youth Ranch Inc. v. Corman Park (Rural Municipality #344)"",
    ""autoCompletions"": ""[{\""type\"":\""MAIN_TITLE\"",\""text\"":\""Eagle’s Nest Youth Ranch Inc. v. Corman Park (Rural Municipality #344)\""},{\""type\"":\""DECISION_ALTERNATE_TITLE\"",\""text\"":\""Eagle’s Nest\""},{\""type\"":\""DECISION_OTHER_REFERENCES\"",\""text\"":\""2016 SKCA 20\""},{\""type\"":\""DECISION_OTHER_REFERENCES\"",\""text\"":\""476 Sask. R. 18\""}]"",
    ""jurisdictionId"": ""unspecified"",
    ""citedCount"": 3
  }
]"
https://synthetic.leread.ca/silver/G1139,"[
  {
    ""id"": ""silver-G1139"",
    ""docType"": ""DECISION"",
    ""path"": ""/synthetic/silver/G1139"",
    ""docTitle"": ""El-Helou v. Canada (Courts Administration Service)"",
    ""autoCompletions"": ""[{\""type\"":\""MAIN_TITLE\"",\""text\"":\""El-Helou v. Canada (Courts Administration Service)\""},{\""type\"":\""DECISION_OTHER_REFERENCES\"",\""text\"":\""2016 FCA 273\""}]"",
    ""jurisdictionId"": ""unspecified"",
    ""citedCount"": 2
  }
]"
https://synthetic.leread.ca/silver/G1140,"[
  {
    ""id"": ""silver-G1140"",
    ""docType"": ""DOCTRINE"",
    ""path"": ""/synthetic/silver/G1140"",
    ""docTitle"": ""Evans, View from the Top: Administrative Law in the Supreme Court of Canada 2016–2017"",
    ""autoCompletions"": ""[{\""type\"":\""MAIN_TITLE\"",\""text\"":\""Evans, View from the Top: Administrative Law in the Supreme Court of Canada 2016–2017\""},{\""type\"":\""MAIN_TITLE\"",\""text\"":\""Judicial Review of Administrative Action in Canada\""},{\""type\"":\""MAIN_TITLE\"",\""text\"":\""View from the Top: Administrative Law in the Supreme Court of Canada 2016–2017\""},{\""type\"":\""DOCTRINE_AUTHOR\"",\""text\"":\""Evans, John M.\""},{\""type\"":\""DOCTRINE_AUTHOR\"",\""text\"":\""John M. Evans\""}]"",
    ""jurisdictionId"": ""unspecified"",
    ""citedCount"": 2
  }
]"
https://synthetic.leread.ca/silver/G1144,"[
  {
    ""id"": ""silver-G1144"",
    ""docType"": ""DECISION"",
    ""path"": ""/synthetic/silver/G1144"",
    ""docTitle"": ""Irving Shipbuilding Inc. v. Canada (Attorney General)"",
    ""autoCompletions"": ""[{\""type\"":\""MAIN_TITLE\"",\""text\"":\""Irving Shipbuilding Inc. v. Canada (Attorney General)\""},{\""type\"":\""DECISION_OTHER_REFERENCES\"",\""text\"":\""2009 FCA 116\""},{\""type\"":\""DECISION_OTHER_REFERENCES\"",\""text\"":\""[2010] 2 F.C.R. 488\""}]"",
    ""jurisdictionId"": ""unspecified"",
    ""citedCount"": 2
  }
]"
https://synthetic.leread.ca/silver/G1145,"[
  {
    ""id"": ""silver-G1145"",
    ""docType"": ""DECISION"",
    ""path"": ""/synthetic/silver/G1145"",
    ""docTitle"": ""Johnny v. Adams Lake Indian Band"",
    ""autoCompletions"": ""[{\""type\"":\""MAIN_TITLE\"",\""text\"":\""Johnny v. Adams Lake Indian Band\""},{\""type\"":\""DECISION_OTHER_REFERENCES\"",\""text\"":\""2017 FCA 146\""}]"",
    ""jurisdictionId"": ""unspecified"",
    ""citedCount"": 2
  }
]"
https://synthetic.leread.ca/silver/G1146,"[
  {
    ""id"": ""silver-G1146"",
    ""docType"": ""DECISION"",
    ""path"": ""/synthetic/silver/G1146"",
    ""docTitle"": ""Johnson v. Canada (Attorney General)"",
    ""autoCompletions"": ""[{\""type\"":\""MAIN_TITLE\"",\""text\"":\""Johnson v. Canada (Attorney General)\""},{\""type\"":\""DECISION_OTHER_REFERENCES\"",\""text\"":\""2011 FCA 76\""},{\""type\"":\""DECISION_OTHER_REFERENCES\"",\""text\"":\""414 N.R. 321\""}]"",
    ""jurisdictionId"": ""unspecified"",
    ""citedCount"": 2
  }
]"
https://synthetic.leread.ca/silver/G1147,"[
  {
    ""id"": ""silver-G1147"",
    ""docType"": ""DECISION"",
    ""path"": ""/synthetic/silver/G1147"",
    ""docTitle"": ""Kelly v. Nova Scotia Police Commission"",
    ""autoCompletions"": ""[{\""type\"":\""MAIN_TITLE\"",\""text\"":\""Kelly v. Nova Scotia Police Commission\""},{\""type\"":\""DECISION_OTHER_REFERENCES\"",\""text\"":\""2006 NSCA 27\""},{\""type\"":\""DECISION_OTHER_REFERENCES\"",\""text\"":\""241 N.S.R. (2d) 300\""}]"",
    ""jurisdictionId"": ""unspecified"",
    ""citedCount"": 2
  }
]"
https://synthetic.leread.ca/silver/G1149,"[
  {
    ""id"": ""silver-G1149"",
    ""docType"": ""DECISION"",
    ""path"": ""/synthetic/silver/G1149"",
    ""docTitle"": ""Maritime Broadcasting System Limited v. Canadian Media Guild"",
    ""autoCompletions"": ""[{\""type\"":\""MAIN_TITLE\"",\""text\"":\""Maritime Broadcasting System Limited v. Canadian Media Guild\""},{\""type\"":\""DECISION_ALTERNATE_TITLE\"",\""text\"":\""Maritime Broadcasting\""},{\""type\"":\""DECISION_OTHER_REFERENCES\"",\""text\"":\""2014 FCA 59\""},{\""type\"":\""DECISION_OTHER_REFERENCES\"",\""text\"":\""70 Admin L.R. (5th) 1\""}]"",
    ""jurisdictionId"": ""unspecified"",
    ""citedCount"": 5
  }
]"
https://synthetic.leread.ca/silver/G1150,"[
  {
    ""id"": ""silver-G1150"",
    ""docType"": ""DECISION"",
    ""path"": ""/synthetic/silver/G1150"",
    ""docTitle"": ""Miakanda-Batsika v. Bell Canada"",
    ""autoCompletions"": ""[{\""type\"":\""MAIN_TITLE\"",\""text\"":\""Miakanda-Batsika v. Bell Canada\""},{\""type\"":\""DECISION_OTHER_REFERENCES\"",\""text\"":\""2016 FCA 278\""}]"",
    ""jurisdictionId"": ""unspecified"",
    ""citedCount"": 2
  }
]"
https://synthetic.leread.ca/silver/G1156,"[
  {
    ""id"": ""silver-G1156"",
    ""docType"": ""DECISION"",
    ""path"": ""/synthetic/silver/G1156"",
    ""docTitle"": ""R. v. J.M.H."",
    ""autoCompletions"": ""[{\""type\"":\""MAIN_TITLE\"",\""text\"":\""R. v. J.M.H.\""},{\""type\"":\""DECISION_OTHER_REFERENCES\"",\""text\"":\""2011 SCC 45\""},{\""type\"":\""DECISION_OTHER_REFERENCES\"",\""text\"":\""[2011] 3 S.C.R. 197\""}]"",
    ""jurisdictionId"": ""unspecified"",
    ""citedCount"": 2
  }
]"
https://synthetic.leread.ca/silver/G1158,"[
  {
    ""id"": ""silver-G1158"",
    ""docType"": ""DECISION"",
    ""path"": ""/synthetic/silver/G1158"",
    ""docTitle"": ""Re:Sound v. Fitness Industry Council of Canada"",
    ""autoCompletions"": ""[{\""type\"":\""MAIN_TITLE\"",\""text\"":\""Re:Sound v. Fitness Industry Council of Canada\""},{\""type\"":\""DECISION_ALTERNATE_TITLE\"",\""text\"":\""Re:Sound\""},{\""type\"":\""DECISION_OTHER_REFERENCES\"",\""text\"":\""2014 FCA 48\""},{\""type\"":\""DECISION_OTHER_REFERENCES\"",\""text\"":\""72 Admin. L.R. (5th) 1\""},{\""type\"":\""DECISION_OTHER_REFERENCES\"",\""text\"":\""[2015] 2 F.C.R. 170\""}]"",
    ""jurisdictionId"": ""unspecified"",
    ""citedCount"": 3
  }
]"
https://synthetic.leread.ca/silver/G1159,"[
  {
    ""id"": ""silver-G1159"",
    ""docType"": ""DECISION"",
    ""path"": ""/synthetic/silver/G1159"",
    ""docTitle"": ""Rogers Communications Canada Inc. v. Metro Cable T.V. Maintenance"",
    ""autoCompletions"": ""[{\""type\"":\""MAIN_TITLE\"",\""text\"":\""Rogers Communications Canada Inc. v. Metro Cable T.V. Maintenance\""},{\""type\"":\""DECISION_ALTERNATE_TITLE\"",\""text\"":\""Rogers Communications\""},{\""type\"":\""DECISION_OTHER_REFERENCES\"",\""text\"":\""2017 FCA 127\""}]"",
    ""jurisdictionId"": ""unspecified"",
    ""citedCount"": 4
  }
]"
https://synthetic.leread.ca/silver/G1160,"[
  {
    ""id"": ""silver-G1160"",
    ""docType"": ""DOCTRINE"",
    ""path"": ""/synthetic/silver/G1160"",
    ""docTitle"": ""Ruel, What is the Standard of Review to Be Applied to Issues of Procedural Fairness?"",
    ""autoCompletions"": ""[{\""type\"":\""MAIN_TITLE\"",\""text\"":\""Ruel, What is the Standard of Review to Be Applied to Issues of Procedural Fairness?\""},{\""type\"":\""MAIN_TITLE\"",\""text\"":\""What is the Standard of Review to Be Applied to Issues of Procedural Fairness?\""},{\""type\"":\""DOCTRINE_AUTHOR\"",\""text\"":\""Ruel, The Honourable Simon\""},{\""type\"":\""DOCTRINE_AUTHOR\"",\""text\"":\""Simon Ruel\""}]"",
    ""jurisdictionId"": ""unspecified"",
    ""citedCount"": 2
  }
]"
https://synthetic.leread.ca/silver/G1161,"[
  {
    ""id"": ""silver-G1161"",
    ""docType"": ""DECISION"",
    ""path"": ""/synthetic/silver/G1161"",
    ""docTitle"": ""Spinks v. Alberta (Law Enforcement Review Board)"",
    ""autoCompletions"": ""[{\""type\"":\""MAIN_TITLE\"",\""text\"":\""Spinks v. Alberta (Law Enforcement Review Board)\""},{\""type\"":\""DECISION_ALTERNATE_TITLE\"",\""text\"":\""Spinks v Alberta (Law Enforcement Review Board)\""},{\""type\"":\""DECISION_OTHER_REFERENCES\"",\""text\"":\""2011 ABCA 162\""},{\""type\"":\""DECISION_OTHER_REFERENCES\"",\""text\"":\""46 Alta. L.R. (5th) 84\""},{\""type\"":\""DECISION_OTHER_REFERENCES\"",\""text\"":\""505 AR 260\""}]"",
    ""jurisdictionId"": ""unspecified"",
    ""citedCount"": 3
  }
]"
https://synthetic.leread.ca/silver/G1162,"[
  {
    ""id"": ""silver-G1162"",
    ""docType"": ""DECISION"",
    ""path"": ""/synthetic/silver/G1162"",
    ""docTitle"": ""Strickland v. Canada (Attorney General)"",
    ""autoCompletions"": ""[{\""type\"":\""MAIN_TITLE\"",\""text\"":\""Strickland v. Canada (Attorney General)\""},{\""type\"":\""DECISION_OTHER_REFERENCES\"",\""text\"":\""2015 SCC 37\""},{\""type\"":\""DECISION_OTHER_REFERENCES\"",\""text\"":\""[2015] 2 S.C.R. 713\""}]"",
    ""jurisdictionId"": ""unspecified"",
    ""citedCount"": 2
  }
]"
https://synthetic.leread.ca/silver/G1164,"[
  {
    ""id"": ""silver-G1164"",
    ""docType"": ""DECISION"",
    ""path"": ""/synthetic/silver/G1164"",
    ""docTitle"": ""Therrien v. Canada (Attorney General)"",
    ""autoCompletions"": ""[{\""type\"":\""MAIN_TITLE\"",\""text\"":\""Therrien v. Canada (Attorney General)\""},{\""type\"":\""DECISION_OTHER_REFERENCES\"",\""text\"":\""2017 FCA 14\""},{\""type\"":\""DECISION_OTHER_REFERENCES\"",\""text\"":\""24 Admin. L.R. (6th) 46\""}]"",
    ""jurisdictionId"": ""unspecified"",
    ""citedCount"": 2
  }
]"
https://synthetic.leread.ca/silver/G1166,"[
  {
    ""id"": ""silver-G1166"",
    ""docType"": ""DECISION"",
    ""path"": ""/synthetic/silver/G1166"",
    ""docTitle"": ""Wsáneć School Board v. British Columbia"",
    ""autoCompletions"": ""[{\""type\"":\""MAIN_TITLE\"",\""text\"":\""Wsáneć School Board v. British Columbia\""},{\""type\"":\""DECISION_OTHER_REFERENCES\"",\""text\"":\""2017 FCA 210\""}]"",
    ""jurisdictionId"": ""unspecified"",
    ""citedCount"": 2
  }
]"
https://synthetic.leread.ca/silver/G1167,"[
  {
    ""id"": ""silver-G1167"",
    ""docType"": ""DECISION"",
    ""path"": ""/synthetic/silver/G1167"",
    ""docTitle"": ""A.I. Enterprises Ltd. v. Bram Enterprises Ltd."",
    ""autoCompletions"": ""[{\""type\"":\""MAIN_TITLE\"",\""text\"":\""A.I. Enterprises Ltd. v. Bram Enterprises Ltd.\""},{\""type\"":\""DECISION_OTHER_REFERENCES\"",\""text\"":\""2014 SCC 12\""},{\""type\"":\""DECISION_OTHER_REFERENCES\"",\""text\"":\""[2014] 1 S.C.R. 177\""}]"",
    ""jurisdictionId"": ""unspecified"",
    ""citedCount"": 1
  }
]"
https://synthetic.leread.ca/silver/G1168,"[
  {
    ""id"": ""silver-G1168"",
    ""docType"": ""DECISION"",
    ""path"": ""/synthetic/silver/G1168"",
    ""docTitle"": ""Alevizos v. Yale University"",
    ""autoCompletions"": ""[{\""type\"":\""MAIN_TITLE\"",\""text\"":\""Alevizos v. Yale University\""},{\""type\"":\""DECISION_ALTERNATE_TITLE\"",\""text\"":\""Alevizos\""}]"",
    ""jurisdictionId"": ""unspecified"",
    ""citedCount"": 1
  }
]"
https://synthetic.leread.ca/silver/G1169,"[
  {
    ""id"": ""silver-G1169"",
    ""docType"": ""DECISION"",
    ""path"": ""/synthetic/silver/G1169"",
    ""docTitle"": ""Bawitko Investments Ltd v Kernels Popcorn Ltd"",
    ""autoCompletions"": ""[{\""type\"":\""MAIN_TITLE\"",\""text\"":\""Bawitko Investments Ltd v Kernels Popcorn Ltd\""},{\""type\"":\""DECISION_OTHER_REFERENCES\"",\""text\"":\""(1991), 53 OAC 314\""}]"",
    ""jurisdictionId"": ""unspecified"",
    ""citedCount"": 1
  }
]"
https://synthetic.leread.ca/silver/G1170,"[
  {
    ""id"": ""silver-G1170"",
    ""docType"": ""DECISION"",
    ""path"": ""/synthetic/silver/G1170"",
    ""docTitle"": ""Berscheid v. Federated Co-operatives et al"",
    ""autoCompletions"": ""[{\""type\"":\""MAIN_TITLE\"",\""text\"":\""Berscheid v. Federated Co-operatives et al\""},{\""type\"":\""DECISION_OTHER_REFERENCES\"",\""text\"":\""2018 MBCA 27 (CanLII)\""}]"",
    ""jurisdictionId"": ""unspecified"",
    ""citedCount"": 1
  }
]"
https://synthetic.leread.ca/silver/G1171,"[
  {
    ""id"": ""silver-G1171"",
    ""docType"": ""DECISION"",
    ""path"": ""/synthetic/silver/G1171"",
    ""docTitle"": ""Bruno Appliance and Furniture, Inc. v. Hryniak"",
    ""autoCompletions"": ""[{\""type\"":\""MAIN_TITLE\"",\""text\"":\""Bruno Appliance and Furniture, Inc. v. Hryniak\""},{\""type\"":\""DECISION_OTHER_REFERENCES\"",\""text\"":\""2014 SCC 8\""},{\""type\"":\""DECISION_OTHER_REFERENCES\"",\""text\"":\""[2014] 1 S.C.R. 126\""}]"",
    ""jurisdictionId"": ""unspecified"",
    ""citedCount"": 1
  }
]"
https://synthetic.leread.ca/silver/G1172,"[
  {
    ""id"": ""silver-G1172"",
    ""docType"": ""DECISION"",
    ""path"": ""/synthetic/silver/G1172"",
    ""docTitle"": ""Canada Cement LaFarge Ltd. v. British Columbia Lightweight Aggregate Ltd."",
    ""autoCompletions"": ""[{\""type\"":\""MAIN_TITLE\"",\""text\"":\""Canada Cement LaFarge Ltd. v. British Columbia Lightweight Aggregate Ltd.\""},{\""type\"":\""DECISION_ALTERNATE_TITLE\"",\""text\"":\""Cement LaFarge\""},{\""type\"":\""DECISION_OTHER_REFERENCES\"",\""text\"":\""[1983] 1 S.C.R. 452\""}]"",
    ""jurisdictionId"": ""unspecified"",
    ""citedCount"": 2
  }
]"
https://synthetic.leread.ca/silver/G1173,"[
  {
    ""id"": ""silver-G1173"",
    ""docType"": ""DECISION"",
    ""path"": ""/synthetic/silver/G1173"",
    ""docTitle"": ""Childs v. Desormeaux"",
    ""autoCompletions"": ""[{\""type\"":\""MAIN_TITLE\"",\""text\"":\""Childs v. Desormeaux\""},{\""type\"":\""DECISION_ALTERNATE_TITLE\"",\""text\"":\""Childs\""}]"",
    ""jurisdictionId"": ""unspecified"",
    ""citedCount"": 1
  }
]"
https://synthetic.leread.ca/silver/G1174,"[
  {
    ""id"": ""silver-G1174"",
    ""docType"": ""DECISION"",
    ""path"": ""/synthetic/silver/G1174"",
    ""docTitle"": ""Cooper v. Hobart"",
    ""autoCompletions"": ""[{\""type\"":\""MAIN_TITLE\"",\""text\"":\""Cooper v. Hobart\""},{\""type\"":\""DECISION_ALTERNATE_TITLE\"",\""text\"":\""Cooper\""}]"",
    ""jurisdictionId"": ""unspecified"",
    ""citedCount"": 4
  }
]"
https://synthetic.leread.ca/silver/G1175,"[
  {
    ""id"": ""silver-G1175"",
    ""docType"": ""DECISION"",
    ""path"": ""/synthetic/silver/G1175"",
    ""docTitle"": ""Deloitte & Touche v. Livent Inc. (Receiver of)"",
    ""autoCompletions"": ""[{\""type\"":\""MAIN_TITLE\"",\""text\"":\""Deloitte & Touche v. Livent Inc. (Receiver of)\""},{\""type\"":\""DECISION_ALTERNATE_TITLE\"",\""text\"":\""Deloitte &amp; Touche v. Livent Inc. (Receiver of)\""},{\""type\"":\""DECISION_OTHER_REFERENCES\"",\""text\"":\""2017 SCC 63\""},{\""type\"":\""DECISION_OTHER_REFERENCES\"",\""text\"":\""[2017] 2 S.C.R. 795\""}]"",
    ""jurisdictionId"": ""unspecified"",
    ""citedCount"": 2
  }
]"
https://synthetic.leread.ca/silver/G1176,"[
  {
    ""id"": ""silver-G1176"",
    ""docType"": ""DECISION"",
    ""path"": ""/synthetic/silver/G1176"",
    ""docTitle"": ""Donoghue v. Stevenson"",
    ""autoCompletions"": ""[{\""type\"":\""MAIN_TITLE\"",\""text\"":\""Donoghue v. Stevenson\""},{\""type\"":\""DECISION_OTHER_REFERENCES\"",\""text\"":\""[1932] A.C. 562 (H.L.)\""}]"",
    ""jurisdictionId"": ""unspecified"",
    ""citedCount"": 1
  }
]"
https://synthetic.leread.ca/silver/G1177,"[
  {
    ""id"": ""silver-G1177"",
    ""docType"": ""DECISION"",
    ""path"": ""/synthetic/silver/G1177"",
    ""docTitle"": ""Edwards v. Canada (Attorney General)"",
    ""autoCompletions"": ""[{\""type\"":\""MAIN_TITLE\"",\""text\"":\""Edwards v. Canada (Attorney General)\""},{\""type\"":\""DECISION_ALTERNATE_TITLE\"",\""text\"":\""Edwards\""}]"",
    ""jurisdictionId"": ""unspecified"",
    ""citedCount"": 2
  }
]"
https://synthetic.leread.ca/silver/G1178,"[
  {
    ""id"": ""silver-G1178"",
    ""docType"": ""DOCTRINE"",
    ""path"": ""/synthetic/silver/G1178"",
    ""docTitle"": ""Fridman, The Law of Contract in Canada"",
    ""autoCompletions"": ""[{\""type\"":\""MAIN_TITLE\"",\""text\"":\""Fridman, The Law of Contract in Canada\""},{\""type\"":\""MAIN_TITLE\"",\""text\"":\""The Law of Contract in Canada, 6th ed\""},{\""type\"":\""DOCTRINE_AUTHOR\"",\""text\"":\""GHL Fridman\""}]"",
    ""jurisdictionId"": ""unspecified"",
    ""citedCount"": 1
  }
]"
https://synthetic.leread.ca/silver/G1179,"[
  {
    ""id"": ""silver-G1179"",
    ""docType"": ""DECISION"",
    ""path"": ""/synthetic/silver/G1179"",
    ""docTitle"": ""Fullowka v. Fullowka"",
    ""autoCompletions"": ""[{\""type\"":\""MAIN_TITLE\"",\""text\"":\""Fullowka v. Fullowka\""},{\""type\"":\""DECISION_ALTERNATE_TITLE\"",\""text\"":\""Fullowka\""}]"",
    ""jurisdictionId"": ""unspecified"",
    ""citedCount"": 2
  }
]"
https://synthetic.leread.ca/silver/G1180,"[
  {
    ""id"": ""silver-G1180"",
    ""docType"": ""DECISION"",
    ""path"": ""/synthetic/silver/G1180"",
    ""docTitle"": ""Hercules Managements Ltd. v. Ernst & Young"",
    ""autoCompletions"": ""[{\""type\"":\""MAIN_TITLE\"",\""text\"":\""Hercules Managements Ltd. v. Ernst & Young\""},{\""type\"":\""DECISION_ALTERNATE_TITLE\"",\""text\"":\""Hercules Managements Ltd. v. Ernst &amp; Young\""},{\""type\"":\""DECISION_OTHER_REFERENCES\"",\""text\"":\""[1997] 2 S.C.R. 165\""}]"",
    ""jurisdictionId"": ""unspecified"",
    ""citedCount"": 1
  }
]"
https://synthetic.leread.ca/silver/G1181,"[
  {
    ""id"": ""silver-G1181"",
    ""docType"": ""DECISION"",
    ""path"": ""/synthetic/silver/G1181"",
    ""docTitle"": ""Hill v. Canada (Attorney General)"",
    ""autoCompletions"": ""[{\""type\"":\""MAIN_TITLE\"",\""text\"":\""Hill v. Canada (Attorney General)\""},{\""type\"":\""DECISION_ALTERNATE_TITLE\"",\""text\"":\""Hill\""}]"",
    ""jurisdictionId"": ""unspecified"",
    ""citedCount"": 1
  }
]"
https://synthetic.leread.ca/silver/G1182,"[
  {
    ""id"": ""silver-G1182"",
    ""docType"": ""DECISION"",
    ""path"": ""/synthetic/silver/G1182"",
    ""docTitle"": ""Homestead Properties (Canada) Ltd. v. Sekhri et al."",
    ""autoCompletions"": ""[{\""type\"":\""MAIN_TITLE\"",\""text\"":\""Homestead Properties (Canada) Ltd. v. Sekhri et al.\""},{\""type\"":\""DECISION_OTHER_REFERENCES\"",\""text\"":\""2007 MBCA 61 (CanLII)\""}]"",
    ""jurisdictionId"": ""unspecified"",
    ""citedCount"": 1
  }
]"
https://synthetic.leread.ca/silver/G1183,"[
  {
    ""id"": ""silver-G1183"",
    ""docType"": ""DECISION"",
    ""path"": ""/synthetic/silver/G1183"",
    ""docTitle"": ""Manitoba Hydro Electric v. Inglis (John) Co. et al"",
    ""autoCompletions"": ""[{\""type\"":\""MAIN_TITLE\"",\""text\"":\""Manitoba Hydro Electric v. Inglis (John) Co. et al\""},{\""type\"":\""DECISION_OTHER_REFERENCES\"",\""text\"":\""(1999), 142 Man.R. (2d) 1 (C.A.)\""}]"",
    ""jurisdictionId"": ""unspecified"",
    ""citedCount"": 1
  }
]"
https://synthetic.leread.ca/silver/G1184,"[
  {
    ""id"": ""silver-G1184"",
    ""docType"": ""DECISION"",
    ""path"": ""/synthetic/silver/G1184"",
    ""docTitle"": ""Matic et al v Waldner et al"",
    ""autoCompletions"": ""[{\""type\"":\""MAIN_TITLE\"",\""text\"":\""Matic et al v Waldner et al\""},{\""type\"":\""DECISION_ALTERNATE_TITLE\"",\""text\"":\""Matic\""},{\""type\"":\""DECISION_OTHER_REFERENCES\"",\""text\"":\""2016 MBCA 60 (CanLII)\""},{\""type\"":\""DECISION_OTHER_REFERENCES\"",\""text\"":\""[2016] S.C.C.A. No. 359 (QL)\""}]"",
    ""jurisdictionId"": ""unspecified"",
    ""citedCount"": 3
  }
]"
https://synthetic.leread.ca/silver/G1185,"[
  {
    ""id"": ""silver-G1185"",
    ""docType"": ""LEGISLATION"",
    ""path"": ""/synthetic/silver/G1185"",
    ""docTitle"": ""Motor Vehicle Transport Act"",
    ""autoCompletions"": ""[{\""type\"":\""MAIN_TITLE\"",\""text\"":\""Motor Vehicle Transport Act\""},{\""type\"":\""LEGISLATION_REFERENCE\"",\""text\"":\""R.S.C., 1985, c. 29 (3<sup>rd</sup> Supp.)\""}]"",
    ""jurisdictionId"": ""unspecified"",
    ""citedCount"": 1
  }
]"
https://synthetic.leread.ca/silver/G1186,"[
  {
    ""id"": ""silver-G1186"",
    ""docType"": ""DECISION"",
    ""path"": ""/synthetic/silver/G1186"",
    ""docTitle"": ""Odhavji v. Canada (Minister of Citizenship and Immigration)"",
    ""autoCompletions"": ""[{\""type\"":\""MAIN_TITLE\"",\""text\"":\""Odhavji v. Canada (Minister of Citizenship and Immigration)\""},{\""type\"":\""DECISION_ALTERNATE_TITLE\"",\""text\"":\""Odhavji\""}]"",
    ""jurisdictionId"": ""unspecified"",
    ""citedCount"": 3
  }
]"
https://synthetic.leread.ca/silver/G1187,"[
  {
    ""id"": ""silver-G1187"",
    ""docType"": ""DECISION"",
    ""path"": ""/synthetic/silver/G1187"",
    ""docTitle"": ""Pro-Sys Consultants Ltd. v. Microsoft Corporation"",
    ""autoCompletions"": ""[{\""type\"":\""MAIN_TITLE\"",\""text\"":\""Pro-Sys Consultants Ltd. v. Microsoft Corporation\""},{\""type\"":\""DECISION_OTHER_REFERENCES\"",\""text\"":\""2013 SCC 57\""},{\""type\"":\""DECISION_OTHER_REFERENCES\"",\""text\"":\""[2013] 3 S.C.R. 477\""}]"",
    ""jurisdictionId"": ""unspecified"",
    ""citedCount"": 1
  }
]"
https://synthetic.leread.ca/silver/G1188,"[
  {
    ""id"": ""silver-G1188"",
    ""docType"": ""DECISION"",
    ""path"": ""/synthetic/silver/G1188"",
    ""docTitle"": ""Queen v. Cognos Inc."",
    ""autoCompletions"": ""[{\""type\"":\""MAIN_TITLE\"",\""text\"":\""Queen v. Cognos Inc.\""},{\""type\"":\""DECISION_ALTERNATE_TITLE\"",\""text\"":\""Cognos\""},{\""type\"":\""DECISION_OTHER_REFERENCES\"",\""text\"":\""[1993] 1 S.C.R. 87\""}]"",
    ""jurisdictionId"": ""unspecified"",
    ""citedCount"": 5
  }
]"
https://synthetic.leread.ca/silver/G1189,"[
  {
    ""id"": ""silver-G1189"",
    ""docType"": ""LEGISLATION"",
    ""path"": ""/synthetic/silver/G1189"",
    ""docTitle"": ""Queen’s Bench Rules (Manitoba)"",
    ""autoCompletions"": ""[{\""type\"":\""MAIN_TITLE\"",\""text\"":\""Queen’s Bench Rules (Manitoba)\""},{\""type\"":\""LEGISLATION_ALTERNATE_TITLE\"",\""text\"":\""Queen’s Bench Rules\""},{\""type\"":\""LEGISLATION_ALTERNATE_TITLE\"",\""text\"":\""Rule\""},{\""type\"":\""LEGISLATION_ALTERNATE_TITLE\"",\""text\"":\""Rule 20.07(1)\""},{\""type\"":\""LEGISLATION_ALTERNATE_TITLE\"",\""text\"":\""Rules\""},{\""type\"":\""LEGISLATION_ALTERNATE_TITLE\"",\""text\"":\""The Queen’s Bench Rules\""},{\""type\"":\""LEGISLATION_REFERENCE\"",\""text\"":\""Man. Reg. 130/17\""},{\""type\"":\""LEGISLATION_ALTERNATE_REFERENCE\"",\""text\"":\""Man. Reg. 553/88\""}]"",
    ""jurisdictionId"": ""unspecified"",
    ""citedCount"": 19
  }
]"
https://synthetic.leread.ca/silver/G1192,"[
  {
    ""id"": ""silver-G1192"",
    ""docType"": ""DECISION"",
    ""path"": ""/synthetic/silver/G1192"",
    ""docTitle"": ""Smith v. Union of Icelandic Fish Producers"",
    ""autoCompletions"": ""[{\""type\"":\""MAIN_TITLE\"",\""text\"":\""Smith v. Union of Icelandic Fish Producers\""},{\""type\"":\""DECISION_ALTERNATE_TITLE\"",\""text\"":\""Smith\""},{\""type\"":\""DECISION_ALTERNATE_TITLE\"",\""text\"":\""Smith v. Union of Icelandic Fish Producers,\""},{\""type\"":\""DECISION_OTHER_REFERENCES\"",\""text\"":\""2005 NSCA 145 (CanLII)\""}]"",
    ""jurisdictionId"": ""unspecified"",
    ""citedCount"": 2
  }
]"
https://synthetic.leread.ca/silver/G1193,"[
  {
    ""id"": ""silver-G1193"",
    ""docType"": ""DECISION"",
    ""path"": ""/synthetic/silver/G1193"",
    ""docTitle"": ""TRC Enterprises v. Tobmar Newstands Inc. et al"",
    ""autoCompletions"": ""[{\""type\"":\""MAIN_TITLE\"",\""text\"":\""TRC Enterprises v. Tobmar Newstands Inc. et al\""},{\""type\"":\""DECISION_OTHER_REFERENCES\"",\""text\"":\""2010 MBQB 112 (CanLII)\""}]"",
    ""jurisdictionId"": ""unspecified"",
    ""citedCount"": 1
  }
]"
https://synthetic.leread.ca/silver/G1194,"[
  {
    ""id"": ""silver-G1194"",
    ""docType"": ""DECISION"",
    ""path"": ""/synthetic/silver/G1194"",
    ""docTitle"": ""Ward v. Ward"",
    ""autoCompletions"": ""[{\""type\"":\""MAIN_TITLE\"",\""text\"":\""Ward v. Ward\""},{\""type\"":\""DECISION_OTHER_REFERENCES\"",\""text\"":\""2011 ONCA 178 (CanLII)\""}]"",
    ""jurisdictionId"": ""unspecified"",
    ""citedCount"": 1
  }
]"
https://synthetic.leread.ca/silver/G1195,"[
  {
    ""id"": ""silver-G1195"",
    ""docType"": ""LEGISLATION"",
    ""path"": ""/synthetic/silver/G1195"",
    ""docTitle"": ""An Act Respecting the Role of the Attorney General"",
    ""autoCompletions"": ""[{\""type\"":\""MAIN_TITLE\"",\""text\"":\""An Act Respecting the Role of the Attorney General\""},{\""type\"":\""LEGISLATION_REFERENCE\"",\""text\"":\""R.S.N.B. 2011, c.116\""}]"",
    ""jurisdictionId"": ""unspecified"",
    ""citedCount"": 2
  }
]"
https://synthetic.leread.ca/silver/G1196,"[
  {
    ""id"": ""silver-G1196"",
    ""docType"": ""DECISION"",
    ""path"": ""/synthetic/silver/G1196"",
    ""docTitle"": ""Bray v. New Brunswick (Attorney General)"",
    ""autoCompletions"": ""[{\""type\"":\""MAIN_TITLE\"",\""text\"":\""Bray v. New Brunswick (Attorney General)\""},{\""type\"":\""DECISION_OTHER_REFERENCES\"",\""text\"":\""(2016) N.B.J. 265\""}]"",
    ""jurisdictionId"": ""unspecified"",
    ""citedCount"": 1
  }
]"
https://synthetic.leread.ca/silver/G1197,"[
  {
    ""id"": ""silver-G1197"",
    ""docType"": ""DECISION"",
    ""path"": ""/synthetic/silver/G1197"",
    ""docTitle"": ""Central Coast School District No. 49 v. British Columbia (Information and Privacy Commissioner)"",
    ""autoCompletions"": ""[{\""type\"":\""MAIN_TITLE\"",\""text\"":\""Central Coast School District No. 49 v. British Columbia (Information and Privacy Commissioner)\""},{\""type\"":\""DECISION_ALTERNATE_TITLE\"",\""text\"":\""Central Coast\""},{\""type\"":\""DECISION_ALTERNATE_TITLE\"",\""text\"":\""entral Coast School District No. 49 v. British Columbia (Information and Privacy Commissioner)\""},{\""type\"":\""DECISION_OTHER_REFERENCES\"",\""text\"":\""2012 BCSC 427\""},{\""type\"":\""DECISION_OTHER_REFERENCES\"",\""text\"":\""2012 BCSC 427)\""}]"",
    ""jurisdictionId"": ""unspecified"",
    ""citedCount"": 3
  }
]"
https://synthetic.leread.ca/silver/G1198,"[
  {
    ""id"": ""silver-G1198"",
    ""docType"": ""DECISION"",
    ""path"": ""/synthetic/silver/G1198"",
    ""docTitle"": ""Charleson v. New Brunswick (Attorney General)"",
    ""autoCompletions"": ""[{\""type\"":\""MAIN_TITLE\"",\""text\"":\""Charleson v. New Brunswick (Attorney General)\""},{\""type\"":\""DECISION_OTHER_REFERENCES\"",\""text\"":\""(2014) N.B.J. 91\""}]"",
    ""jurisdictionId"": ""unspecified"",
    ""citedCount"": 1
  }
]"
https://synthetic.leread.ca/silver/G1199,"[
  {
    ""id"": ""silver-G1199"",
    ""docType"": ""LEGISLATION"",
    ""path"": ""/synthetic/silver/G1199"",
    ""docTitle"": ""Judicature Act"",
    ""autoCompletions"": ""[{\""type\"":\""MAIN_TITLE\"",\""text\"":\""Judicature Act\""}]"",
    ""jurisdictionId"": ""unspecified"",
    ""citedCount"": 1
  }
]"
https://synthetic.leread.ca/silver/G1200,"[
  {
    ""id"": ""silver-G1200"",
    ""docType"": ""DECISION"",
    ""path"": ""/synthetic/silver/G1200"",
    ""docTitle"": ""Maranda v. Richer"",
    ""autoCompletions"": ""[{\""type\"":\""MAIN_TITLE\"",\""text\"":\""Maranda v. Richer\""},{\""type\"":\""DECISION_ALTERNATE_TITLE\"",\""text\"":\""Maranda\""},{\""type\"":\""DECISION_OTHER_REFERENCES\"",\""text\"":\""2003 SCC 67\""}]"",
    ""jurisdictionId"": ""unspecified"",
    ""citedCount"": 2
  }
]"
https://synthetic.leread.ca/silver/G1201,"[
  {
    ""id"": ""silver-G1201"",
    ""docType"": ""DECISION"",
    ""path"": ""/synthetic/silver/G1201"",
    ""docTitle"": ""Municipal Insurance Assn. (British Columbia) v. British Columbia (Information and Privacy Commissioner)"",
    ""autoCompletions"": ""[{\""type\"":\""MAIN_TITLE\"",\""text\"":\""Municipal Insurance Assn. (British Columbia) v. British Columbia (Information and Privacy Commissioner)\""},{\""type\"":\""DECISION_ALTERNATE_TITLE\"",\""text\"":\""Municipal Insurance Assn. (British Columbia) v. British Columbia (Information and Privacy Commisioner\""},{\""type\"":\""DECISION_OTHER_REFERENCES\"",\""text\"":\""1996 Carswell BC 2854 (BC)\""}]"",
    ""jurisdictionId"": ""unspecified"",
    ""citedCount"": 1
  }
]"
https://synthetic.leread.ca/silver/G1202,"[
  {
    ""id"": ""silver-G1202"",
    ""docType"": ""DECISION"",
    ""path"": ""/synthetic/silver/G1202"",
    ""docTitle"": ""New Brunswick (Attorney General) (Re), 2018 NBOMB 6"",
    ""autoCompletions"": ""[{\""type\"":\""MAIN_TITLE\"",\""text\"":\""New Brunswick (Attorney General) (Re), 2018 NBOMB 6\""},{\""type\"":\""DECISION_ALTERNATE_TITLE\"",\""text\"":\""New Brunswick (Attorney General) (Re)\""},{\""type\"":\""DECISION_OTHER_REFERENCES\"",\""text\"":\""2018 NBOMB 6\""}]"",
    ""jurisdictionId"": ""unspecified"",
    ""citedCount"": 1
  }
]"
https://synthetic.leread.ca/silver/G1203,"[
  {
    ""id"": ""silver-G1203"",
    ""docType"": ""DECISION"",
    ""path"": ""/synthetic/silver/G1203"",
    ""docTitle"": ""Newfoundland and Labrador (Information and Privacy Commissioner) v. College of the North Atlantic"",
    ""autoCompletions"": ""[{\""type\"":\""MAIN_TITLE\"",\""text\"":\""Newfoundland and Labrador (Information and Privacy Commissioner) v. College of the North Atlantic\""},{\""type\"":\""DECISION_ALTERNATE_TITLE\"",\""text\"":\""Newfoundland decision\""},{\""type\"":\""DECISION_OTHER_REFERENCES\"",\""text\"":\""2013 NLTD 185)\""}]"",
    ""jurisdictionId"": ""unspecified"",
    ""citedCount"": 2
  }
]"
https://synthetic.leread.ca/silver/G1205,"[
  {
    ""id"": ""silver-G1205"",
    ""docType"": ""DECISION"",
    ""path"": ""/synthetic/silver/G1205"",
    ""docTitle"": ""959630 Alberta Inc. v Regina (City)"",
    ""autoCompletions"": ""[{\""type\"":\""MAIN_TITLE\"",\""text\"":\""959630 Alberta Inc. v Regina (City)\""},{\""type\"":\""DECISION_ALTERNATE_TITLE\"",\""text\"":\""959630 Alberta Inc\""},{\""type\"":\""DECISION_ALTERNATE_TITLE\"",\""text\"":\""959630 Alberta Inc.\""},{\""type\"":\""DECISION_ALTERNATE_TITLE\"",\""text\"":\""Alberta Inc\""},{\""type\"":\""DECISION_ALTERNATE_TITLE\"",\""text\"":\""Alberta Inc.\""},{\""type\"":\""DECISION_OTHER_REFERENCES\"",\""text\"":\""2010 SKCA 136\""},{\""type\"":\""DECISION_OTHER_REFERENCES\"",\""text\"":\""362 Sask R 177\""}]"",
    ""jurisdictionId"": ""unspecified"",
    ""citedCount"": 8
  }
]"
https://synthetic.leread.ca/silver/G1206,"[
  {
    ""id"": ""silver-G1206"",
    ""docType"": ""DOCTRINE"",
    ""path"": ""/synthetic/silver/G1206"",
    ""docTitle"": ""Appraisal Manual"",
    ""autoCompletions"": ""[{\""type\"":\""MAIN_TITLE\"",\""text\"":\""Appraisal Manual\""},{\""type\"":\""MAIN_TITLE\"",\""text\"":\""Manual\""},{\""type\"":\""MAIN_TITLE\"",\""text\"":\""manual\""}]"",
    ""jurisdictionId"": ""unspecified"",
    ""citedCount"": 11
  }
]"
https://synthetic.leread.ca/silver/G1207,"[
  {
    ""id"": ""silver-G1207"",
    ""docType"": ""DECISION"",
    ""path"": ""/synthetic/silver/G1207"",
    ""docTitle"": ""British Columbia (Chicken Marketing Board) v. British Columbia (Marketing Board)"",
    ""autoCompletions"": ""[{\""type\"":\""MAIN_TITLE\"",\""text\"":\""British Columbia (Chicken Marketing Board) v. British Columbia (Marketing Board)\""},{\""type\"":\""DECISION_ALTERNATE_TITLE\"",\""text\"":\""British Columbia (Chicken Marketing Board) v British Columbia (Marketing Board)\""},{\""type\"":\""DECISION_OTHER_REFERENCES\"",\""text\"":\""2002 BCCA 473\""},{\""type\"":\""DECISION_OTHER_REFERENCES\"",\""text\"":\""216 D.L.R. (4th) 587\""},{\""type\"":\""DECISION_OTHER_REFERENCES\"",\""text\"":\""216 DLR (4th) 587\""}]"",
    ""jurisdictionId"": ""unspecified"",
    ""citedCount"": 2
  }
]"
https://synthetic.leread.ca/silver/G1208,"[
  {
    ""id"": ""silver-G1208"",
    ""docType"": ""DECISION"",
    ""path"": ""/synthetic/silver/G1208"",
    ""docTitle"": ""Budhai v. Canada (Attorney General)"",
    ""autoCompletions"": ""[{\""type\"":\""MAIN_TITLE\"",\""text\"":\""Budhai v. Canada (Attorney General)\""},{\""type\"":\""DECISION_ALTERNATE_TITLE\"",\""text\"":\""Budhai v Canada (Attorney General)\""},{\""type\"":\""DECISION_OTHER_REFERENCES\"",\""text\"":\""(2002), 2002 FCA 298\""},{\""type\"":\""DECISION_OTHER_REFERENCES\"",\""text\"":\""2002 FCA 298\""},{\""type\"":\""DECISION_OTHER_REFERENCES\"",\""text\"":\""216 D.L.R. (4th) 594 (F.C.A.)\""},{\""type\"":\""DECISION_OTHER_REFERENCES\"",\""text\"":\""216 DLR (4th) 594\""}]"",
    ""jurisdictionId"": ""unspecified"",
    ""citedCount"": 2
  }
]"
https://synthetic.leread.ca/silver/G1209,"[
  {
    ""id"": ""silver-G1209"",
    ""docType"": ""DECISION"",
    ""path"": ""/synthetic/silver/G1209"",
    ""docTitle"": ""Cadillac Fairview Corporation Limited v Saskatoon (City)"",
    ""autoCompletions"": ""[{\""type\"":\""MAIN_TITLE\"",\""text\"":\""Cadillac Fairview Corporation Limited v Saskatoon (City)\""},{\""type\"":\""DECISION_ALTERNATE_TITLE\"",\""text\"":\""Cadillac Fairview\""},{\""type\"":\""DECISION_ALTERNATE_TITLE\"",\""text\"":\""Cadillac Fairview Corporation v Saskatoon (City)\""},{\""type\"":\""DECISION_OTHER_REFERENCES\"",\""text\"":\""2000 SKCA 84\""},{\""type\"":\""DECISION_OTHER_REFERENCES\"",\""text\"":\""[2000] 11 WWR 89\""}]"",
    ""jurisdictionId"": ""unspecified"",
    ""citedCount"": 4
  }
]"
https://synthetic.leread.ca/silver/G1210,"[
  {
    ""id"": ""silver-G1210"",
    ""docType"": ""DECISION"",
    ""path"": ""/synthetic/silver/G1210"",
    ""docTitle"": ""Canada (Minister of Citizenship and Immigration) v Huruglica"",
    ""autoCompletions"": ""[{\""type\"":\""MAIN_TITLE\"",\""text\"":\""Canada (Minister of Citizenship and Immigration) v Huruglica\""},{\""type\"":\""DECISION_ALTERNATE_TITLE\"",\""text\"":\""Huruglica\""},{\""type\"":\""DECISION_ALTERNATE_TITLE\"",\""text\"":\""Huruglica v. Canada (Minister of Citizenship and Immigration)\""},{\""type\"":\""DECISION_ALTERNATE_TITLE\"",\""text\"":\""Minister of Citizenship and Immigration) v. Huruglica\""},{\""type\"":\""DECISION_OTHER_REFERENCES\"",\""text\"":\""2016 FCA 93\""},{\""type\"":\""DECISION_OTHER_REFERENCES\"",\""text\"":\""396 DLR (4th) 527\""}]"",
    ""jurisdictionId"": ""unspecified"",
    ""citedCount"": 9
  }
]"
https://synthetic.leread.ca/silver/G1211,"[
  {
    ""id"": ""silver-G1211"",
    ""docType"": ""DECISION"",
    ""path"": ""/synthetic/silver/G1211"",
    ""docTitle"": ""Canada v McLarty"",
    ""autoCompletions"": ""[{\""type\"":\""MAIN_TITLE\"",\""text\"":\""Canada v McLarty\""},{\""type\"":\""DECISION_OTHER_REFERENCES\"",\""text\"":\""2008 SCC 26\""},{\""type\"":\""DECISION_OTHER_REFERENCES\"",\""text\"":\""[2008] 2 SCR 79\""}]"",
    ""jurisdictionId"": ""unspecified"",
    ""citedCount"": 1
  }
]"
https://synthetic.leread.ca/silver/G1212,"[
  {
    ""id"": ""silver-G1212"",
    ""docType"": ""DECISION"",
    ""path"": ""/synthetic/silver/G1212"",
    ""docTitle"": ""City Centre Equities Inc. v Regina (City)"",
    ""autoCompletions"": ""[{\""type\"":\""MAIN_TITLE\"",\""text\"":\""City Centre Equities Inc. v Regina (City)\""},{\""type\"":\""DECISION_OTHER_REFERENCES\"",\""text\"":\""2016 SKCA 69\""},{\""type\"":\""DECISION_OTHER_REFERENCES\"",\""text\"":\""2018 SKCA 43\""}]"",
    ""jurisdictionId"": ""unspecified"",
    ""citedCount"": 2
  }
]"
https://synthetic.leread.ca/silver/G1213,"[
  {
    ""id"": ""silver-G1213"",
    ""docType"": ""DECISION"",
    ""path"": ""/synthetic/silver/G1213"",
    ""docTitle"": ""City Savings & Trust Co. and City of Regina, Re"",
    ""autoCompletions"": ""[{\""type\"":\""MAIN_TITLE\"",\""text\"":\""City Savings & Trust Co. and City of Regina, Re\""},{\""type\"":\""DECISION_ALTERNATE_TITLE\"",\""text\"":\""City Savings &amp; Trust Co. and City of Regina, Re\""},{\""type\"":\""DECISION_OTHER_REFERENCES\"",\""text\"":\""(1974), 52 DLR (3d) 698 (Sask CA)\""}]"",
    ""jurisdictionId"": ""unspecified"",
    ""citedCount"": 1
  }
]"
https://synthetic.leread.ca/silver/G1214,"[
  {
    ""id"": ""silver-G1214"",
    ""docType"": ""DECISION"",
    ""path"": ""/synthetic/silver/G1214"",
    ""docTitle"": ""City of Saskatoon v. Boardwalk Property Holdings Ltd"",
    ""autoCompletions"": ""[{\""type\"":\""MAIN_TITLE\"",\""text\"":\""City of Saskatoon v. Boardwalk Property Holdings Ltd\""},{\""type\"":\""DECISION_OTHER_REFERENCES\"",\""text\"":\""2008 SKCA 174\""},{\""type\"":\""DECISION_OTHER_REFERENCES\"",\""text\"":\""314 Sask. R. 290\""}]"",
    ""jurisdictionId"": ""unspecified"",
    ""citedCount"": 1
  }
]"
https://synthetic.leread.ca/silver/G1215,"[
  {
    ""id"": ""silver-G1215"",
    ""docType"": ""DECISION"",
    ""path"": ""/synthetic/silver/G1215"",
    ""docTitle"": ""College of Hearing Aid Practitioners (Alberta) v. Zieniewicz"",
    ""autoCompletions"": ""[{\""type\"":\""MAIN_TITLE\"",\""text\"":\""College of Hearing Aid Practitioners (Alberta) v. Zieniewicz\""},{\""type\"":\""DECISION_ALTERNATE_TITLE\"",\""text\"":\""College of Hearing Aid Practitioners (Alberta) v Zieniewicz\""},{\""type\"":\""DECISION_OTHER_REFERENCES\"",\""text\"":\""(2003), 2003 ABCA 346\""},{\""type\"":\""DECISION_OTHER_REFERENCES\"",\""text\"":\""14 Admin LR (4th) 286\""},{\""type\"":\""DECISION_OTHER_REFERENCES\"",\""text\"":\""2003 ABCA 346\""},{\""type\"":\""DECISION_OTHER_REFERENCES\"",\""text\"":\""24 Alta. L.R. (4th) 59 (C.A.)\""}]"",
    ""jurisdictionId"": ""unspecified"",
    ""citedCount"": 2
  }
]"
https://synthetic.leread.ca/silver/G1216,"[
  {
    ""id"": ""silver-G1216"",
    ""docType"": ""DECISION"",
    ""path"": ""/synthetic/silver/G1216"",
    ""docTitle"": ""College of Physicians and Surgeons of Ontario v. Payne"",
    ""autoCompletions"": ""[{\""type\"":\""MAIN_TITLE\"",\""text\"":\""College of Physicians and Surgeons of Ontario v. Payne\""},{\""type\"":\""DECISION_ALTERNATE_TITLE\"",\""text\"":\""College of Physicians &amp; Surgeons (Ontario) v Payne\""},{\""type\"":\""DECISION_ALTERNATE_TITLE\"",\""text\"":\""Payne\""},{\""type\"":\""DECISION_OTHER_REFERENCES\"",\""text\"":\""(2002), 163 OAC 25 (Div Ct)\""},{\""type\"":\""DECISION_OTHER_REFERENCES\"",\""text\"":\""(2002), 219 D.L.R. (4th) 350 (Ont. Div. Ct.)\""},{\""type\"":\""DECISION_OTHER_REFERENCES\"",\""text\"":\""(2002), 219 D.L.R. (4th) 350\""},{\""type\"":\""DECISION_OTHER_REFERENCES\"",\""text\"":\""163 O.A.C. 25 (Div. Ct.)\""}]"",
    ""jurisdictionId"": ""unspecified"",
    ""citedCount"": 4
  }
]"
https://synthetic.leread.ca/silver/G1217,"[
  {
    ""id"": ""silver-G1217"",
    ""docType"": ""DECISION"",
    ""path"": ""/synthetic/silver/G1217"",
    ""docTitle"": ""Costco Wholesale Canada Ltd. v Saskatoon (City)"",
    ""autoCompletions"": ""[{\""type\"":\""MAIN_TITLE\"",\""text\"":\""Costco Wholesale Canada Ltd. v Saskatoon (City)\""},{\""type\"":\""DECISION_OTHER_REFERENCES\"",\""text\"":\""No 0081/2003\""},{\""type\"":\""DECISION_OTHER_REFERENCES\"",\""text\"":\""[2003] SMBAACD No 84\""}]"",
    ""jurisdictionId"": ""unspecified"",
    ""citedCount"": 1
  }
]"
https://synthetic.leread.ca/silver/G1218,"[
  {
    ""id"": ""silver-G1218"",
    ""docType"": ""DECISION"",
    ""path"": ""/synthetic/silver/G1218"",
    ""docTitle"": ""Deer Lodge Hotels Ltd. v Saskatoon (City)"",
    ""autoCompletions"": ""[{\""type\"":\""MAIN_TITLE\"",\""text\"":\""Deer Lodge Hotels Ltd. v Saskatoon (City)\""},{\""type\"":\""DECISION_ALTERNATE_TITLE\"",\""text\"":\""Deer Lodge\""},{\""type\"":\""DECISION_OTHER_REFERENCES\"",\""text\"":\""2016 SKCA 119\""},{\""type\"":\""DECISION_OTHER_REFERENCES\"",\""text\"":\""407 DLR (4th) 340\""}]"",
    ""jurisdictionId"": ""unspecified"",
    ""citedCount"": 4
  }
]"
https://synthetic.leread.ca/silver/G1220,"[
  {
    ""id"": ""silver-G1220"",
    ""docType"": ""DECISION"",
    ""path"": ""/synthetic/silver/G1220"",
    ""docTitle"": ""Dunsmuir/Pushpanathan [2003 ABCA 346]"",
    ""autoCompletions"": ""[{\""type\"":\""MAIN_TITLE\"",\""text\"":\""Dunsmuir/Pushpanathan [2003 ABCA 346]\""},{\""type\"":\""DECISION_ALTERNATE_TITLE\"",\""text\"":\""Dunsmuir/Pushpanathan\""},{\""type\"":\""DECISION_OTHER_REFERENCES\"",\""text\"":\""[2003 ABCA 346]\""}]"",
    ""jurisdictionId"": ""unspecified"",
    ""citedCount"": 3
  }
]"
https://synthetic.leread.ca/silver/G1222,"[
  {
    ""id"": ""silver-G1222"",
    ""docType"": ""DECISION"",
    ""path"": ""/synthetic/silver/G1222"",
    ""docTitle"": ""Edmonton Police Service v Alberta (Law Enforcement Review Board)"",
    ""autoCompletions"": ""[{\""type\"":\""MAIN_TITLE\"",\""text\"":\""Edmonton Police Service v Alberta (Law Enforcement Review Board)\""},{\""type\"":\""DECISION_OTHER_REFERENCES\"",\""text\"":\""2012 ABCA 357\""},{\""type\"":\""DECISION_OTHER_REFERENCES\"",\""text\"":\""539 AR 177\""}]"",
    ""jurisdictionId"": ""unspecified"",
    ""citedCount"": 1
  }
]"
https://synthetic.leread.ca/silver/G1224,"[
  {
    ""id"": ""silver-G1224"",
    ""docType"": ""DECISION"",
    ""path"": ""/synthetic/silver/G1224"",
    ""docTitle"": ""Gary L. Redhead Holdings Ltd. v Swift Current (Rural Municipality)"",
    ""autoCompletions"": ""[{\""type\"":\""MAIN_TITLE\"",\""text\"":\""Gary L. Redhead Holdings Ltd. v Swift Current (Rural Municipality)\""},{\""type\"":\""DECISION_ALTERNATE_TITLE\"",\""text\"":\""Redhead\""},{\""type\"":\""DECISION_OTHER_REFERENCES\"",\""text\"":\""2017 SKCA 47\""},{\""type\"":\""DECISION_OTHER_REFERENCES\"",\""text\"":\""[2017] 9 WWR 296\""}]"",
    ""jurisdictionId"": ""unspecified"",
    ""citedCount"": 5
  }
]"
https://synthetic.leread.ca/silver/G1225,"[
  {
    ""id"": ""silver-G1225"",
    ""docType"": ""DECISION"",
    ""path"": ""/synthetic/silver/G1225"",
    ""docTitle"": ""Ghosn v Halifax (Regional Municipality)"",
    ""autoCompletions"": ""[{\""type\"":\""MAIN_TITLE\"",\""text\"":\""Ghosn v Halifax (Regional Municipality)\""},{\""type\"":\""DECISION_OTHER_REFERENCES\"",\""text\"":\""2016 NSCA 90\""},{\""type\"":\""DECISION_OTHER_REFERENCES\"",\""text\"":\""57 MPLR (5th) 211\""}]"",
    ""jurisdictionId"": ""unspecified"",
    ""citedCount"": 1
  }
]"
https://synthetic.leread.ca/silver/G1226,"[
  {
    ""id"": ""silver-G1226"",
    ""docType"": ""DECISION"",
    ""path"": ""/synthetic/silver/G1226"",
    ""docTitle"": ""Green v Canada (Minister of Citizenship and Immigration)"",
    ""autoCompletions"": ""[{\""type\"":\""MAIN_TITLE\"",\""text\"":\""Green v Canada (Minister of Citizenship and Immigration)\""},{\""type\"":\""DECISION_OTHER_REFERENCES\"",\""text\"":\""2015 FC 536\""},{\""type\"":\""DECISION_OTHER_REFERENCES\"",\""text\"":\""479 FTR 231\""}]"",
    ""jurisdictionId"": ""unspecified"",
    ""citedCount"": 1
  }
]"
https://synthetic.leread.ca/silver/G1227,"[
  {
    ""id"": ""silver-G1227"",
    ""docType"": ""DECISION"",
    ""path"": ""/synthetic/silver/G1227"",
    ""docTitle"": ""HDL Investments Inc. v Regina (City)"",
    ""autoCompletions"": ""[{\""type\"":\""MAIN_TITLE\"",\""text\"":\""HDL Investments Inc. v Regina (City)\""},{\""type\"":\""DECISION_ALTERNATE_TITLE\"",\""text\"":\""HDL 2009\""},{\""type\"":\""DECISION_ALTERNATE_TITLE\"",\""text\"":\""HLD Investments Inc. v Regina (City)\""},{\""type\"":\""DECISION_OTHER_REFERENCES\"",\""text\"":\""#2014-27510 (2 May 2014)\""},{\""type\"":\""DECISION_OTHER_REFERENCES\"",\""text\"":\""2008 SKCA 47\""},{\""type\"":\""DECISION_OTHER_REFERENCES\"",\""text\"":\""2009 SKCA 138\""},{\""type\"":\""DECISION_OTHER_REFERENCES\"",\""text\"":\""310 Sask R 44\""},{\""type\"":\""DECISION_OTHER_REFERENCES\"",\""text\"":\""[2010] 3 WWR 249\""}]"",
    ""jurisdictionId"": ""unspecified"",
    ""citedCount"": 16
  }
]"
https://synthetic.leread.ca/silver/G1228,"[
  {
    ""id"": ""silver-G1228"",
    ""docType"": ""DECISION"",
    ""path"": ""/synthetic/silver/G1228"",
    ""docTitle"": ""Halifax (Regional Municipality) v Anglican Diocesan Centre Corporation"",
    ""autoCompletions"": ""[{\""type\"":\""MAIN_TITLE\"",\""text\"":\""Halifax (Regional Municipality) v Anglican Diocesan Centre Corporation\""},{\""type\"":\""DECISION_OTHER_REFERENCES\"",\""text\"":\""2010 NSCA 38\""},{\""type\"":\""DECISION_OTHER_REFERENCES\"",\""text\"":\""290 NSR (2d) 361\""}]"",
    ""jurisdictionId"": ""unspecified"",
    ""citedCount"": 1
  }
]"
https://synthetic.leread.ca/silver/G1233,"[
  {
    ""id"": ""silver-G1233"",
    ""docType"": ""DECISION"",
    ""path"": ""/synthetic/silver/G1233"",
    ""docTitle"": ""Imperial Oil Limited v Regina (City)"",
    ""autoCompletions"": ""[{\""type\"":\""MAIN_TITLE\"",\""text\"":\""Imperial Oil Limited v Regina (City)\""},{\""type\"":\""DECISION_ALTERNATE_TITLE\"",\""text\"":\""Imperial Oil\""},{\""type\"":\""DECISION_ALTERNATE_TITLE\"",\""text\"":\""Imperial Oil 2016\""},{\""type\"":\""DECISION_OTHER_REFERENCES\"",\""text\"":\""2016 SKCA 107\""},{\""type\"":\""DECISION_OTHER_REFERENCES\"",\""text\"":\""408 DLR (4th) 46\""}]"",
    ""jurisdictionId"": ""unspecified"",
    ""citedCount"": 12
  }
]"
https://synthetic.leread.ca/silver/G1236,"[
  {
    ""id"": ""silver-G1236"",
    ""docType"": ""DECISION"",
    ""path"": ""/synthetic/silver/G1236"",
    ""docTitle"": ""Kay v. British Columbia (Attorney General)"",
    ""autoCompletions"": ""[{\""type\"":\""MAIN_TITLE\"",\""text\"":\""Kay v. British Columbia (Attorney General)\""},{\""type\"":\""DECISION_ALTERNATE_TITLE\"",\""text\"":\""Kay\""},{\""type\"":\""DECISION_OTHER_REFERENCES\"",\""text\"":\""2015 BCCA 303\""}]"",
    ""jurisdictionId"": ""unspecified"",
    ""citedCount"": 1
  }
]"
https://synthetic.leread.ca/silver/G1237,"[
  {
    ""id"": ""silver-G1237"",
    ""docType"": ""DECISION"",
    ""path"": ""/synthetic/silver/G1237"",
    ""docTitle"": ""Kikino Métis Settlement v Métis Settlements Appeal Tribunal"",
    ""autoCompletions"": ""[{\""type\"":\""MAIN_TITLE\"",\""text\"":\""Kikino Métis Settlement v Métis Settlements Appeal Tribunal\""},{\""type\"":\""DECISION_OTHER_REFERENCES\"",\""text\"":\""2013 ABCA 151\""},{\""type\"":\""DECISION_OTHER_REFERENCES\"",\""text\"":\""361 DLR (4th) 461\""}]"",
    ""jurisdictionId"": ""unspecified"",
    ""citedCount"": 1
  }
]"
https://synthetic.leread.ca/silver/G1238,"[
  {
    ""id"": ""silver-G1238"",
    ""docType"": ""DECISION"",
    ""path"": ""/synthetic/silver/G1238"",
    ""docTitle"": ""Kramer Ltd. v Sherwood (Rural Municipality)"",
    ""autoCompletions"": ""[{\""type\"":\""MAIN_TITLE\"",\""text\"":\""Kramer Ltd. v Sherwood (Rural Municipality)\""},{\""type\"":\""DECISION_ALTERNATE_TITLE\"",\""text\"":\""Kramer\""},{\""type\"":\""DECISION_OTHER_REFERENCES\"",\""text\"":\""2003 SKCA 121\""},{\""type\"":\""DECISION_OTHER_REFERENCES\"",\""text\"":\""241 Sask R 67\""}]"",
    ""jurisdictionId"": ""unspecified"",
    ""citedCount"": 1
  }
]"
https://synthetic.leread.ca/silver/G1239,"[
  {
    ""id"": ""silver-G1239"",
    ""docType"": ""DECISION"",
    ""path"": ""/synthetic/silver/G1239"",
    ""docTitle"": ""L & L Lawson Enterprises Ltd. v Regina (City)"",
    ""autoCompletions"": ""[{\""type\"":\""MAIN_TITLE\"",\""text\"":\""L & L Lawson Enterprises Ltd. v Regina (City)\""},{\""type\"":\""DECISION_ALTERNATE_TITLE\"",\""text\"":\""City of Regina and Saskatchewan Assessment Management Agency\""},{\""type\"":\""DECISION_ALTERNATE_TITLE\"",\""text\"":\""FPR Developments\""},{\""type\"":\""DECISION_ALTERNATE_TITLE\"",\""text\"":\""FPR Developments Ltd.\""},{\""type\"":\""DECISION_ALTERNATE_TITLE\"",\""text\"":\""L &amp; L Lawson Enterprises Ltd. v Regina (City)\""},{\""type\"":\""DECISION_OTHER_REFERENCES\"",\""text\"":\""2008 SKCA 43\""},{\""type\"":\""DECISION_OTHER_REFERENCES\"",\""text\"":\""310 Sask R 29\""},{\""type\"":\""DECISION_OTHER_REFERENCES\"",\""text\"":\""310 Sask. R. 29\""}]"",
    ""jurisdictionId"": ""unspecified"",
    ""citedCount"": 4
  }
]"
https://synthetic.leread.ca/silver/G1240,"[
  {
    ""id"": ""silver-G1240"",
    ""docType"": ""DECISION"",
    ""path"": ""/synthetic/silver/G1240"",
    ""docTitle"": ""Larochelle c Comité de déontologie policière"",
    ""autoCompletions"": ""[{\""type\"":\""MAIN_TITLE\"",\""text\"":\""Larochelle c Comité de déontologie policière\""},{\""type\"":\""DECISION_ALTERNATE_TITLE\"",\""text\"":\""Larochelle\""},{\""type\"":\""DECISION_OTHER_REFERENCES\"",\""text\"":\""2015 QCCA 2105\""},{\""type\"":\""DECISION_OTHER_REFERENCES\"",\""text\"":\""9 Admin LR (6th) 95\""}]"",
    ""jurisdictionId"": ""unspecified"",
    ""citedCount"": 3
  }
]"
https://synthetic.leread.ca/silver/G1241,"[
  {
    ""id"": ""silver-G1241"",
    ""docType"": ""DECISION"",
    ""path"": ""/synthetic/silver/G1241"",
    ""docTitle"": ""Law Society of Upper Canada v Crozier"",
    ""autoCompletions"": ""[{\""type\"":\""MAIN_TITLE\"",\""text\"":\""Law Society of Upper Canada v Crozier\""},{\""type\"":\""DECISION_OTHER_REFERENCES\"",\""text\"":\""(2005), 203 OAC 176 (Sup Ct J (Div Ct))\""}]"",
    ""jurisdictionId"": ""unspecified"",
    ""citedCount"": 1
  }
]"
https://synthetic.leread.ca/silver/G1242,"[
  {
    ""id"": ""silver-G1242"",
    ""docType"": ""DECISION"",
    ""path"": ""/synthetic/silver/G1242"",
    ""docTitle"": ""Law Society of Upper Canada v Nguyen"",
    ""autoCompletions"": ""[{\""type\"":\""MAIN_TITLE\"",\""text\"":\""Law Society of Upper Canada v Nguyen\""},{\""type\"":\""DECISION_ALTERNATE_TITLE\"",\""text\"":\""Nguyen\""},{\""type\"":\""DECISION_OTHER_REFERENCES\"",\""text\"":\""2017 ONSC 5431\""}]"",
    ""jurisdictionId"": ""unspecified"",
    ""citedCount"": 2
  }
]"
https://synthetic.leread.ca/silver/G1244,"[
  {
    ""id"": ""silver-G1244"",
    ""docType"": ""DECISION"",
    ""path"": ""/synthetic/silver/G1244"",
    ""docTitle"": ""MacDonald v. Prince Edward Island (Workers Compensation Board)"",
    ""autoCompletions"": ""[{\""type\"":\""MAIN_TITLE\"",\""text\"":\""MacDonald v. Prince Edward Island (Workers Compensation Board)\""},{\""type\"":\""DECISION_ALTERNATE_TITLE\"",\""text\"":\""MacDonald\""},{\""type\"":\""DECISION_OTHER_REFERENCES\"",\""text\"":\""264 Nfld &amp; PEIR 112\""}]"",
    ""jurisdictionId"": ""unspecified"",
    ""citedCount"": 1
  }
]"
https://synthetic.leread.ca/silver/G1245,"[
  {
    ""id"": ""silver-G1245"",
    ""docType"": ""DOCTRINE"",
    ""path"": ""/synthetic/silver/G1245"",
    ""docTitle"": ""Market Value Assessment in Saskatchewan Handbook"",
    ""autoCompletions"": ""[{\""type\"":\""MAIN_TITLE\"",\""text\"":\""Market Value Assessment in Saskatchewan Handbook\""},{\""type\"":\""MAIN_TITLE\"",\""text\"":\""Handbook\""}]"",
    ""jurisdictionId"": ""unspecified"",
    ""citedCount"": 9
  }
]"
https://synthetic.leread.ca/silver/G1246,"[
  {
    ""id"": ""silver-G1246"",
    ""docType"": ""DECISION"",
    ""path"": ""/synthetic/silver/G1246"",
    ""docTitle"": ""Marose Investments v Regina (City)"",
    ""autoCompletions"": ""[{\""type\"":\""MAIN_TITLE\"",\""text\"":\""Marose Investments v Regina (City)\""},{\""type\"":\""DECISION_ALTERNATE_TITLE\"",\""text\"":\""Marose Investments\""},{\""type\"":\""DECISION_OTHER_REFERENCES\"",\""text\"":\""2009 SKCA 20\""}]"",
    ""jurisdictionId"": ""unspecified"",
    ""citedCount"": 1
  }
]"
https://synthetic.leread.ca/silver/G1247,"[
  {
    ""id"": ""silver-G1247"",
    ""docType"": ""DECISION"",
    ""path"": ""/synthetic/silver/G1247"",
    ""docTitle"": ""Midtown Tavern & Grill Ltd. v Nova Scotia (Utility and Review Board)"",
    ""autoCompletions"": ""[{\""type\"":\""MAIN_TITLE\"",\""text\"":\""Midtown Tavern & Grill Ltd. v Nova Scotia (Utility and Review Board)\""},{\""type\"":\""DECISION_ALTERNATE_TITLE\"",\""text\"":\""Midtown Tavern &amp; Grill Ltd. v Nova Scotia (Utility and Review Board)\""},{\""type\"":\""DECISION_OTHER_REFERENCES\"",\""text\"":\""2006 NSCA 115\""},{\""type\"":\""DECISION_OTHER_REFERENCES\"",\""text\"":\""248 NSR (2d) 319\""}]"",
    ""jurisdictionId"": ""unspecified"",
    ""citedCount"": 1
  }
]"
https://synthetic.leread.ca/silver/G1248,"[
  {
    ""id"": ""silver-G1248"",
    ""docType"": ""DECISION"",
    ""path"": ""/synthetic/silver/G1248"",
    ""docTitle"": ""Mohamed v. University of Saskatchewan"",
    ""autoCompletions"": ""[{\""type\"":\""MAIN_TITLE\"",\""text\"":\""Mohamed v. University of Saskatchewan\""},{\""type\"":\""DECISION_OTHER_REFERENCES\"",\""text\"":\""(2006), 2006 SKQB 23\""},{\""type\"":\""DECISION_OTHER_REFERENCES\"",\""text\"":\""276 Sask. R. 87 (Q.B.)\""}]"",
    ""jurisdictionId"": ""unspecified"",
    ""citedCount"": 1
  }
]"
https://synthetic.leread.ca/silver/G1249,"[
  {
    ""id"": ""silver-G1249"",
    ""docType"": ""DECISION"",
    ""path"": ""/synthetic/silver/G1249"",
    ""docTitle"": ""Mohan v. Canada (Attorney General)"",
    ""autoCompletions"": ""[{\""type\"":\""MAIN_TITLE\"",\""text\"":\""Mohan v. Canada (Attorney General)\""},{\""type\"":\""DECISION_ALTERNATE_TITLE\"",\""text\"":\""Mohan\""},{\""type\"":\""DECISION_OTHER_REFERENCES\"",\""text\"":\""[2013 BCCA 489]\""}]"",
    ""jurisdictionId"": ""unspecified"",
    ""citedCount"": 1
  }
]"
https://synthetic.leread.ca/silver/G1250,"[
  {
    ""id"": ""silver-G1250"",
    ""docType"": ""DECISION"",
    ""path"": ""/synthetic/silver/G1250"",
    ""docTitle"": ""Mycyk v University of Saskatchewan"",
    ""autoCompletions"": ""[{\""type\"":\""MAIN_TITLE\"",\""text\"":\""Mycyk v University of Saskatchewan\""},{\""type\"":\""DECISION_OTHER_REFERENCES\"",\""text\"":\""2009 SKCA 71\""},{\""type\"":\""DECISION_OTHER_REFERENCES\"",\""text\"":\""[2009] 8 WWR 615\""}]"",
    ""jurisdictionId"": ""unspecified"",
    ""citedCount"": 1
  }
]"
https://synthetic.leread.ca/silver/G1251,"[
  {
    ""id"": ""silver-G1251"",
    ""docType"": ""DECISION"",
    ""path"": ""/synthetic/silver/G1251"",
    ""docTitle"": ""Newton v Criminal Trial Lawyers’ Association"",
    ""autoCompletions"": ""[{\""type\"":\""MAIN_TITLE\"",\""text\"":\""Newton v Criminal Trial Lawyers’ Association\""},{\""type\"":\""DECISION_ALTERNATE_TITLE\"",\""text\"":\""Newton\""},{\""type\"":\""DECISION_ALTERNATE_TITLE\"",\""text\"":\""Newton v. Criminal Trial Lawyers Association\""},{\""type\"":\""DECISION_OTHER_REFERENCES\"",\""text\"":\""2010 ABCA 399\""},{\""type\"":\""DECISION_OTHER_REFERENCES\"",\""text\"":\""[2011] 4 WWR 232\""}]"",
    ""jurisdictionId"": ""unspecified"",
    ""citedCount"": 7
  }
]"
https://synthetic.leread.ca/silver/G1252,"[
  {
    ""id"": ""silver-G1252"",
    ""docType"": ""DECISION"",
    ""path"": ""/synthetic/silver/G1252"",
    ""docTitle"": ""Nova Scotia (Agriculture) v Millett"",
    ""autoCompletions"": ""[{\""type\"":\""MAIN_TITLE\"",\""text\"":\""Nova Scotia (Agriculture) v Millett\""},{\""type\"":\""DECISION_OTHER_REFERENCES\"",\""text\"":\""2017 NSCA 2\""},{\""type\"":\""DECISION_OTHER_REFERENCES\"",\""text\"":\""407 DLR (4th) 691\""}]"",
    ""jurisdictionId"": ""unspecified"",
    ""citedCount"": 1
  }
]"
https://synthetic.leread.ca/silver/G1253,"[
  {
    ""id"": ""silver-G1253"",
    ""docType"": ""DECISION"",
    ""path"": ""/synthetic/silver/G1253"",
    ""docTitle"": ""Ottawa Police Services v Diafwila"",
    ""autoCompletions"": ""[{\""type\"":\""MAIN_TITLE\"",\""text\"":\""Ottawa Police Services v Diafwila\""},{\""type\"":\""DECISION_ALTERNATE_TITLE\"",\""text\"":\""Diafwila\""},{\""type\"":\""DECISION_OTHER_REFERENCES\"",\""text\"":\""2016 ONCA 627\""},{\""type\"":\""DECISION_OTHER_REFERENCES\"",\""text\"":\""352 OAC 310\""}]"",
    ""jurisdictionId"": ""unspecified"",
    ""citedCount"": 3
  }
]"
https://synthetic.leread.ca/silver/G1256,"[
  {
    ""id"": ""silver-G1256"",
    ""docType"": ""DECISION"",
    ""path"": ""/synthetic/silver/G1256"",
    ""docTitle"": ""Pearlman v University of Saskatchewan (College of Medicine)"",
    ""autoCompletions"": ""[{\""type\"":\""MAIN_TITLE\"",\""text\"":\""Pearlman v University of Saskatchewan (College of Medicine)\""},{\""type\"":\""DECISION_OTHER_REFERENCES\"",\""text\"":\""2006 SKCA 105\""},{\""type\"":\""DECISION_OTHER_REFERENCES\"",\""text\"":\""273 DLR (4th) 414\""}]"",
    ""jurisdictionId"": ""unspecified"",
    ""citedCount"": 1
  }
]"
https://synthetic.leread.ca/silver/G1257,"[
  {
    ""id"": ""silver-G1257"",
    ""docType"": ""DECISION"",
    ""path"": ""/synthetic/silver/G1257"",
    ""docTitle"": ""Pelech v Alberta (Law Enforcement Review Board)"",
    ""autoCompletions"": ""[{\""type\"":\""MAIN_TITLE\"",\""text\"":\""Pelech v Alberta (Law Enforcement Review Board)\""},{\""type\"":\""DECISION_OTHER_REFERENCES\"",\""text\"":\""2010 ABCA 400\""},{\""type\"":\""DECISION_OTHER_REFERENCES\"",\""text\"":\""328 DLR (4th) 156\""}]"",
    ""jurisdictionId"": ""unspecified"",
    ""citedCount"": 1
  }
]"
https://synthetic.leread.ca/silver/G1258,"[
  {
    ""id"": ""silver-G1258"",
    ""docType"": ""DECISION"",
    ""path"": ""/synthetic/silver/G1258"",
    ""docTitle"": ""Piikani Nation v Piikani Energy Corporation"",
    ""autoCompletions"": ""[{\""type\"":\""MAIN_TITLE\"",\""text\"":\""Piikani Nation v Piikani Energy Corporation\""},{\""type\"":\""DECISION_OTHER_REFERENCES\"",\""text\"":\""2013 ABCA 293\""},{\""type\"":\""DECISION_OTHER_REFERENCES\"",\""text\"":\""367 DLR (4th) 173\""}]"",
    ""jurisdictionId"": ""unspecified"",
    ""citedCount"": 1
  }
]"
https://synthetic.leread.ca/silver/G1259,"[
  {
    ""id"": ""silver-G1259"",
    ""docType"": ""DECISION"",
    ""path"": ""/synthetic/silver/G1259"",
    ""docTitle"": ""Plimmer v Calgary (City) Chief of Police"",
    ""autoCompletions"": ""[{\""type\"":\""MAIN_TITLE\"",\""text\"":\""Plimmer v Calgary (City) Chief of Police\""},{\""type\"":\""DECISION_OTHER_REFERENCES\"",\""text\"":\""2004 ABCA 175\""},{\""type\"":\""DECISION_OTHER_REFERENCES\"",\""text\"":\""354 AR 62\""}]"",
    ""jurisdictionId"": ""unspecified"",
    ""citedCount"": 1
  }
]"
https://synthetic.leread.ca/silver/G1260,"[
  {
    ""id"": ""silver-G1260"",
    ""docType"": ""DECISION"",
    ""path"": ""/synthetic/silver/G1260"",
    ""docTitle"": ""Prince Albert (City) v Prince Albert Co-op Association Ltd"",
    ""autoCompletions"": ""[{\""type\"":\""MAIN_TITLE\"",\""text\"":\""Prince Albert (City) v Prince Albert Co-op Association Ltd\""},{\""type\"":\""DECISION_OTHER_REFERENCES\"",\""text\"":\""2017 SKCA 53\""}]"",
    ""jurisdictionId"": ""unspecified"",
    ""citedCount"": 1
  }
]"
https://synthetic.leread.ca/silver/G1263,"[
  {
    ""id"": ""silver-G1263"",
    ""docType"": ""DECISION"",
    ""path"": ""/synthetic/silver/G1263"",
    ""docTitle"": ""R. v. 974649 Ontario Inc."",
    ""autoCompletions"": ""[{\""type\"":\""MAIN_TITLE\"",\""text\"":\""R. v. 974649 Ontario Inc.\""},{\""type\"":\""DECISION_OTHER_REFERENCES\"",\""text\"":\""[2001] S.C.J. No. 116\""}]"",
    ""jurisdictionId"": ""unspecified"",
    ""citedCount"": 1
  }
]"
https://synthetic.leread.ca/silver/G1264,"[
  {
    ""id"": ""silver-G1264"",
    ""docType"": ""DECISION"",
    ""path"": ""/synthetic/silver/G1264"",
    ""docTitle"": ""R. v. University of London, ex parte Vijayatunga"",
    ""autoCompletions"": ""[{\""type\"":\""MAIN_TITLE\"",\""text\"":\""R. v. University of London, ex parte Vijayatunga\""}]"",
    ""jurisdictionId"": ""unspecified"",
    ""citedCount"": 1
  }
]"
https://synthetic.leread.ca/silver/G1265,"[
  {
    ""id"": ""silver-G1265"",
    ""docType"": ""DECISION"",
    ""path"": ""/synthetic/silver/G1265"",
    ""docTitle"": ""Re Royal Environmental Inc."",
    ""autoCompletions"": ""[{\""type\"":\""MAIN_TITLE\"",\""text\"":\""Re Royal Environmental Inc.\""},{\""type\"":\""DECISION_ALTERNATE_TITLE\"",\""text\"":\""Royal Environmental Inc., Re\""},{\""type\"":\""DECISION_OTHER_REFERENCES\"",\""text\"":\""2012 NSCA 62\""},{\""type\"":\""DECISION_OTHER_REFERENCES\"",\""text\"":\""317 NSR (2d) 341\""}]"",
    ""jurisdictionId"": ""unspecified"",
    ""citedCount"": 1
  }
]"
https://synthetic.leread.ca/silver/G1266,"[
  {
    ""id"": ""silver-G1266"",
    ""docType"": ""DECISION"",
    ""path"": ""/synthetic/silver/G1266"",
    ""docTitle"": ""Regina (City) v 451082 Ontario Ltd."",
    ""autoCompletions"": ""[{\""type\"":\""MAIN_TITLE\"",\""text\"":\""Regina (City) v 451082 Ontario Ltd.\""},{\""type\"":\""DECISION_OTHER_REFERENCES\"",\""text\"":\""No 0086/2003\""},{\""type\"":\""DECISION_OTHER_REFERENCES\"",\""text\"":\""[2004] SMBAACD No 99 (QL\""}]"",
    ""jurisdictionId"": ""unspecified"",
    ""citedCount"": 1
  }
]"
https://synthetic.leread.ca/silver/G1269,"[
  {
    ""id"": ""silver-G1269"",
    ""docType"": ""DECISION"",
    ""path"": ""/synthetic/silver/G1269"",
    ""docTitle"": ""Robin v Saskatchewan Police Commission"",
    ""autoCompletions"": ""[{\""type\"":\""MAIN_TITLE\"",\""text\"":\""Robin v Saskatchewan Police Commission\""},{\""type\"":\""DECISION_OTHER_REFERENCES\"",\""text\"":\""15 Admin LR (6th) 22\""},{\""type\"":\""DECISION_OTHER_REFERENCES\"",\""text\"":\""2016 SKCA 159\""}]"",
    ""jurisdictionId"": ""unspecified"",
    ""citedCount"": 1
  }
]"
https://synthetic.leread.ca/silver/G1270,"[
  {
    ""id"": ""silver-G1270"",
    ""docType"": ""DECISION"",
    ""path"": ""/synthetic/silver/G1270"",
    ""docTitle"": ""Rural Municipality of Corman Park v 618421 Saskatchewan Ltd."",
    ""autoCompletions"": ""[{\""type\"":\""MAIN_TITLE\"",\""text\"":\""Rural Municipality of Corman Park v 618421 Saskatchewan Ltd.\""},{\""type\"":\""DECISION_ALTERNATE_TITLE\"",\""text\"":\""Corman Park\""},{\""type\"":\""DECISION_OTHER_REFERENCES\"",\""text\"":\""2018 SKCA 29\""}]"",
    ""jurisdictionId"": ""unspecified"",
    ""citedCount"": 9
  }
]"
https://synthetic.leread.ca/silver/G1271,"[
  {
    ""id"": ""silver-G1271"",
    ""docType"": ""DECISION"",
    ""path"": ""/synthetic/silver/G1271"",
    ""docTitle"": ""SAMA v Dixon"",
    ""autoCompletions"": ""[{\""type\"":\""MAIN_TITLE\"",\""text\"":\""SAMA v Dixon\""},{\""type\"":\""DECISION_OTHER_REFERENCES\"",\""text\"":\""No 0153/2002\""},{\""type\"":\""DECISION_OTHER_REFERENCES\"",\""text\"":\""[2003] SMBAACD No 144 (QL)\""}]"",
    ""jurisdictionId"": ""unspecified"",
    ""citedCount"": 1
  }
]"
https://synthetic.leread.ca/silver/G1273,"[
  {
    ""id"": ""silver-G1273"",
    ""docType"": ""DOCTRINE"",
    ""path"": ""/synthetic/silver/G1273"",
    ""docTitle"": ""Saskatchewan Assessment Manual"",
    ""autoCompletions"": ""[{\""type\"":\""MAIN_TITLE\"",\""text\"":\""Saskatchewan Assessment Manual\""}]"",
    ""jurisdictionId"": ""unspecified"",
    ""citedCount"": 1
  }
]"
https://synthetic.leread.ca/silver/G1274,"[
  {
    ""id"": ""silver-G1274"",
    ""docType"": ""DOCTRINE"",
    ""path"": ""/synthetic/silver/G1274"",
    ""docTitle"": ""Saskatchewan Legislative Assembly Debates and Proceedings (Hansard)"",
    ""autoCompletions"": ""[{\""type\"":\""MAIN_TITLE\"",\""text\"":\""Saskatchewan Legislative Assembly Debates and Proceedings (Hansard)\""},{\""type\"":\""MAIN_TITLE\"",\""text\"":\""Committee of the Whole\""},{\""type\"":\""MAIN_TITLE\"",\""text\"":\""Debates and Proceedings (Hansard)\""},{\""type\"":\""DOCTRINE_AUTHOR\"",\""text\"":\""Mrs. Teichrob\""},{\""type\"":\""DOCTRINE_AUTHOR\"",\""text\"":\""Saskatchewan Legislative Assembly\""},{\""type\"":\""DOCTRINE_AUTHOR\"",\""text\"":\""Saskatchewan, Legislative Assembly\""}]"",
    ""jurisdictionId"": ""unspecified"",
    ""citedCount"": 3
  }
]"
https://synthetic.leread.ca/silver/G1275,"[
  {
    ""id"": ""silver-G1275"",
    ""docType"": ""DECISION"",
    ""path"": ""/synthetic/silver/G1275"",
    ""docTitle"": ""Saskatchewan Municipal Board v First City Trust"",
    ""autoCompletions"": ""[{\""type\"":\""MAIN_TITLE\"",\""text\"":\""Saskatchewan Municipal Board v First City Trust\""},{\""type\"":\""DECISION_OTHER_REFERENCES\"",\""text\"":\""(1996), 148 Sask R 298 (CA)\""}]"",
    ""jurisdictionId"": ""unspecified"",
    ""citedCount"": 1
  }
]"
https://synthetic.leread.ca/silver/G1276,"[
  {
    ""id"": ""silver-G1276"",
    ""docType"": ""DECISION"",
    ""path"": ""/synthetic/silver/G1276"",
    ""docTitle"": ""Saskatoon (City) v Walmart Canada Corp."",
    ""autoCompletions"": ""[{\""type\"":\""MAIN_TITLE\"",\""text\"":\""Saskatoon (City) v Walmart Canada Corp.\""},{\""type\"":\""DECISION_ALTERNATE_TITLE\"",\""text\"":\""Walmart 2018\""},{\""type\"":\""DECISION_OTHER_REFERENCES\"",\""text\"":\""2015 SKCA 125\""},{\""type\"":\""DECISION_OTHER_REFERENCES\"",\""text\"":\""2018 SKCA 2\""},{\""type\"":\""DECISION_OTHER_REFERENCES\"",\""text\"":\""472 Sask R 45\""}]"",
    ""jurisdictionId"": ""unspecified"",
    ""citedCount"": 9
  }
]"
https://synthetic.leread.ca/silver/G1277,"[
  {
    ""id"": ""silver-G1277"",
    ""docType"": ""DECISION"",
    ""path"": ""/synthetic/silver/G1277"",
    ""docTitle"": ""South Hill Mall Property Holdings Inc. v Prince Albert (City)"",
    ""autoCompletions"": ""[{\""type\"":\""MAIN_TITLE\"",\""text\"":\""South Hill Mall Property Holdings Inc. v Prince Albert (City)\""},{\""type\"":\""DECISION_OTHER_REFERENCES\"",\""text\"":\""2017 SKCA 52\""}]"",
    ""jurisdictionId"": ""unspecified"",
    ""citedCount"": 1
  }
]"
https://synthetic.leread.ca/silver/G1278,"[
  {
    ""id"": ""silver-G1278"",
    ""docType"": ""DECISION"",
    ""path"": ""/synthetic/silver/G1278"",
    ""docTitle"": ""Spasoja c Canada (Ministre de la Citoyenneté et de l’immigration)"",
    ""autoCompletions"": ""[{\""type\"":\""MAIN_TITLE\"",\""text\"":\""Spasoja c Canada (Ministre de la Citoyenneté et de l’immigration)\""},{\""type\"":\""DECISION_OTHER_REFERENCES\"",\""text\"":\""2014 FC 913\""}]"",
    ""jurisdictionId"": ""unspecified"",
    ""citedCount"": 1
  }
]"
https://synthetic.leread.ca/silver/G1279,"[
  {
    ""id"": ""silver-G1279"",
    ""docType"": ""DOCTRINE"",
    ""path"": ""/synthetic/silver/G1279"",
    ""docTitle"": ""Sullivan on the Construction of Statutes"",
    ""autoCompletions"": ""[{\""type\"":\""MAIN_TITLE\"",\""text\"":\""Sullivan on the Construction of Statutes\""},{\""type\"":\""DOCTRINE_AUTHOR\"",\""text\"":\""Ruth Sullivan\""}]"",
    ""jurisdictionId"": ""unspecified"",
    ""citedCount"": 1
  }
]"
https://synthetic.leread.ca/silver/G1280,"[
  {
    ""id"": ""silver-G1280"",
    ""docType"": ""DECISION"",
    ""path"": ""/synthetic/silver/G1280"",
    ""docTitle"": ""Taqadees v Canada (Minister of Citizenship and Immigration)"",
    ""autoCompletions"": ""[{\""type\"":\""MAIN_TITLE\"",\""text\"":\""Taqadees v Canada (Minister of Citizenship and Immigration)\""},{\""type\"":\""DECISION_OTHER_REFERENCES\"",\""text\"":\""2015 FC 909\""},{\""type\"":\""DECISION_OTHER_REFERENCES\"",\""text\"":\""37 Imm LR (4th) 281\""}]"",
    ""jurisdictionId"": ""unspecified"",
    ""citedCount"": 1
  }
]"
https://synthetic.leread.ca/silver/G1281,"[
  {
    ""id"": ""silver-G1281"",
    ""docType"": ""LEGISLATION"",
    ""path"": ""/synthetic/silver/G1281"",
    ""docTitle"": ""The Assessment Management Agency Act"",
    ""autoCompletions"": ""[{\""type\"":\""MAIN_TITLE\"",\""text\"":\""The Assessment Management Agency Act\""}]"",
    ""jurisdictionId"": ""unspecified"",
    ""citedCount"": 5
  }
]"
https://synthetic.leread.ca/silver/G1282,"[
  {
    ""id"": ""silver-G1282"",
    ""docType"": ""LEGISLATION"",
    ""path"": ""/synthetic/silver/G1282"",
    ""docTitle"": ""The Certified General Accountants Act, 1994"",
    ""autoCompletions"": ""[{\""type\"":\""MAIN_TITLE\"",\""text\"":\""The Certified General Accountants Act, 1994\""}]"",
    ""jurisdictionId"": ""unspecified"",
    ""citedCount"": 1
  }
]"
https://synthetic.leread.ca/silver/G1283,"[
  {
    ""id"": ""silver-G1283"",
    ""docType"": ""LEGISLATION"",
    ""path"": ""/synthetic/silver/G1283"",
    ""docTitle"": ""The Chartered Accountants Act, 1986"",
    ""autoCompletions"": ""[{\""type\"":\""MAIN_TITLE\"",\""text\"":\""The Chartered Accountants Act, 1986\""}]"",
    ""jurisdictionId"": ""unspecified"",
    ""citedCount"": 1
  }
]"
https://synthetic.leread.ca/silver/G1285,"[
  {
    ""id"": ""silver-G1285"",
    ""docType"": ""LEGISLATION"",
    ""path"": ""/synthetic/silver/G1285"",
    ""docTitle"": ""The Conservation and Development Act"",
    ""autoCompletions"": ""[{\""type\"":\""MAIN_TITLE\"",\""text\"":\""The Conservation and Development Act\""}]"",
    ""jurisdictionId"": ""unspecified"",
    ""citedCount"": 1
  }
]"
https://synthetic.leread.ca/silver/G1286,"[
  {
    ""id"": ""silver-G1286"",
    ""docType"": ""LEGISLATION"",
    ""path"": ""/synthetic/silver/G1286"",
    ""docTitle"": ""The Education Act, 1995"",
    ""autoCompletions"": ""[{\""type\"":\""MAIN_TITLE\"",\""text\"":\""The Education Act, 1995\""}]"",
    ""jurisdictionId"": ""unspecified"",
    ""citedCount"": 1
  }
]"
https://synthetic.leread.ca/silver/G1287,"[
  {
    ""id"": ""silver-G1287"",
    ""docType"": ""LEGISLATION"",
    ""path"": ""/synthetic/silver/G1287"",
    ""docTitle"": ""The Global Transportation Hub Authority Act"",
    ""autoCompletions"": ""[{\""type\"":\""MAIN_TITLE\"",\""text\"":\""The Global Transportation Hub Authority Act\""}]"",
    ""jurisdictionId"": ""unspecified"",
    ""citedCount"": 1
  }
]"
https://synthetic.leread.ca/silver/G1288,"[
  {
    ""id"": ""silver-G1288"",
    ""docType"": ""DECISION"",
    ""path"": ""/synthetic/silver/G1288"",
    ""docTitle"": ""The Law Society of British Columbia v McLean"",
    ""autoCompletions"": ""[{\""type\"":\""MAIN_TITLE\"",\""text\"":\""The Law Society of British Columbia v McLean\""},{\""type\"":\""DECISION_OTHER_REFERENCES\"",\""text\"":\""2017 BCCA 388\""}]"",
    ""jurisdictionId"": ""unspecified"",
    ""citedCount"": 1
  }
]"
https://synthetic.leread.ca/silver/G1289,"[
  {
    ""id"": ""silver-G1289"",
    ""docType"": ""LEGISLATION"",
    ""path"": ""/synthetic/silver/G1289"",
    ""docTitle"": ""The Local Improvements Act, 1993"",
    ""autoCompletions"": ""[{\""type\"":\""MAIN_TITLE\"",\""text\"":\""The Local Improvements Act, 1993\""}]"",
    ""jurisdictionId"": ""unspecified"",
    ""citedCount"": 1
  }
]"
https://synthetic.leread.ca/silver/G1290,"[
  {
    ""id"": ""silver-G1290"",
    ""docType"": ""LEGISLATION"",
    ""path"": ""/synthetic/silver/G1290"",
    ""docTitle"": ""The Management Accountants Act"",
    ""autoCompletions"": ""[{\""type\"":\""MAIN_TITLE\"",\""text\"":\""The Management Accountants Act\""}]"",
    ""jurisdictionId"": ""unspecified"",
    ""citedCount"": 1
  }
]"
https://synthetic.leread.ca/silver/G1292,"[
  {
    ""id"": ""silver-G1292"",
    ""docType"": ""LEGISLATION"",
    ""path"": ""/synthetic/silver/G1292"",
    ""docTitle"": ""The Northern Municipalities Act, 2010"",
    ""autoCompletions"": ""[{\""type\"":\""MAIN_TITLE\"",\""text\"":\""The Northern Municipalities Act, 2010\""}]"",
    ""jurisdictionId"": ""unspecified"",
    ""citedCount"": 1
  }
]"
https://synthetic.leread.ca/silver/G1293,"[
  {
    ""id"": ""silver-G1293"",
    ""docType"": ""LEGISLATION"",
    ""path"": ""/synthetic/silver/G1293"",
    ""docTitle"": ""The Northern Municipalities Amendment Act, 1996"",
    ""autoCompletions"": ""[{\""type\"":\""MAIN_TITLE\"",\""text\"":\""The Northern Municipalities Amendment Act, 1996\""},{\""type\"":\""LEGISLATION_REFERENCE\"",\""text\"":\""SS 1996, c 54\""}]"",
    ""jurisdictionId"": ""unspecified"",
    ""citedCount"": 1
  }
]"
https://synthetic.leread.ca/silver/G1294,"[
  {
    ""id"": ""silver-G1294"",
    ""docType"": ""LEGISLATION"",
    ""path"": ""/synthetic/silver/G1294"",
    ""docTitle"": ""The Public Inquiries Act"",
    ""autoCompletions"": ""[{\""type\"":\""MAIN_TITLE\"",\""text\"":\""The Public Inquiries Act\""},{\""type\"":\""LEGISLATION_REFERENCE\"",\""text\"":\""RSS 1978, c P-38\""}]"",
    ""jurisdictionId"": ""unspecified"",
    ""citedCount"": 2
  }
]"
https://synthetic.leread.ca/silver/G1295,"[
  {
    ""id"": ""silver-G1295"",
    ""docType"": ""LEGISLATION"",
    ""path"": ""/synthetic/silver/G1295"",
    ""docTitle"": ""The Public Inquiries Act, 2013"",
    ""autoCompletions"": ""[{\""type\"":\""MAIN_TITLE\"",\""text\"":\""The Public Inquiries Act, 2013\""},{\""type\"":\""LEGISLATION_ALTERNATE_TITLE\"",\""text\"":\""The Public Inquiries Act\""},{\""type\"":\""LEGISLATION_REFERENCE\"",\""text\"":\""2013\""},{\""type\"":\""LEGISLATION_ALTERNATE_REFERENCE\"",\""text\"":\""SS 2013, c P-38.01\""}]"",
    ""jurisdictionId"": ""unspecified"",
    ""citedCount"": 28
  }
]"
https://synthetic.leread.ca/silver/G1296,"[
  {
    ""id"": ""silver-G1296"",
    ""docType"": ""LEGISLATION"",
    ""path"": ""/synthetic/silver/G1296"",
    ""docTitle"": ""The Rural Municipality Act"",
    ""autoCompletions"": ""[{\""type\"":\""MAIN_TITLE\"",\""text\"":\""The Rural Municipality Act\""}]"",
    ""jurisdictionId"": ""unspecified"",
    ""citedCount"": 1
  }
]"
https://synthetic.leread.ca/silver/G1297,"[
  {
    ""id"": ""silver-G1297"",
    ""docType"": ""LEGISLATION"",
    ""path"": ""/synthetic/silver/G1297"",
    ""docTitle"": ""The Saskatchewan Municipal Board Member Qualification Regulations, 2003"",
    ""autoCompletions"": ""[{\""type\"":\""MAIN_TITLE\"",\""text\"":\""The Saskatchewan Municipal Board Member Qualification Regulations, 2003\""},{\""type\"":\""LEGISLATION_ALTERNATE_TITLE\"",\""text\"":\""Board Regulations\""},{\""type\"":\""LEGISLATION_ALTERNATE_TITLE\"",\""text\"":\""Saskatchewan Municipal Board Member Qualification Regulations\""},{\""type\"":\""LEGISLATION_REFERENCE\"",\""text\"":\""RRS c M-23.2 Reg 5\""}]"",
    ""jurisdictionId"": ""unspecified"",
    ""citedCount"": 8
  }
]"
https://synthetic.leread.ca/silver/G1298,"[
  {
    ""id"": ""silver-G1298"",
    ""docType"": ""LEGISLATION"",
    ""path"": ""/synthetic/silver/G1298"",
    ""docTitle"": ""The Urban Municipality Act, 1984"",
    ""autoCompletions"": ""[{\""type\"":\""MAIN_TITLE\"",\""text\"":\""The Urban Municipality Act, 1984\""},{\""type\"":\""LEGISLATION_ALTERNATE_TITLE\"",\""text\"":\""The Urban Municipalities Act, 1984\""},{\""type\"":\""LEGISLATION_ALTERNATE_TITLE\"",\""text\"":\""Urban Municipality Act\""},{\""type\"":\""LEGISLATION_REFERENCE\"",\""text\"":\""1984\""},{\""type\"":\""LEGISLATION_ALTERNATE_REFERENCE\"",\""text\"":\""S.S. 1983-84, c. U-11\""},{\""type\"":\""LEGISLATION_ALTERNATE_REFERENCE\"",\""text\"":\""SS 1983-84, c U-11\""}]"",
    ""jurisdictionId"": ""unspecified"",
    ""citedCount"": 22
  }
]"
https://synthetic.leread.ca/silver/G1299,"[
  {
    ""id"": ""silver-G1299"",
    ""docType"": ""LEGISLATION"",
    ""path"": ""/synthetic/silver/G1299"",
    ""docTitle"": ""The Urban Municipality Amendment Act, 1994"",
    ""autoCompletions"": ""[{\""type\"":\""MAIN_TITLE\"",\""text\"":\""The Urban Municipality Amendment Act, 1994\""},{\""type\"":\""LEGISLATION_REFERENCE\"",\""text\"":\""SS 1994, c 48\""}]"",
    ""jurisdictionId"": ""unspecified"",
    ""citedCount"": 1
  }
]"
https://synthetic.leread.ca/silver/G1300,"[
  {
    ""id"": ""silver-G1300"",
    ""docType"": ""LEGISLATION"",
    ""path"": ""/synthetic/silver/G1300"",
    ""docTitle"": ""The Urban Municipality Amendment Act, 1996"",
    ""autoCompletions"": ""[{\""type\"":\""MAIN_TITLE\"",\""text\"":\""The Urban Municipality Amendment Act, 1996\""},{\""type\"":\""LEGISLATION_ALTERNATE_TITLE\"",\""text\"":\""The Rural Municipality Amendment Act, 1996\""},{\""type\"":\""LEGISLATION_ALTERNATE_TITLE\"",\""text\"":\""The Urban Municipality Amendment Act\""},{\""type\"":\""LEGISLATION_REFERENCE\"",\""text\"":\""Bill 70 of 1996\""},{\""type\"":\""LEGISLATION_ALTERNATE_REFERENCE\"",\""text\"":\""SS 1996, c 67\""}]"",
    ""jurisdictionId"": ""unspecified"",
    ""citedCount"": 9
  }
]"
https://synthetic.leread.ca/silver/G1301,"[
  {
    ""id"": ""silver-G1301"",
    ""docType"": ""LEGISLATION"",
    ""path"": ""/synthetic/silver/G1301"",
    ""docTitle"": ""The Watershed Associations Act"",
    ""autoCompletions"": ""[{\""type\"":\""MAIN_TITLE\"",\""text\"":\""The Watershed Associations Act\""}]"",
    ""jurisdictionId"": ""unspecified"",
    ""citedCount"": 1
  }
]"
https://synthetic.leread.ca/silver/G1302,"[
  {
    ""id"": ""silver-G1302"",
    ""docType"": ""DECISION"",
    ""path"": ""/synthetic/silver/G1302"",
    ""docTitle"": ""Thompson Brothers (Construction) Ltd. v Alberta (Workers’ Compensation Board Appeals Commission)"",
    ""autoCompletions"": ""[{\""type\"":\""MAIN_TITLE\"",\""text\"":\""Thompson Brothers (Construction) Ltd. v Alberta (Workers’ Compensation Board Appeals Commission)\""},{\""type\"":\""DECISION_OTHER_REFERENCES\"",\""text\"":\""2012 ABCA 78\""},{\""type\"":\""DECISION_OTHER_REFERENCES\"",\""text\"":\""522 AR 118\""}]"",
    ""jurisdictionId"": ""unspecified"",
    ""citedCount"": 1
  }
]"
https://synthetic.leread.ca/silver/G1303,"[
  {
    ""id"": ""silver-G1303"",
    ""docType"": ""DECISION"",
    ""path"": ""/synthetic/silver/G1303"",
    ""docTitle"": ""Various Owners v City of Regina"",
    ""autoCompletions"": ""[{\""type\"":\""MAIN_TITLE\"",\""text\"":\""Various Owners v City of Regina\""},{\""type\"":\""DECISION_ALTERNATE_TITLE\"",\""text\"":\""Board Decision\""},{\""type\"":\""DECISION_ALTERNATE_TITLE\"",\""text\"":\""Committee Decision\""},{\""type\"":\""DECISION_OTHER_REFERENCES\"",\""text\"":\""AAC 2014-0023 to 2014-0061 (22 February 2016)\""}]"",
    ""jurisdictionId"": ""unspecified"",
    ""citedCount"": 12
  }
]"
https://synthetic.leread.ca/silver/G1304,"[
  {
    ""id"": ""silver-G1304"",
    ""docType"": ""DECISION"",
    ""path"": ""/synthetic/silver/G1304"",
    ""docTitle"": ""Vlug v Law Society of British Columbia"",
    ""autoCompletions"": ""[{\""type\"":\""MAIN_TITLE\"",\""text\"":\""Vlug v Law Society of British Columbia\""},{\""type\"":\""DECISION_OTHER_REFERENCES\"",\""text\"":\""2017 BCCA 172\""},{\""type\"":\""DECISION_OTHER_REFERENCES\"",\""text\"":\""[2017] 8 WWR 633\""}]"",
    ""jurisdictionId"": ""unspecified"",
    ""citedCount"": 1
  }
]"
https://synthetic.leread.ca/silver/G1305,"[
  {
    ""id"": ""silver-G1305"",
    ""docType"": ""DECISION"",
    ""path"": ""/synthetic/silver/G1305"",
    ""docTitle"": ""[1998] SMBAACD No 10"",
    ""autoCompletions"": ""[{\""type\"":\""MAIN_TITLE\"",\""text\"":\""[1998] SMBAACD No 10\""},{\""type\"":\""DECISION_OTHER_REFERENCES\"",\""text\"":\""1998] SMBAACD No 10\""}]"",
    ""jurisdictionId"": ""unspecified"",
    ""citedCount"": 1
  }
]"
https://synthetic.leread.ca/silver/G1306,"[
  {
    ""id"": ""silver-G1306"",
    ""docType"": ""DECISION"",
    ""path"": ""/synthetic/silver/G1306"",
    ""docTitle"": ""Attaran v. Citizenship and Immigration Canada"",
    ""autoCompletions"": ""[{\""type\"":\""MAIN_TITLE\"",\""text\"":\""Attaran v. Citizenship and Immigration Canada\""},{\""type\"":\""DECISION_ALTERNATE_TITLE\"",\""text\"":\""Attaran\""},{\""type\"":\""DECISION_OTHER_REFERENCES\"",\""text\"":\""2018 CHRT 6\""}]"",
    ""jurisdictionId"": ""unspecified"",
    ""citedCount"": 5
  }
]"
https://synthetic.leread.ca/silver/G1307,"[
  {
    ""id"": ""silver-G1307"",
    ""docType"": ""DECISION"",
    ""path"": ""/synthetic/silver/G1307"",
    ""docTitle"": ""Bailie et al. v Air Canada and Air Canada Pilots Association"",
    ""autoCompletions"": ""[{\""type\"":\""MAIN_TITLE\"",\""text\"":\""Bailie et al. v Air Canada and Air Canada Pilots Association\""},{\""type\"":\""DECISION_ALTERNATE_TITLE\"",\""text\"":\""Bailie\""},{\""type\"":\""DECISION_OTHER_REFERENCES\"",\""text\"":\""2012 CHRT 6\""}]"",
    ""jurisdictionId"": ""unspecified"",
    ""citedCount"": 2
  }
]"
https://synthetic.leread.ca/silver/G1308,"[
  {
    ""id"": ""silver-G1308"",
    ""docType"": ""LEGISLATION"",
    ""path"": ""/synthetic/silver/G1308"",
    ""docTitle"": ""Bill C-83"",
    ""autoCompletions"": ""[{\""type\"":\""MAIN_TITLE\"",\""text\"":\""Bill C-83\""},{\""type\"":\""LEGISLATION_ALTERNATE_TITLE\"",\""text\"":\""An Act to Amend the Corrections and Conditional Release Act and another Act\""},{\""type\"":\""LEGISLATION_REFERENCE\"",\""text\"":\""<auto_label id=\\\""120\\\"" labelname=\\\""title\\\"" parent=\\\""citation\\\"" style=\\\""background-color: rgb(147, 196, 125); color: black;\\\"" titletype=\\\""official\\\"" verified=\\\""false\\\"">C-83</auto_label>\""},{\""type\"":\""LEGISLATION_ALTERNATE_REFERENCE\"",\""text\"":\""Bill C-83\""}]"",
    ""jurisdictionId"": ""unspecified"",
    ""citedCount"": 9
  }
]"
https://synthetic.leread.ca/silver/G1309,"[
  {
    ""id"": ""silver-G1309"",
    ""docType"": ""DECISION"",
    ""path"": ""/synthetic/silver/G1309"",
    ""docTitle"": ""British Columbia Civil Liberties Association v. Canada (Attorney General)"",
    ""autoCompletions"": ""[{\""type\"":\""MAIN_TITLE\"",\""text\"":\""British Columbia Civil Liberties Association v. Canada (Attorney General)\""},{\""type\"":\""DECISION_OTHER_REFERENCES\"",\""text\"":\""2019 BCCA 202\""}]"",
    ""jurisdictionId"": ""unspecified"",
    ""citedCount"": 1
  }
]"
https://synthetic.leread.ca/silver/G1310,"[
  {
    ""id"": ""silver-G1310"",
    ""docType"": ""DECISION"",
    ""path"": ""/synthetic/silver/G1310"",
    ""docTitle"": ""Canadian Civil Liberties Association v. Canada (Attorney General)"",
    ""autoCompletions"": ""[{\""type\"":\""MAIN_TITLE\"",\""text\"":\""Canadian Civil Liberties Association v. Canada (Attorney General)\""},{\""type\"":\""DECISION_ALTERNATE_TITLE\"",\""text\"":\""anadian British Columbia Civil Liberties Association v. Canada (Attorney General)\""},{\""type\"":\""DECISION_ALTERNATE_TITLE\"",\""text\"":\""decision on extension of suspension of declaration of invalidity\""},{\""type\"":\""DECISION_OTHER_REFERENCES\"",\""text\"":\""2018 BCSC 62\""},{\""type\"":\""DECISION_OTHER_REFERENCES\"",\""text\"":\""2019 ONCA 243\""},{\""type\"":\""DECISION_OTHER_REFERENCES\"",\""text\"":\""2019 ONCA 342\""}]"",
    ""jurisdictionId"": ""unspecified"",
    ""citedCount"": 3
  }
]"
https://synthetic.leread.ca/silver/G1311,"[
  {
    ""id"": ""silver-G1311"",
    ""docType"": ""LEGISLATION"",
    ""path"": ""/synthetic/silver/G1311"",
    ""docTitle"": ""Canadian Human Rights Act"",
    ""autoCompletions"": ""[{\""type\"":\""MAIN_TITLE\"",\""text\"":\""Canadian Human Rights Act\""},{\""type\"":\""LEGISLATION_ALTERNATE_TITLE\"",\""text\"":\""Act\""},{\""type\"":\""LEGISLATION_ALTERNATE_TITLE\"",\""text\"":\""CHRA\""}]"",
    ""jurisdictionId"": ""unspecified"",
    ""citedCount"": 3
  }
]"
https://synthetic.leread.ca/silver/G1312,"[
  {
    ""id"": ""silver-G1312"",
    ""docType"": ""DECISION"",
    ""path"": ""/synthetic/silver/G1312"",
    ""docTitle"": ""Constantinescu v. Correctional Service Canada"",
    ""autoCompletions"": ""[{\""type\"":\""MAIN_TITLE\"",\""text\"":\""Constantinescu v. Correctional Service Canada\""},{\""type\"":\""DECISION_OTHER_REFERENCES\"",\""text\"":\""2018 CHRT 10\""}]"",
    ""jurisdictionId"": ""unspecified"",
    ""citedCount"": 1
  }
]"
https://synthetic.leread.ca/silver/G1313,"[
  {
    ""id"": ""silver-G1313"",
    ""docType"": ""DECISION"",
    ""path"": ""/synthetic/silver/G1313"",
    ""docTitle"": ""Corporation of the Canadian Civil Liberties Association v. Her Majesty the Queen"",
    ""autoCompletions"": ""[{\""type\"":\""MAIN_TITLE\"",\""text\"":\""Corporation of the Canadian Civil Liberties Association v. Her Majesty the Queen\""},{\""type\"":\""DECISION_OTHER_REFERENCES\"",\""text\"":\""2017 ONSC 7491\""}]"",
    ""jurisdictionId"": ""unspecified"",
    ""citedCount"": 1
  }
]"
https://synthetic.leread.ca/silver/G1315,"[
  {
    ""id"": ""silver-G1315"",
    ""docType"": ""LEGISLATION"",
    ""path"": ""/synthetic/silver/G1315"",
    ""docTitle"": ""Tribunal Rules of Procedure"",
    ""autoCompletions"": ""[{\""type\"":\""MAIN_TITLE\"",\""text\"":\""Tribunal Rules of Procedure\""},{\""type\"":\""LEGISLATION_ALTERNATE_TITLE\"",\""text\"":\""Tribunal <em style=\\\""mso-bidi-font-style:normal\\\"">Rules of Procedure</em>\""},{\""type\"":\""LEGISLATION_ALTERNATE_TITLE\"",\""text\"":\""Tribunal’s Rules\""}]"",
    ""jurisdictionId"": ""unspecified"",
    ""citedCount"": 2
  }
]"
https://synthetic.leread.ca/silver/G1316,"[
  {
    ""id"": ""silver-G1316"",
    ""docType"": ""DECISION"",
    ""path"": ""/synthetic/silver/G1316"",
    ""docTitle"": ""Walden et al. v Attorney General of Canada"",
    ""autoCompletions"": ""[{\""type\"":\""MAIN_TITLE\"",\""text\"":\""Walden et al. v Attorney General of Canada\""},{\""type\"":\""DECISION_ALTERNATE_TITLE\"",\""text\"":\""Walden\""},{\""type\"":\""DECISION_OTHER_REFERENCES\"",\""text\"":\""2011 CHRT 19\""}]"",
    ""jurisdictionId"": ""unspecified"",
    ""citedCount"": 5
  }
]"
https://synthetic.leread.ca/silver/G1317,"[
  {
    ""id"": ""silver-G1317"",
    ""docType"": ""DECISION"",
    ""path"": ""/synthetic/silver/G1317"",
    ""docTitle"": ""Devon Canada Corp v Alberta (Surface Rights Board)"",
    ""autoCompletions"": ""[{\""type\"":\""MAIN_TITLE\"",\""text\"":\""Devon Canada Corp v Alberta (Surface Rights Board)\""},{\""type\"":\""DECISION_ALTERNATE_TITLE\"",\""text\"":\""Devon\""},{\""type\"":\""DECISION_OTHER_REFERENCES\"",\""text\"":\""2003 ABQB 7\""}]"",
    ""jurisdictionId"": ""unspecified"",
    ""citedCount"": 7
  }
]"
https://synthetic.leread.ca/silver/G1318,"[
  {
    ""id"": ""silver-G1318"",
    ""docType"": ""LEGISLATION"",
    ""path"": ""/synthetic/silver/G1318"",
    ""docTitle"": ""Environmental Protection and Enhancement Act"",
    ""autoCompletions"": ""[{\""type\"":\""MAIN_TITLE\"",\""text\"":\""Environmental Protection and Enhancement Act\""},{\""type\"":\""LEGISLATION_ALTERNATE_TITLE\"",\""text\"":\""Environmental and Protection Act\""},{\""type\"":\""LEGISLATION_REFERENCE\"",\""text\"":\""RSA 2000 c E‑12\""}]"",
    ""jurisdictionId"": ""unspecified"",
    ""citedCount"": 1
  }
]"
https://synthetic.leread.ca/silver/G1319,"[
  {
    ""id"": ""silver-G1319"",
    ""docType"": ""DECISION"",
    ""path"": ""/synthetic/silver/G1319"",
    ""docTitle"": ""Husky Oil Operations Limited v Scriber"",
    ""autoCompletions"": ""[{\""type\"":\""MAIN_TITLE\"",\""text\"":\""Husky Oil Operations Limited v Scriber\""},{\""type\"":\""DECISION_OTHER_REFERENCES\"",\""text\"":\""2013 ABQB 74\""}]"",
    ""jurisdictionId"": ""unspecified"",
    ""citedCount"": 1
  }
]"
https://synthetic.leread.ca/silver/G1320,"[
  {
    ""id"": ""silver-G1320"",
    ""docType"": ""DECISION"",
    ""path"": ""/synthetic/silver/G1320"",
    ""docTitle"": ""Provident Energy Ltd v Alberta (Surface Rights Board)"",
    ""autoCompletions"": ""[{\""type\"":\""MAIN_TITLE\"",\""text\"":\""Provident Energy Ltd v Alberta (Surface Rights Board)\""},{\""type\"":\""DECISION_ALTERNATE_TITLE\"",\""text\"":\""Provident Energy\""},{\""type\"":\""DECISION_OTHER_REFERENCES\"",\""text\"":\""2004 ABQB 650\""}]"",
    ""jurisdictionId"": ""unspecified"",
    ""citedCount"": 3
  }
]"
https://synthetic.leread.ca/silver/G1321,"[
  {
    ""id"": ""silver-G1321"",
    ""docType"": ""LEGISLATION"",
    ""path"": ""/synthetic/silver/G1321"",
    ""docTitle"": ""Surface Rights Act"",
    ""autoCompletions"": ""[{\""type\"":\""MAIN_TITLE\"",\""text\"":\""Surface Rights Act\""},{\""type\"":\""LEGISLATION_ALTERNATE_TITLE\"",\""text\"":\""Act\""},{\""type\"":\""LEGISLATION_REFERENCE\"",\""text\"":\""RSA 2000, c S-24\""}]"",
    ""jurisdictionId"": ""unspecified"",
    ""citedCount"": 13
  }
]"
https://synthetic.leread.ca/silver/G1322,"[
  {
    ""id"": ""silver-G1322"",
    ""docType"": ""LEGISLATION"",
    ""path"": ""/synthetic/silver/G1322"",
    ""docTitle"": ""Discrimination within unions"",
    ""autoCompletions"": ""[{\""type\"":\""MAIN_TITLE\"",\""text\"":\""Discrimination within unions\""}]"",
    ""jurisdictionId"": ""unspecified"",
    ""citedCount"": 1
  }
]"
https://synthetic.leread.ca/silver/G1323,"[
  {
    ""id"": ""silver-G1323"",
    ""docType"": ""LEGISLATION"",
    ""path"": ""/synthetic/silver/G1323"",
    ""docTitle"": ""The Labour Relations Act (Manitoba)"",
    ""autoCompletions"": ""[{\""type\"":\""MAIN_TITLE\"",\""text\"":\""The Labour Relations Act (Manitoba)\""},{\""type\"":\""LEGISLATION_ALTERNATE_TITLE\"",\""text\"":\""Act\""},{\""type\"":\""LEGISLATION_ALTERNATE_TITLE\"",\""text\"":\""THE LABOUR RELATIONS ACT\""},{\""type\"":\""LEGISLATION_ALTERNATE_TITLE\"",\""text\"":\""The Labour Relations Act\""}]"",
    ""jurisdictionId"": ""unspecified"",
    ""citedCount"": 15
  }
]"
https://synthetic.leread.ca/silver/G1324,"[
  {
    ""id"": ""silver-G1324"",
    ""docType"": ""LEGISLATION"",
    ""path"": ""/synthetic/silver/G1324"",
    ""docTitle"": ""Agricultural Labour Relations Act, 1994"",
    ""autoCompletions"": ""[{\""type\"":\""MAIN_TITLE\"",\""text\"":\""Agricultural Labour Relations Act, 1994\""},{\""type\"":\""LEGISLATION_ALTERNATE_TITLE\"",\""text\"":\""ALRA\""}]"",
    ""jurisdictionId"": ""unspecified"",
    ""citedCount"": 2
  }
]"
https://synthetic.leread.ca/silver/G1325,"[
  {
    ""id"": ""silver-G1325"",
    ""docType"": ""DECISION"",
    ""path"": ""/synthetic/silver/G1325"",
    ""docTitle"": ""British Columbia Teachers"",
    ""autoCompletions"": ""[{\""type\"":\""MAIN_TITLE\"",\""text\"":\""British Columbia Teachers\""},{\""type\"":\""DECISION_ALTERNATE_TITLE\"",\""text\"":\""B.C. Teachers’ Federation v. British Columbia\""},{\""type\"":\""DECISION_ALTERNATE_TITLE\"",\""text\"":\""BC Teachers Federation\""},{\""type\"":\""DECISION_OTHER_REFERENCES\"",\""text\"":\""2016 SCC 49\""}]"",
    ""jurisdictionId"": ""unspecified"",
    ""citedCount"": 2
  }
]"
https://synthetic.leread.ca/silver/G1326,"[
  {
    ""id"": ""silver-G1326"",
    ""docType"": ""LEGISLATION"",
    ""path"": ""/synthetic/silver/G1326"",
    ""docTitle"": ""Labour Relations Act"",
    ""autoCompletions"": ""[{\""type\"":\""MAIN_TITLE\"",\""text\"":\""Labour Relations Act\""},{\""type\"":\""LEGISLATION_ALTERNATE_TITLE\"",\""text\"":\""LRA\""},{\""type\"":\""LEGISLATION_ALTERNATE_TITLE\"",\""text\"":\""Labour Relations Act, 1995\""}]"",
    ""jurisdictionId"": ""unspecified"",
    ""citedCount"": 18
  }
]"
https://synthetic.leread.ca/silver/G1327,"[
  {
    ""id"": ""silver-G1327"",
    ""docType"": ""DECISION"",
    ""path"": ""/synthetic/silver/G1327"",
    ""docTitle"": ""Phase One"",
    ""autoCompletions"": ""[{\""type\"":\""MAIN_TITLE\"",\""text\"":\""Phase One\""},{\""type\"":\""DECISION_ALTERNATE_TITLE\"",\""text\"":\""Phase One decision\""},{\""type\"":\""DECISION_ALTERNATE_TITLE\"",\""text\"":\""Phase One Decision\""}]"",
    ""jurisdictionId"": ""unspecified"",
    ""citedCount"": 4
  }
]"
https://synthetic.leread.ca/silver/G1328,"[
  {
    ""id"": ""silver-G1328"",
    ""docType"": ""DOCTRINE"",
    ""path"": ""/synthetic/silver/G1328"",
    ""docTitle"": ""Professor Tucker"",
    ""autoCompletions"": ""[{\""type\"":\""MAIN_TITLE\"",\""text\"":\""Professor Tucker\""},{\""type\"":\""DOCTRINE_AUTHOR\"",\""text\"":\""Professor Tucker\""}]"",
    ""jurisdictionId"": ""unspecified"",
    ""citedCount"": 1
  }
]"
https://synthetic.leread.ca/silver/G1329,"[
  {
    ""id"": ""silver-G1329"",
    ""docType"": ""LEGISLATION"",
    ""path"": ""/synthetic/silver/G1329"",
    ""docTitle"": ""Public Service Labour Relations Act"",
    ""autoCompletions"": ""[{\""type\"":\""MAIN_TITLE\"",\""text\"":\""Public Service Labour Relations Act\""},{\""type\"":\""LEGISLATION_ALTERNATE_TITLE\"",\""text\"":\""PSLRA\""}]"",
    ""jurisdictionId"": ""unspecified"",
    ""citedCount"": 1
  }
]"
https://synthetic.leread.ca/silver/G1330,"[
  {
    ""id"": ""silver-G1330"",
    ""docType"": ""DECISION"",
    ""path"": ""/synthetic/silver/G1330"",
    ""docTitle"": ""R. v. Big M Drug Mart Ltd."",
    ""autoCompletions"": ""[{\""type\"":\""MAIN_TITLE\"",\""text\"":\""R. v. Big M Drug Mart Ltd.\""},{\""type\"":\""DECISION_ALTERNATE_TITLE\"",\""text\"":\""Big M Drug Mart\""}]"",
    ""jurisdictionId"": ""unspecified"",
    ""citedCount"": 1
  }
]"
https://synthetic.leread.ca/silver/G1332,"[
  {
    ""id"": ""silver-G1332"",
    ""docType"": ""DECISION"",
    ""path"": ""/synthetic/silver/G1332"",
    ""docTitle"": ""Reference re Alberta Provincial Court Judges"",
    ""autoCompletions"": ""[{\""type\"":\""MAIN_TITLE\"",\""text\"":\""Reference re Alberta Provincial Court Judges\""},{\""type\"":\""DECISION_ALTERNATE_TITLE\"",\""text\"":\""Alberta Reference\""}]"",
    ""jurisdictionId"": ""unspecified"",
    ""citedCount"": 2
  }
]"
https://synthetic.leread.ca/silver/G1333,"[
  {
    ""id"": ""silver-G1333"",
    ""docType"": ""DECISION"",
    ""path"": ""/synthetic/silver/G1333"",
    ""docTitle"": ""Royal Canadian Mounted Police v. Coronation"",
    ""autoCompletions"": ""[{\""type\"":\""MAIN_TITLE\"",\""text\"":\""Royal Canadian Mounted Police v. Coronation\""},{\""type\"":\""DECISION_ALTERNATE_TITLE\"",\""text\"":\""<u>Mounted Police</u><a href=\\\""#_ftn1\\\"" name=\\\""_ftnref1\\\"" title=\\\""\\\""><span class=\\\""MsoFootnoteReference\\\""><b><span style='font-size:10.0pt;font-family:\\\""Calibri\\\"",\\\""sans-serif\\\"";color:black'>[1]</span></b></span></a> Case\""},{\""type\"":\""DECISION_ALTERNATE_TITLE\"",\""text\"":\""Mounted Police\""},{\""type\"":\""DECISION_ALTERNATE_TITLE\"",\""text\"":\""Mounted Police Assn. of Ontario v. Canada\""},{\""type\"":\""DECISION_OTHER_REFERENCES\"",\""text\"":\""[2015] 380 D.L.R. (4<sup>th</sup>) SCC\""}]"",
    ""jurisdictionId"": ""unspecified"",
    ""citedCount"": 10
  }
]"
https://synthetic.leread.ca/silver/G1334,"[
  {
    ""id"": ""silver-G1334"",
    ""docType"": ""DECISION"",
    ""path"": ""/synthetic/silver/G1334"",
    ""docTitle"": ""Saskatchewan Federation of Labour v. Saskatchewan"",
    ""autoCompletions"": ""[{\""type\"":\""MAIN_TITLE\"",\""text\"":\""Saskatchewan Federation of Labour v. Saskatchewan\""},{\""type\"":\""DECISION_ALTERNATE_TITLE\"",\""text\"":\""SFL\""},{\""type\"":\""DECISION_ALTERNATE_TITLE\"",\""text\"":\""SFL v. Saskatchewan\""},{\""type\"":\""DECISION_ALTERNATE_TITLE\"",\""text\"":\""Saskatchewan Federation of Labour\""},{\""type\"":\""DECISION_OTHER_REFERENCES\"",\""text\"":\""[2015] 380 D.L.R. (4<sup>th</sup>) SCC\""}]"",
    ""jurisdictionId"": ""unspecified"",
    ""citedCount"": 8
  }
]"
https://synthetic.leread.ca/silver/G1335,"[
  {
    ""id"": ""silver-G1335"",
    ""docType"": ""LEGISLATION"",
    ""path"": ""/synthetic/silver/G1335"",
    ""docTitle"": ""Seasonal Agricultural Worker Program"",
    ""autoCompletions"": ""[{\""type\"":\""MAIN_TITLE\"",\""text\"":\""Seasonal Agricultural Worker Program\""},{\""type\"":\""LEGISLATION_ALTERNATE_TITLE\"",\""text\"":\""SAWP\""}]"",
    ""jurisdictionId"": ""unspecified"",
    ""citedCount"": 2
  }
]"
https://synthetic.leread.ca/silver/G1337,"[
  {
    ""id"": ""silver-G1337"",
    ""docType"": ""LEGISLATION"",
    ""path"": ""/synthetic/silver/G1337"",
    ""docTitle"": ""Temporary Foreign Worker Program"",
    ""autoCompletions"": ""[{\""type\"":\""MAIN_TITLE\"",\""text\"":\""Temporary Foreign Worker Program\""},{\""type\"":\""LEGISLATION_ALTERNATE_TITLE\"",\""text\"":\""TFWP\""}]"",
    ""jurisdictionId"": ""unspecified"",
    ""citedCount"": 2
  }
]"
https://synthetic.leread.ca/silver/G1338,"[
  {
    ""id"": ""silver-G1338"",
    ""docType"": ""LEGISLATION"",
    ""path"": ""/synthetic/silver/G1338"",
    ""docTitle"": ""Wagner Act"",
    ""autoCompletions"": ""[{\""type\"":\""MAIN_TITLE\"",\""text\"":\""Wagner Act\""},{\""type\"":\""LEGISLATION_ALTERNATE_TITLE\"",\""text\"":\""Wagner Act model\""}]"",
    ""jurisdictionId"": ""unspecified"",
    ""citedCount"": 9
  }
]"
https://synthetic.leread.ca/silver/G1339,"[
  {
    ""id"": ""silver-G1339"",
    ""docType"": ""DECISION"",
    ""path"": ""/synthetic/silver/G1339"",
    ""docTitle"": ""Balmain v. New Brunswick (Tourism, Heritage and Culture)"",
    ""autoCompletions"": ""[{\""type\"":\""MAIN_TITLE\"",\""text\"":\""Balmain v. New Brunswick (Tourism, Heritage and Culture)\""},{\""type\"":\""DECISION_ALTERNATE_TITLE\"",\""text\"":\""Balmain\""},{\""type\"":\""DECISION_ALTERNATE_TITLE\"",\""text\"":\""Balmain v. Department of Tourism, Heritage and Culture\""},{\""type\"":\""DECISION_ALTERNATE_TITLE\"",\""text\"":\""Balmain v. New Brunswick (Tourism, Heritage and Culture\""},{\""type\"":\""DECISION_ALTERNATE_TITLE\"",\""text\"":\""Balmain v.New Brunswick (Tourism, Heritage and Culture)\""},{\""type\"":\""DECISION_OTHER_REFERENCES\"",\""text\"":\""2018 NBQB 129 (CanLII)\""}]"",
    ""jurisdictionId"": ""unspecified"",
    ""citedCount"": 6
  }
]"
https://synthetic.leread.ca/silver/G1340,"[
  {
    ""id"": ""silver-G1340"",
    ""docType"": ""DECISION"",
    ""path"": ""/synthetic/silver/G1340"",
    ""docTitle"": ""Carmont et al v. Province of New Brunswick"",
    ""autoCompletions"": ""[{\""type\"":\""MAIN_TITLE\"",\""text\"":\""Carmont et al v. Province of New Brunswick\""},{\""type\"":\""DECISION_ALTERNATE_TITLE\"",\""text\"":\""Carmont\""},{\""type\"":\""DECISION_ALTERNATE_TITLE\"",\""text\"":\""Carmont et al v. Province of New Brunswick<span class=\\\""MsoHyperlink\\\""><span style=\\\""color:windowtext;text-decoration:none\\\""> et al</span></span>\""},{\""type\"":\""DECISION_ALTERNATE_TITLE\"",\""text\"":\""Carmont v. Province of New Brunswick\""},{\""type\"":\""DECISION_OTHER_REFERENCES\"",\""text\"":\""2018 NBQB 53\""}]"",
    ""jurisdictionId"": ""unspecified"",
    ""citedCount"": 4
  }
]"
https://synthetic.leread.ca/silver/G1341,"[
  {
    ""id"": ""silver-G1341"",
    ""docType"": ""DECISION"",
    ""path"": ""/synthetic/silver/G1341"",
    ""docTitle"": ""Medavie v. PNB (Department of Health)"",
    ""autoCompletions"": ""[{\""type\"":\""MAIN_TITLE\"",\""text\"":\""Medavie v. PNB (Department of Health)\""},{\""type\"":\""DECISION_ALTERNATE_TITLE\"",\""text\"":\""Medavie\""},{\""type\"":\""DECISION_ALTERNATE_TITLE\"",\""text\"":\""Medavie v. Province of New Brunswick\""},{\""type\"":\""DECISION_OTHER_REFERENCES\"",\""text\"":\""2018 NBQB 121 (CanLII)\""}]"",
    ""jurisdictionId"": ""unspecified"",
    ""citedCount"": 5
  }
]"
https://synthetic.leread.ca/silver/G1344,"[
  {
    ""id"": ""silver-G1344"",
    ""docType"": ""DECISION"",
    ""path"": ""/synthetic/silver/G1344"",
    ""docTitle"": ""New Brunswick (Justice and Public Safety) (Re), 2021 NBOMB 1"",
    ""autoCompletions"": ""[{\""type\"":\""MAIN_TITLE\"",\""text\"":\""New Brunswick (Justice and Public Safety) (Re), 2021 NBOMB 1\""},{\""type\"":\""DECISION_ALTERNATE_TITLE\"",\""text\"":\""New Brunswick (Justice and Public Safety) (Re)\""},{\""type\"":\""DECISION_OTHER_REFERENCES\"",\""text\"":\""2021 NBOMB 1\""}]"",
    ""jurisdictionId"": ""unspecified"",
    ""citedCount"": 1
  }
]"
https://synthetic.leread.ca/silver/G1345,"[
  {
    ""id"": ""silver-G1345"",
    ""docType"": ""DECISION"",
    ""path"": ""/synthetic/silver/G1345"",
    ""docTitle"": ""Order MO-2852 Re: Hamilton Entertainment and Convention Facilities Inc"",
    ""autoCompletions"": ""[{\""type\"":\""MAIN_TITLE\"",\""text\"":\""Order MO-2852 Re: Hamilton Entertainment and Convention Facilities Inc\""},{\""type\"":\""DECISION_ALTERNATE_TITLE\"",\""text\"":\""Hamilton Entertainment and Convention Facilities Inc\""},{\""type\"":\""DECISION_OTHER_REFERENCES\"",\""text\"":\""2013 ON IPC 11999\""},{\""type\"":\""DECISION_OTHER_REFERENCES\"",\""text\"":\""Order MO-2852\""}]"",
    ""jurisdictionId"": ""unspecified"",
    ""citedCount"": 2
  }
]"
https://synthetic.leread.ca/silver/G1346,"[
  {
    ""id"": ""silver-G1346"",
    ""docType"": ""DECISION"",
    ""path"": ""/synthetic/silver/G1346"",
    ""docTitle"": ""Order P-1621"",
    ""autoCompletions"": ""[{\""type\"":\""MAIN_TITLE\"",\""text\"":\""Order P-1621\""}]"",
    ""jurisdictionId"": ""unspecified"",
    ""citedCount"": 1
  }
]"
https://synthetic.leread.ca/silver/G1347,"[
  {
    ""id"": ""silver-G1347"",
    ""docType"": ""DECISION"",
    ""path"": ""/synthetic/silver/G1347"",
    ""docTitle"": ""Order PO-2010"",
    ""autoCompletions"": ""[{\""type\"":\""MAIN_TITLE\"",\""text\"":\""Order PO-2010\""}]"",
    ""jurisdictionId"": ""unspecified"",
    ""citedCount"": 2
  }
]"
https://synthetic.leread.ca/silver/G1348,"[
  {
    ""id"": ""silver-G1348"",
    ""docType"": ""LEGISLATION"",
    ""path"": ""/synthetic/silver/G1348"",
    ""docTitle"": ""Right to Information Act (New Brunswick)"",
    ""autoCompletions"": ""[{\""type\"":\""MAIN_TITLE\"",\""text\"":\""Right to Information Act (New Brunswick)\""},{\""type\"":\""LEGISLATION_ALTERNATE_TITLE\"",\""text\"":\""Act\""},{\""type\"":\""LEGISLATION_ALTERNATE_TITLE\"",\""text\"":\""statute\""}]"",
    ""jurisdictionId"": ""unspecified"",
    ""citedCount"": 55
  }
]"
https://synthetic.leread.ca/silver/G1349,"[
  {
    ""id"": ""silver-G1349"",
    ""docType"": ""DECISION"",
    ""path"": ""/synthetic/silver/G1349"",
    ""docTitle"": ""Saint John Sea Dogs v. Harbour Station Commission and Ombud of the Province of New Brunswick"",
    ""autoCompletions"": ""[{\""type\"":\""MAIN_TITLE\"",\""text\"":\""Saint John Sea Dogs v. Harbour Station Commission and Ombud of the Province of New Brunswick\""},{\""type\"":\""DECISION_OTHER_REFERENCES\"",\""text\"":\""2021 NBQM SJM-28-2020 and SJM-96-2020\""},{\""type\"":\""DECISION_OTHER_REFERENCES\"",\""text\"":\""SJM-28-2020\""},{\""type\"":\""DECISION_OTHER_REFERENCES\"",\""text\"":\""SJM-96-2020\""}]"",
    ""jurisdictionId"": ""unspecified"",
    ""citedCount"": 2
  }
]"
https://synthetic.leread.ca/silver/G1350,"[
  {
    ""id"": ""silver-G1350"",
    ""docType"": ""DECISION"",
    ""path"": ""/synthetic/silver/G1350"",
    ""docTitle"": ""Watt v. Forests"",
    ""autoCompletions"": ""[{\""type\"":\""MAIN_TITLE\"",\""text\"":\""Watt v. Forests\""},{\""type\"":\""DECISION_OTHER_REFERENCES\"",\""text\"":\""[2007] NSWADT 197 (AustLII)\""}]"",
    ""jurisdictionId"": ""unspecified"",
    ""citedCount"": 1
  }
]"
https://synthetic.leread.ca/silver/G1351,"[
  {
    ""id"": ""silver-G1351"",
    ""docType"": ""DECISION"",
    ""path"": ""/synthetic/silver/G1351"",
    ""docTitle"": ""Complainant (Re), 2020 NUIPC 9"",
    ""autoCompletions"": ""[{\""type\"":\""MAIN_TITLE\"",\""text\"":\""Complainant (Re), 2020 NUIPC 9\""},{\""type\"":\""DECISION_ALTERNATE_TITLE\"",\""text\"":\""Complainant (Re)\""},{\""type\"":\""DECISION_ALTERNATE_TITLE\"",\""text\"":\""Complainant (Re),\""},{\""type\"":\""DECISION_OTHER_REFERENCES\"",\""text\"":\""2020 NUIPC 9 (CanLII)\""}]"",
    ""jurisdictionId"": ""unspecified"",
    ""citedCount"": 2
  }
]"
https://synthetic.leread.ca/silver/G1352,"[
  {
    ""id"": ""silver-G1352"",
    ""docType"": ""DECISION"",
    ""path"": ""/synthetic/silver/G1352"",
    ""docTitle"": ""Department of Community and Government Services (Re), 2021 NUIPC 8"",
    ""autoCompletions"": ""[{\""type\"":\""MAIN_TITLE\"",\""text\"":\""Department of Community and Government Services (Re), 2021 NUIPC 8\""},{\""type\"":\""DECISION_ALTERNATE_TITLE\"",\""text\"":\""Department of Community and Government Services (Re)\""},{\""type\"":\""DECISION_OTHER_REFERENCES\"",\""text\"":\""2021 NUIPC 8\""}]"",
    ""jurisdictionId"": ""unspecified"",
    ""citedCount"": 2
  }
]"
https://synthetic.leread.ca/silver/G1353,"[
  {
    ""id"": ""silver-G1353"",
    ""docType"": ""DECISION"",
    ""path"": ""/synthetic/silver/G1353"",
    ""docTitle"": ""Department of Education (Re), 2021 NUIPC 10"",
    ""autoCompletions"": ""[{\""type\"":\""MAIN_TITLE\"",\""text\"":\""Department of Education (Re), 2021 NUIPC 10\""},{\""type\"":\""DECISION_ALTERNATE_TITLE\"",\""text\"":\""Department of Education (Re)\""},{\""type\"":\""DECISION_OTHER_REFERENCES\"",\""text\"":\""2021 NUIPC 10\""}]"",
    ""jurisdictionId"": ""unspecified"",
    ""citedCount"": 1
  }
]"
https://synthetic.leread.ca/silver/G1354,"[
  {
    ""id"": ""silver-G1354"",
    ""docType"": ""DECISION"",
    ""path"": ""/synthetic/silver/G1354"",
    ""docTitle"": ""Department of Human Resources (Re), 2020 NUIPC 13"",
    ""autoCompletions"": ""[{\""type\"":\""MAIN_TITLE\"",\""text\"":\""Department of Human Resources (Re), 2020 NUIPC 13\""},{\""type\"":\""DECISION_ALTERNATE_TITLE\"",\""text\"":\""Department of Human Resources (Re)\""},{\""type\"":\""DECISION_OTHER_REFERENCES\"",\""text\"":\""2020 NUIPC 13 (CanLII)\""}]"",
    ""jurisdictionId"": ""unspecified"",
    ""citedCount"": 1
  }
]"
https://synthetic.leread.ca/silver/G1355,"[
  {
    ""id"": ""silver-G1355"",
    ""docType"": ""DECISION"",
    ""path"": ""/synthetic/silver/G1355"",
    ""docTitle"": ""Department of Human Resources (Re), 2021 NUIPC 4"",
    ""autoCompletions"": ""[{\""type\"":\""MAIN_TITLE\"",\""text\"":\""Department of Human Resources (Re), 2021 NUIPC 4\""},{\""type\"":\""DECISION_ALTERNATE_TITLE\"",\""text\"":\""Department of Human Resources (Re)\""},{\""type\"":\""DECISION_OTHER_REFERENCES\"",\""text\"":\""2021 NUIPC 4 (CanLII)\""}]"",
    ""jurisdictionId"": ""unspecified"",
    ""citedCount"": 1
  }
]"
https://synthetic.leread.ca/silver/G1356,"[
  {
    ""id"": ""silver-G1356"",
    ""docType"": ""LEGISLATION"",
    ""path"": ""/synthetic/silver/G1356"",
    ""docTitle"": ""Freedom of Information and Protection of Privacy Act (Nunavut)"",
    ""autoCompletions"": ""[{\""type\"":\""MAIN_TITLE\"",\""text\"":\""Freedom of Information and Protection of Privacy Act (Nunavut)\""},{\""type\"":\""LEGISLATION_ALTERNATE_TITLE\"",\""text\"":\""ATIPPA\""},{\""type\"":\""LEGISLATION_ALTERNATE_TITLE\"",\""text\"":\""Freedom of Information and Protection of Privacy Act\""}]"",
    ""jurisdictionId"": ""unspecified"",
    ""citedCount"": 60
  }
]"
https://synthetic.leread.ca/silver/G1357,"[
  {
    ""id"": ""silver-G1357"",
    ""docType"": ""DECISION"",
    ""path"": ""/synthetic/silver/G1357"",
    ""docTitle"": ""Health Professions Appeal and Review Board (Re), 2018 CanLII 74224 (ON IPC)"",
    ""autoCompletions"": ""[{\""type\"":\""MAIN_TITLE\"",\""text\"":\""Health Professions Appeal and Review Board (Re), 2018 CanLII 74224 (ON IPC)\""},{\""type\"":\""DECISION_ALTERNATE_TITLE\"",\""text\"":\""Health Professions Appeal and Review Board (Re),\""},{\""type\"":\""DECISION_OTHER_REFERENCES\"",\""text\"":\""2018 CanLII 74224 (ON IPC)\""}]"",
    ""jurisdictionId"": ""unspecified"",
    ""citedCount"": 1
  }
]"
https://synthetic.leread.ca/silver/G1358,"[
  {
    ""id"": ""silver-G1358"",
    ""docType"": ""DECISION"",
    ""path"": ""/synthetic/silver/G1358"",
    ""docTitle"": ""Municipality of Chatham-Kent (Re), 2019 CanLII 108986 (ON IPC)"",
    ""autoCompletions"": ""[{\""type\"":\""MAIN_TITLE\"",\""text\"":\""Municipality of Chatham-Kent (Re), 2019 CanLII 108986 (ON IPC)\""},{\""type\"":\""DECISION_ALTERNATE_TITLE\"",\""text\"":\""Municipality of Chatham-Kent (Re)\""},{\""type\"":\""DECISION_OTHER_REFERENCES\"",\""text\"":\""2019 CanLII 108986 (ON IPC)\""}]"",
    ""jurisdictionId"": ""unspecified"",
    ""citedCount"": 1
  }
]"
https://synthetic.leread.ca/silver/G1359,"[
  {
    ""id"": ""silver-G1359"",
    ""docType"": ""DECISION"",
    ""path"": ""/synthetic/silver/G1359"",
    ""docTitle"": ""Order 97-006"",
    ""autoCompletions"": ""[{\""type\"":\""MAIN_TITLE\"",\""text\"":\""Order 97-006\""}]"",
    ""jurisdictionId"": ""unspecified"",
    ""citedCount"": 1
  }
]"
https://synthetic.leread.ca/silver/G1360,"[
  {
    ""id"": ""silver-G1360"",
    ""docType"": ""DECISION"",
    ""path"": ""/synthetic/silver/G1360"",
    ""docTitle"": ""Order F2007-029"",
    ""autoCompletions"": ""[{\""type\"":\""MAIN_TITLE\"",\""text\"":\""Order F2007-029\""}]"",
    ""jurisdictionId"": ""unspecified"",
    ""citedCount"": 1
  }
]"
https://synthetic.leread.ca/silver/G1361,"[
  {
    ""id"": ""silver-G1361"",
    ""docType"": ""DECISION"",
    ""path"": ""/synthetic/silver/G1361"",
    ""docTitle"": ""Order P2010-10 of the Alberta Information and Privacy Commissioner"",
    ""autoCompletions"": ""[{\""type\"":\""MAIN_TITLE\"",\""text\"":\""Order P2010-10 of the Alberta Information and Privacy Commissioner\""}]"",
    ""jurisdictionId"": ""unspecified"",
    ""citedCount"": 1
  }
]"
https://synthetic.leread.ca/silver/G1362,"[
  {
    ""id"": ""silver-G1362"",
    ""docType"": ""DECISION"",
    ""path"": ""/synthetic/silver/G1362"",
    ""docTitle"": ""Review Report 17-118 (Re)"",
    ""autoCompletions"": ""[{\""type\"":\""MAIN_TITLE\"",\""text\"":\""Review Report 17-118 (Re)\""},{\""type\"":\""DECISION_OTHER_REFERENCES\"",\""text\"":\""2017 NUIPC 5 (CanLII)\""}]"",
    ""jurisdictionId"": ""unspecified"",
    ""citedCount"": 1
  }
]"
https://synthetic.leread.ca/silver/G1363,"[
  {
    ""id"": ""silver-G1363"",
    ""docType"": ""DECISION"",
    ""path"": ""/synthetic/silver/G1363"",
    ""docTitle"": ""University of Lethbridge (Re), 2016 CanLII 92076 (AB OIPC)"",
    ""autoCompletions"": ""[{\""type\"":\""MAIN_TITLE\"",\""text\"":\""University of Lethbridge (Re), 2016 CanLII 92076 (AB OIPC)\""},{\""type\"":\""DECISION_ALTERNATE_TITLE\"",\""text\"":\""University of Lethbridge\""},{\""type\"":\""DECISION_ALTERNATE_TITLE\"",\""text\"":\""University of Lethbridge (Re)\""},{\""type\"":\""DECISION_OTHER_REFERENCES\"",\""text\"":\""2016 CanLII 92076 (AB OIPC)\""}]"",
    ""jurisdictionId"": ""unspecified"",
    ""citedCount"": 2
  }
]"
https://synthetic.leread.ca/silver/G1364,"[
  {
    ""id"": ""silver-G1364"",
    ""docType"": ""LEGISLATION"",
    ""path"": ""/synthetic/silver/G1364"",
    ""docTitle"": ""Access to Information and Protection of Privacy Act"",
    ""autoCompletions"": ""[{\""type\"":\""MAIN_TITLE\"",\""text\"":\""Access to Information and Protection of Privacy Act\""},{\""type\"":\""LEGISLATION_ALTERNATE_TITLE\"",\""text\"":\""ATIPPA\""},{\""type\"":\""LEGISLATION_ALTERNATE_TITLE\"",\""text\"":\""Act\""}]"",
    ""jurisdictionId"": ""unspecified"",
    ""citedCount"": 39
  }
]"
https://synthetic.leread.ca/silver/G1365,"[
  {
    ""id"": ""silver-G1365"",
    ""docType"": ""DOCTRINE"",
    ""path"": ""/synthetic/silver/G1365"",
    ""docTitle"": ""Anonymity of Applicants (November 2019)"",
    ""autoCompletions"": ""[{\""type\"":\""MAIN_TITLE\"",\""text\"":\""Anonymity of Applicants (November 2019)\""},{\""type\"":\""MAIN_TITLE\"",\""text\"":\""Anonymity of Applicants\""}]"",
    ""jurisdictionId"": ""unspecified"",
    ""citedCount"": 1
  }
]"
https://synthetic.leread.ca/silver/G1366,"[
  {
    ""id"": ""silver-G1366"",
    ""docType"": ""DOCTRINE"",
    ""path"": ""/synthetic/silver/G1366"",
    ""docTitle"": ""Best Practices for Responding to Access Requests"",
    ""autoCompletions"": ""[{\""type\"":\""MAIN_TITLE\"",\""text\"":\""Best Practices for Responding to Access Requests\""}]"",
    ""jurisdictionId"": ""unspecified"",
    ""citedCount"": 1
  }
]"
https://synthetic.leread.ca/silver/G1367,"[
  {
    ""id"": ""silver-G1367"",
    ""docType"": ""DECISION"",
    ""path"": ""/synthetic/silver/G1367"",
    ""docTitle"": ""CAI reference 1006661"",
    ""autoCompletions"": ""[{\""type\"":\""MAIN_TITLE\"",\""text\"":\""CAI reference 1006661\""},{\""type\"":\""DECISION_OTHER_REFERENCES\"",\""text\"":\""2015\""}]"",
    ""jurisdictionId"": ""unspecified"",
    ""citedCount"": 1
  }
]"
https://synthetic.leread.ca/silver/G1368,"[
  {
    ""id"": ""silver-G1368"",
    ""docType"": ""DOCTRINE"",
    ""path"": ""/synthetic/silver/G1368"",
    ""docTitle"": ""Nunavut ATIPP policy manual"",
    ""autoCompletions"": ""[{\""type\"":\""MAIN_TITLE\"",\""text\"":\""Nunavut ATIPP policy manual\""}]"",
    ""jurisdictionId"": ""unspecified"",
    ""citedCount"": 2
  }
]"
https://synthetic.leread.ca/silver/G1369,"[
  {
    ""id"": ""silver-G1369"",
    ""docType"": ""DECISION"",
    ""path"": ""/synthetic/silver/G1369"",
    ""docTitle"": ""Ombudsman Report 2019-0345"",
    ""autoCompletions"": ""[{\""type\"":\""MAIN_TITLE\"",\""text\"":\""Ombudsman Report 2019-0345\""}]"",
    ""jurisdictionId"": ""unspecified"",
    ""citedCount"": 2
  }
]"
https://synthetic.leread.ca/silver/G1370,"[
  {
    ""id"": ""silver-G1370"",
    ""docType"": ""DECISION"",
    ""path"": ""/synthetic/silver/G1370"",
    ""docTitle"": ""Privacy Complaint Report M117-3"",
    ""autoCompletions"": ""[{\""type\"":\""MAIN_TITLE\"",\""text\"":\""Privacy Complaint Report M117-3\""},{\""type\"":\""DECISION_OTHER_REFERENCES\"",\""text\"":\""2018\""}]"",
    ""jurisdictionId"": ""unspecified"",
    ""citedCount"": 1
  }
]"
https://synthetic.leread.ca/silver/G1371,"[
  {
    ""id"": ""silver-G1371"",
    ""docType"": ""DOCTRINE"",
    ""path"": ""/synthetic/silver/G1371"",
    ""docTitle"": ""Protecting the Privacy of Access Requesters"",
    ""autoCompletions"": ""[{\""type\"":\""MAIN_TITLE\"",\""text\"":\""Protecting the Privacy of Access Requesters\""}]"",
    ""jurisdictionId"": ""unspecified"",
    ""citedCount"": 1
  }
]"
https://synthetic.leread.ca/silver/G1372,"[
  {
    ""id"": ""silver-G1372"",
    ""docType"": ""DECISION"",
    ""path"": ""/synthetic/silver/G1372"",
    ""docTitle"": ""Report of the Commissioner’s Findings, Complaint 2014-1738-AP-947"",
    ""autoCompletions"": ""[{\""type\"":\""MAIN_TITLE\"",\""text\"":\""Report of the Commissioner’s Findings, Complaint 2014-1738-AP-947\""},{\""type\"":\""DECISION_OTHER_REFERENCES\"",\""text\"":\""2015\""}]"",
    ""jurisdictionId"": ""unspecified"",
    ""citedCount"": 1
  }
]"
https://synthetic.leread.ca/silver/G1373,"[
  {
    ""id"": ""silver-G1373"",
    ""docType"": ""DECISION"",
    ""path"": ""/synthetic/silver/G1373"",
    ""docTitle"": ""2022 QCCS 1670"",
    ""autoCompletions"": ""[{\""type\"":\""MAIN_TITLE\"",\""text\"":\""2022 QCCS 1670\""},{\""type\"":\""DECISION_OTHER_REFERENCES\"",\""text\"":\""2022 QCCS 1670\""}]"",
    ""jurisdictionId"": ""unspecified"",
    ""citedCount"": 1
  }
]"
https://synthetic.leread.ca/silver/G1374,"[
  {
    ""id"": ""silver-G1374"",
    ""docType"": ""DECISION"",
    ""path"": ""/synthetic/silver/G1374"",
    ""docTitle"": ""9354-9186 Québec Inc. v Callidus Capital Corp"",
    ""autoCompletions"": ""[{\""type\"":\""MAIN_TITLE\"",\""text\"":\""9354-9186 Québec Inc. v Callidus Capital Corp\""},{\""type\"":\""DECISION_OTHER_REFERENCES\"",\""text\"":\""2020 SCC 10\""}]"",
    ""jurisdictionId"": ""unspecified"",
    ""citedCount"": 1
  }
]"
https://synthetic.leread.ca/silver/G1375,"[
  {
    ""id"": ""silver-G1375"",
    ""docType"": ""DECISION"",
    ""path"": ""/synthetic/silver/G1375"",
    ""docTitle"": ""Arrangement relative à 9323-7055 Québec inc (Aquadis International Inc)"",
    ""autoCompletions"": ""[{\""type\"":\""MAIN_TITLE\"",\""text\"":\""Arrangement relative à 9323-7055 Québec inc (Aquadis International Inc)\""},{\""type\"":\""DECISION_OTHER_REFERENCES\"",\""text\"":\""2020 QCCA 659\""}]"",
    ""jurisdictionId"": ""unspecified"",
    ""citedCount"": 1
  }
]"
https://synthetic.leread.ca/silver/G1377,"[
  {
    ""id"": ""silver-G1377"",
    ""docType"": ""LEGISLATION"",
    ""path"": ""/synthetic/silver/G1377"",
    ""docTitle"": ""Code of Civil Procedure"",
    ""autoCompletions"": ""[{\""type\"":\""MAIN_TITLE\"",\""text\"":\""Code of Civil Procedure\""},{\""type\"":\""LEGISLATION_REFERENCE\"",\""text\"":\""CQLR, c I-0.2.1\""}]"",
    ""jurisdictionId"": ""unspecified"",
    ""citedCount"": 2
  }
]"
https://synthetic.leread.ca/silver/G1381,"[
  {
    ""id"": ""silver-G1381"",
    ""docType"": ""DOCTRINE"",
    ""path"": ""/synthetic/silver/G1381"",
    ""docTitle"": ""Les recours judiciaires en droit public"",
    ""autoCompletions"": ""[{\""type\"":\""MAIN_TITLE\"",\""text\"":\""Les recours judiciaires en droit public\""},{\""type\"":\""DOCTRINE_AUTHOR\"",\""text\"":\""Pierre Giroux, Stéphane Rochette et Nicholas Jobidon\""}]"",
    ""jurisdictionId"": ""unspecified"",
    ""citedCount"": 1
  }
]"
https://synthetic.leread.ca/silver/G1382,"[
  {
    ""id"": ""silver-G1382"",
    ""docType"": ""LEGISLATION"",
    ""path"": ""/synthetic/silver/G1382"",
    ""docTitle"": ""Loi sur l’immigration au Québec"",
    ""autoCompletions"": ""[{\""type\"":\""MAIN_TITLE\"",\""text\"":\""Loi sur l’immigration au Québec\""}]"",
    ""jurisdictionId"": ""unspecified"",
    ""citedCount"": 1
  }
]"
https://synthetic.leread.ca/silver/G1383,"[
  {
    ""id"": ""silver-G1383"",
    ""docType"": ""DECISION"",
    ""path"": ""/synthetic/silver/G1383"",
    ""docTitle"": ""Mignault Perrault (Succession de) c Hudson (Ville de)"",
    ""autoCompletions"": ""[{\""type\"":\""MAIN_TITLE\"",\""text\"":\""Mignault Perrault (Succession de) c Hudson (Ville de)\""},{\""type\"":\""DECISION_OTHER_REFERENCES\"",\""text\"":\""2010 QCCA 2108\""}]"",
    ""jurisdictionId"": ""unspecified"",
    ""citedCount"": 1
  }
]"
https://synthetic.leread.ca/silver/G1384,"[
  {
    ""id"": ""silver-G1384"",
    ""docType"": ""DOCTRINE"",
    ""path"": ""/synthetic/silver/G1384"",
    ""docTitle"": ""Pierre Giroux, Commentaires sous l’article 529"",
    ""autoCompletions"": ""[{\""type\"":\""MAIN_TITLE\"",\""text\"":\""Pierre Giroux, Commentaires sous l’article 529\""},{\""type\"":\""MAIN_TITLE\"",\""text\"":\""Commentaires sous l’article 529\""},{\""type\"":\""DOCTRINE_AUTHOR\"",\""text\"":\""Pierre Giroux\""}]"",
    ""jurisdictionId"": ""unspecified"",
    ""citedCount"": 1
  }
]"
https://synthetic.leread.ca/silver/G1385,"[
  {
    ""id"": ""silver-G1385"",
    ""docType"": ""DECISION"",
    ""path"": ""/synthetic/silver/G1385"",
    ""docTitle"": ""2018 ECARB 01900"",
    ""autoCompletions"": ""[{\""type\"":\""MAIN_TITLE\"",\""text\"":\""2018 ECARB 01900\""},{\""type\"":\""DECISION_OTHER_REFERENCES\"",\""text\"":\""2018 ECARB 01900\""}]"",
    ""jurisdictionId"": ""unspecified"",
    ""citedCount"": 1
  }
]"
https://synthetic.leread.ca/silver/G1386,"[
  {
    ""id"": ""silver-G1386"",
    ""docType"": ""DECISION"",
    ""path"": ""/synthetic/silver/G1386"",
    ""docTitle"": ""534 Capital Corp. v Calgary (City)"",
    ""autoCompletions"": ""[{\""type\"":\""MAIN_TITLE\"",\""text\"":\""534 Capital Corp. v Calgary (City)\""},{\""type\"":\""DECISION_OTHER_REFERENCES\"",\""text\"":\""CARB 79715P-2015\""}]"",
    ""jurisdictionId"": ""unspecified"",
    ""citedCount"": 1
  }
]"
https://synthetic.leread.ca/silver/G1388,"[
  {
    ""id"": ""silver-G1388"",
    ""docType"": ""DECISION"",
    ""path"": ""/synthetic/silver/G1388"",
    ""docTitle"": ""Altus Group Ltd v Alberta (City of Edmonton Composite Assessment Review Board), 2021 ABQB 322"",
    ""autoCompletions"": ""[{\""type\"":\""MAIN_TITLE\"",\""text\"":\""Altus Group Ltd v Alberta (City of Edmonton Composite Assessment Review Board), 2021 ABQB 322\""},{\""type\"":\""DECISION_ALTERNATE_TITLE\"",\""text\"":\""Altus Group Ltd v Edmonton Composite Assessment Review Board\""},{\""type\"":\""DECISION_OTHER_REFERENCES\"",\""text\"":\""2021 ABQB 322\""}]"",
    ""jurisdictionId"": ""unspecified"",
    ""citedCount"": 2
  }
]"
https://synthetic.leread.ca/silver/G1389,"[
  {
    ""id"": ""silver-G1389"",
    ""docType"": ""DECISION"",
    ""path"": ""/synthetic/silver/G1389"",
    ""docTitle"": ""Altus Group v The City of Edmonton"",
    ""autoCompletions"": ""[{\""type\"":\""MAIN_TITLE\"",\""text\"":\""Altus Group v The City of Edmonton\""},{\""type\"":\""DECISION_OTHER_REFERENCES\"",\""text\"":\""2018 ECARB 01458\""},{\""type\"":\""DECISION_OTHER_REFERENCES\"",\""text\"":\""2018 ECARB 01878\""}]"",
    ""jurisdictionId"": ""unspecified"",
    ""citedCount"": 4
  }
]"
https://synthetic.leread.ca/silver/G1391,"[
  {
    ""id"": ""silver-G1391"",
    ""docType"": ""LEGISLATION"",
    ""path"": ""/synthetic/silver/G1391"",
    ""docTitle"": ""Matters Relating to Assessment and Taxation Regulation, 2018"",
    ""autoCompletions"": ""[{\""type\"":\""MAIN_TITLE\"",\""text\"":\""Matters Relating to Assessment and Taxation Regulation, 2018\""},{\""type\"":\""LEGISLATION_ALTERNATE_TITLE\"",\""text\"":\""Matters Relating to Assessment and Taxation Regulation\""},{\""type\"":\""LEGISLATION_ALTERNATE_TITLE\"",\""text\"":\""Regulation\""},{\""type\"":\""LEGISLATION_REFERENCE\"",\""text\"":\""2018 AR 203/2017\""},{\""type\"":\""LEGISLATION_ALTERNATE_REFERENCE\"",\""text\"":\""AR 203/217\""}]"",
    ""jurisdictionId"": ""unspecified"",
    ""citedCount"": 12
  }
]"
https://synthetic.leread.ca/silver/G1394,"[
  {
    ""id"": ""silver-G1394"",
    ""docType"": ""DECISION"",
    ""path"": ""/synthetic/silver/G1394"",
    ""docTitle"": ""Amaratunga v. Northwest Atlantic Fisheries Organization"",
    ""autoCompletions"": ""[{\""type\"":\""MAIN_TITLE\"",\""text\"":\""Amaratunga v. Northwest Atlantic Fisheries Organization\""},{\""type\"":\""DECISION_OTHER_REFERENCES\"",\""text\"":\""2013 SCC 66\""},{\""type\"":\""DECISION_OTHER_REFERENCES\"",\""text\"":\""[2013] 3 S.C.R. 866\""}]"",
    ""jurisdictionId"": ""unspecified"",
    ""citedCount"": 1
  }
]"
https://synthetic.leread.ca/silver/G1396,"[
  {
    ""id"": ""silver-G1396"",
    ""docType"": ""DECISION"",
    ""path"": ""/synthetic/silver/G1396"",
    ""docTitle"": ""Beckman v. Little Salmon/Carmacks First Nation"",
    ""autoCompletions"": ""[{\""type\"":\""MAIN_TITLE\"",\""text\"":\""Beckman v. Little Salmon/Carmacks First Nation\""},{\""type\"":\""DECISION_ALTERNATE_TITLE\"",\""text\"":\""Little Salmon\""},{\""type\"":\""DECISION_OTHER_REFERENCES\"",\""text\"":\""2010 SCC 53\""},{\""type\"":\""DECISION_OTHER_REFERENCES\"",\""text\"":\""[2010] 3 S.C.R. 103\""}]"",
    ""jurisdictionId"": ""unspecified"",
    ""citedCount"": 3
  }
]"
https://synthetic.leread.ca/silver/G1397,"[
  {
    ""id"": ""silver-G1397"",
    ""docType"": ""DOCTRINE"",
    ""path"": ""/synthetic/silver/G1397"",
    ""docTitle"": ""Cambridge Dictionary"",
    ""autoCompletions"": ""[{\""type\"":\""MAIN_TITLE\"",\""text\"":\""Cambridge Dictionary\""}]"",
    ""jurisdictionId"": ""unspecified"",
    ""citedCount"": 1
  }
]"
https://synthetic.leread.ca/silver/G1399,"[
  {
    ""id"": ""silver-G1399"",
    ""docType"": ""DECISION"",
    ""path"": ""/synthetic/silver/G1399"",
    ""docTitle"": ""Canada v. Long Plain First Nation"",
    ""autoCompletions"": ""[{\""type\"":\""MAIN_TITLE\"",\""text\"":\""Canada v. Long Plain First Nation\""},{\""type\"":\""DECISION_OTHER_REFERENCES\"",\""text\"":\""2015 FCA 177\""},{\""type\"":\""DECISION_OTHER_REFERENCES\"",\""text\"":\""388 D.L.R. (4th) 209\""}]"",
    ""jurisdictionId"": ""unspecified"",
    ""citedCount"": 1
  }
]"
https://synthetic.leread.ca/silver/G1401,"[
  {
    ""id"": ""silver-G1401"",
    ""docType"": ""LEGISLATION"",
    ""path"": ""/synthetic/silver/G1401"",
    ""docTitle"": ""Canadian Environmental Assessment Act, 2012"",
    ""autoCompletions"": ""[{\""type\"":\""MAIN_TITLE\"",\""text\"":\""Canadian Environmental Assessment Act, 2012\""},{\""type\"":\""LEGISLATION_REFERENCE\"",\""text\"":\""S.C. 2012, c. 19\""}]"",
    ""jurisdictionId"": ""unspecified"",
    ""citedCount"": 1
  }
]"
https://synthetic.leread.ca/silver/G1402,"[
  {
    ""id"": ""silver-G1402"",
    ""docType"": ""DECISION"",
    ""path"": ""/synthetic/silver/G1402"",
    ""docTitle"": ""Canadian National Railway Company v. Emerson Milling Inc."",
    ""autoCompletions"": ""[{\""type\"":\""MAIN_TITLE\"",\""text\"":\""Canadian National Railway Company v. Emerson Milling Inc.\""},{\""type\"":\""DECISION_ALTERNATE_TITLE\"",\""text\"":\""Emerson Milling\""},{\""type\"":\""DECISION_OTHER_REFERENCES\"",\""text\"":\""2017 FCA 79\""},{\""type\"":\""DECISION_OTHER_REFERENCES\"",\""text\"":\""[2018] 2 F.C.R. 573\""}]"",
    ""jurisdictionId"": ""unspecified"",
    ""citedCount"": 3
  }
]"
https://synthetic.leread.ca/silver/G1403,"[
  {
    ""id"": ""silver-G1403"",
    ""docType"": ""LEGISLATION"",
    ""path"": ""/synthetic/silver/G1403"",
    ""docTitle"": ""Certificate of Public Convenience and Necessity"",
    ""autoCompletions"": ""[{\""type\"":\""MAIN_TITLE\"",\""text\"":\""Certificate of Public Convenience and Necessity\""},{\""type\"":\""LEGISLATION_ALTERNATE_TITLE\"",\""text\"":\""Certificate\""}]"",
    ""jurisdictionId"": ""unspecified"",
    ""citedCount"": 1
  }
]"
https://synthetic.leread.ca/silver/G1404,"[
  {
    ""id"": ""silver-G1404"",
    ""docType"": ""DECISION"",
    ""path"": ""/synthetic/silver/G1404"",
    ""docTitle"": ""Chippewas of the Thames First Nation v. Enbridge Pipelines Inc."",
    ""autoCompletions"": ""[{\""type\"":\""MAIN_TITLE\"",\""text\"":\""Chippewas of the Thames First Nation v. Enbridge Pipelines Inc.\""},{\""type\"":\""DECISION_OTHER_REFERENCES\"",\""text\"":\""2017 SCC 41\""},{\""type\"":\""DECISION_OTHER_REFERENCES\"",\""text\"":\""[2017] 1 S.C.R. 1099\""}]"",
    ""jurisdictionId"": ""unspecified"",
    ""citedCount"": 1
  }
]"
https://synthetic.leread.ca/silver/G1405,"[
  {
    ""id"": ""silver-G1405"",
    ""docType"": ""LEGISLATION"",
    ""path"": ""/synthetic/silver/G1405"",
    ""docTitle"": ""Class 3 licence No. 3288"",
    ""autoCompletions"": ""[{\""type\"":\""MAIN_TITLE\"",\""text\"":\""Class 3 licence No. 3288\""},{\""type\"":\""LEGISLATION_ALTERNATE_TITLE\"",\""text\"":\""Class 3 licence\""},{\""type\"":\""LEGISLATION_REFERENCE\"",\""text\"":\""No. 3288\""}]"",
    ""jurisdictionId"": ""unspecified"",
    ""citedCount"": 1
  }
]"
https://synthetic.leread.ca/silver/G1408,"[
  {
    ""id"": ""silver-G1408"",
    ""docType"": ""DOCTRINE"",
    ""path"": ""/synthetic/silver/G1408"",
    ""docTitle"": ""Collins English Dictionary"",
    ""autoCompletions"": ""[{\""type\"":\""MAIN_TITLE\"",\""text\"":\""Collins English Dictionary\""}]"",
    ""jurisdictionId"": ""unspecified"",
    ""citedCount"": 1
  }
]"
https://synthetic.leread.ca/silver/G1409,"[
  {
    ""id"": ""silver-G1409"",
    ""docType"": ""LEGISLATION"",
    ""path"": ""/synthetic/silver/G1409"",
    ""docTitle"": ""Crown Corporations Governance and Accountability Act"",
    ""autoCompletions"": ""[{\""type\"":\""MAIN_TITLE\"",\""text\"":\""Crown Corporations Governance and Accountability Act\""},{\""type\"":\""LEGISLATION_REFERENCE\"",\""text\"":\""C.C.S.M., c. C336\""}]"",
    ""jurisdictionId"": ""unspecified"",
    ""citedCount"": 1
  }
]"
https://synthetic.leread.ca/silver/G1410,"[
  {
    ""id"": ""silver-G1410"",
    ""docType"": ""DECISION"",
    ""path"": ""/synthetic/silver/G1410"",
    ""docTitle"": ""EH-001-2017"",
    ""autoCompletions"": ""[{\""type\"":\""MAIN_TITLE\"",\""text\"":\""EH-001-2017\""},{\""type\"":\""DECISION_ALTERNATE_TITLE\"",\""text\"":\""Decision\""},{\""type\"":\""DECISION_ALTERNATE_TITLE\"",\""text\"":\""Decision EH-001-2017\""},{\""type\"":\""DECISION_ALTERNATE_TITLE\"",\""text\"":\""EH-001-20177\""},{\""type\"":\""DECISION_ALTERNATE_TITLE\"",\""text\"":\""NEB’s EH-001-2017 proceeding\""},{\""type\"":\""DECISION_OTHER_REFERENCES\"",\""text\"":\""EH-001-2017\""}]"",
    ""jurisdictionId"": ""unspecified"",
    ""citedCount"": 45
  }
]"
https://synthetic.leread.ca/silver/G1411,"[
  {
    ""id"": ""silver-G1411"",
    ""docType"": ""LEGISLATION"",
    ""path"": ""/synthetic/silver/G1411"",
    ""docTitle"": ""EH-001-2107"",
    ""autoCompletions"": ""[{\""type\"":\""MAIN_TITLE\"",\""text\"":\""EH-001-2107\""},{\""type\"":\""LEGISLATION_ALTERNATE_TITLE\"",\""text\"":\""decision <auto_label id=\\\""579\\\"" labelname=\\\""citation\\\"" parent=\\\""title\\\"" style=\\\""background-color: rgb(255, 87, 51); color: black;\\\"" verified=\\\""false\\\"">EH-001-2107</auto_label>\""}]"",
    ""jurisdictionId"": ""unspecified"",
    ""citedCount"": 1
  }
]"
https://synthetic.leread.ca/silver/G1412,"[
  {
    ""id"": ""silver-G1412"",
    ""docType"": ""DECISION"",
    ""path"": ""/synthetic/silver/G1412"",
    ""docTitle"": ""Entertainment Software Association v. Society of Composers, Authors and Music Publishers of Canada"",
    ""autoCompletions"": ""[{\""type\"":\""MAIN_TITLE\"",\""text\"":\""Entertainment Software Association v. Society of Composers, Authors and Music Publishers of Canada\""},{\""type\"":\""DECISION_OTHER_REFERENCES\"",\""text\"":\""2020 FCA 100\""},{\""type\"":\""DECISION_OTHER_REFERENCES\"",\""text\"":\""2022 SCC 30\""},{\""type\"":\""DECISION_OTHER_REFERENCES\"",\""text\"":\""471 D.L.R. (4th) 391\""},{\""type\"":\""DECISION_OTHER_REFERENCES\"",\""text\"":\""[2021] 1 F.C.R. 374\""}]"",
    ""jurisdictionId"": ""unspecified"",
    ""citedCount"": 2
  }
]"
https://synthetic.leread.ca/silver/G1413,"[
  {
    ""id"": ""silver-G1413"",
    ""docType"": ""LEGISLATION"",
    ""path"": ""/synthetic/silver/G1413"",
    ""docTitle"": ""Federal Order in Council"",
    ""autoCompletions"": ""[{\""type\"":\""MAIN_TITLE\"",\""text\"":\""Federal Order in Council\""},{\""type\"":\""LEGISLATION_ALTERNATE_TITLE\"",\""text\"":\""The Federal Order in Council\""}]"",
    ""jurisdictionId"": ""unspecified"",
    ""citedCount"": 5
  }
]"
https://synthetic.leread.ca/silver/G1415,"[
  {
    ""id"": ""silver-G1415"",
    ""docType"": ""DECISION"",
    ""path"": ""/synthetic/silver/G1415"",
    ""docTitle"": ""Law Society of Saskatchewan v. Abrametz"",
    ""autoCompletions"": ""[{\""type\"":\""MAIN_TITLE\"",\""text\"":\""Law Society of Saskatchewan v. Abrametz\""},{\""type\"":\""DECISION_OTHER_REFERENCES\"",\""text\"":\""2022 SCC 29\""},{\""type\"":\""DECISION_OTHER_REFERENCES\"",\""text\"":\""470 D.L.R. (4th) 328\""}]"",
    ""jurisdictionId"": ""unspecified"",
    ""citedCount"": 1
  }
]"
https://synthetic.leread.ca/silver/G1416,"[
  {
    ""id"": ""silver-G1416"",
    ""docType"": ""DOCTRINE"",
    ""path"": ""/synthetic/silver/G1416"",
    ""docTitle"": ""Le Petit Robert de la langue française"",
    ""autoCompletions"": ""[{\""type\"":\""MAIN_TITLE\"",\""text\"":\""Le Petit Robert de la langue française\""}]"",
    ""jurisdictionId"": ""unspecified"",
    ""citedCount"": 1
  }
]"
https://synthetic.leread.ca/silver/G1417,"[
  {
    ""id"": ""silver-G1417"",
    ""docType"": ""DOCTRINE"",
    ""path"": ""/synthetic/silver/G1417"",
    ""docTitle"": ""Le petit Larousse illustré"",
    ""autoCompletions"": ""[{\""type\"":\""MAIN_TITLE\"",\""text\"":\""Le petit Larousse illustré\""}]"",
    ""jurisdictionId"": ""unspecified"",
    ""citedCount"": 1
  }
]"
https://synthetic.leread.ca/silver/G1418,"[
  {
    ""id"": ""silver-G1418"",
    ""docType"": ""LEGISLATION"",
    ""path"": ""/synthetic/silver/G1418"",
    ""docTitle"": ""Manitoba Act, 1870"",
    ""autoCompletions"": ""[{\""type\"":\""MAIN_TITLE\"",\""text\"":\""Manitoba Act, 1870\""},{\""type\"":\""LEGISLATION_ALTERNATE_TITLE\"",\""text\"":\""Manitoba Act\""},{\""type\"":\""LEGISLATION_REFERENCE\"",\""text\"":\""S.C. 1870, c. 3\""}]"",
    ""jurisdictionId"": ""unspecified"",
    ""citedCount"": 3
  }
]"
https://synthetic.leread.ca/silver/G1419,"[
  {
    ""id"": ""silver-G1419"",
    ""docType"": ""LEGISLATION"",
    ""path"": ""/synthetic/silver/G1419"",
    ""docTitle"": ""Manitoba Hydro East Side Expansion Project"",
    ""autoCompletions"": ""[{\""type\"":\""MAIN_TITLE\"",\""text\"":\""Manitoba Hydro East Side Expansion Project\""},{\""type\"":\""LEGISLATION_ALTERNATE_TITLE\"",\""text\"":\""MAP\""}]"",
    ""jurisdictionId"": ""unspecified"",
    ""citedCount"": 3
  }
]"
https://synthetic.leread.ca/silver/G1421,"[
  {
    ""id"": ""silver-G1421"",
    ""docType"": ""DECISION"",
    ""path"": ""/synthetic/silver/G1421"",
    ""docTitle"": ""Manitoba Métis Federation Inc. v. Brian Pallister et al."",
    ""autoCompletions"": ""[{\""type\"":\""MAIN_TITLE\"",\""text\"":\""Manitoba Métis Federation Inc. v. Brian Pallister et al.\""},{\""type\"":\""DECISION_ALTERNATE_TITLE\"",\""text\"":\""MBCA\""},{\""type\"":\""DECISION_ALTERNATE_TITLE\"",\""text\"":\""Pallister\""},{\""type\"":\""DECISION_ALTERNATE_TITLE\"",\""text\"":\""Pallister MBCA\""},{\""type\"":\""DECISION_ALTERNATE_TITLE\"",\""text\"":\""Pallister MBQB\""},{\""type\"":\""DECISION_OTHER_REFERENCES\"",\""text\"":\""2020 MBQB 49\""},{\""type\"":\""DECISION_OTHER_REFERENCES\"",\""text\"":\""2021 MBCA 47\""},{\""type\"":\""DECISION_OTHER_REFERENCES\"",\""text\"":\""[2020] 8 W.W.R. 523\""},{\""type\"":\""DECISION_OTHER_REFERENCES\"",\""text\"":\""[2021] 7 W.W.R. 475\""}]"",
    ""jurisdictionId"": ""unspecified"",
    ""citedCount"": 13
  }
]"
https://synthetic.leread.ca/silver/G1423,"[
  {
    ""id"": ""silver-G1423"",
    ""docType"": ""DOCTRINE"",
    ""path"": ""/synthetic/silver/G1423"",
    ""docTitle"": ""Merriam-Webster Collegiate Dictionary"",
    ""autoCompletions"": ""[{\""type\"":\""MAIN_TITLE\"",\""text\"":\""Merriam-Webster Collegiate Dictionary\""}]"",
    ""jurisdictionId"": ""unspecified"",
    ""citedCount"": 1
  }
]"
https://synthetic.leread.ca/silver/G1424,"[
  {
    ""id"": ""silver-G1424"",
    ""docType"": ""LEGISLATION"",
    ""path"": ""/synthetic/silver/G1424"",
    ""docTitle"": ""National Energy Board Act"",
    ""autoCompletions"": ""[{\""type\"":\""MAIN_TITLE\"",\""text\"":\""National Energy Board Act\""},{\""type\"":\""LEGISLATION_ALTERNATE_TITLE\"",\""text\"":\""NEB\""},{\""type\"":\""LEGISLATION_ALTERNATE_TITLE\"",\""text\"":\""NEB Act\""},{\""type\"":\""LEGISLATION_REFERENCE\"",\""text\"":\""R.S.C. 1985, c. N-7\""}]"",
    ""jurisdictionId"": ""unspecified"",
    ""citedCount"": 14
  }
]"
https://synthetic.leread.ca/silver/G1425,"[
  {
    ""id"": ""silver-G1425"",
    ""docType"": ""LEGISLATION"",
    ""path"": ""/synthetic/silver/G1425"",
    ""docTitle"": ""National Energy Board Rules of Practice and Procedure, 1995"",
    ""autoCompletions"": ""[{\""type\"":\""MAIN_TITLE\"",\""text\"":\""National Energy Board Rules of Practice and Procedure, 1995\""},{\""type\"":\""LEGISLATION_REFERENCE\"",\""text\"":\""S.O.R. 95/208\""}]"",
    ""jurisdictionId"": ""unspecified"",
    ""citedCount"": 1
  }
]"
https://synthetic.leread.ca/silver/G1426,"[
  {
    ""id"": ""silver-G1426"",
    ""docType"": ""LEGISLATION"",
    ""path"": ""/synthetic/silver/G1426"",
    ""docTitle"": ""Order in Council No. 00082/2018"",
    ""autoCompletions"": ""[{\""type\"":\""MAIN_TITLE\"",\""text\"":\""Order in Council No. 00082/2018\""},{\""type\"":\""LEGISLATION_ALTERNATE_TITLE\"",\""text\"":\""Manitoba Order in Council\""},{\""type\"":\""LEGISLATION_REFERENCE\"",\""text\"":\""<auto_label id=\\\""184\\\"" labelname=\\\""title\\\"" parent=\\\""citation\\\"" style=\\\""background-color: rgb(147, 196, 125); color: black;\\\"" titletype=\\\""official\\\"" verified=\\\""false\\\"">Order in Council No. 00082/2018</auto_label>\""}]"",
    ""jurisdictionId"": ""unspecified"",
    ""citedCount"": 6
  }
]"
https://synthetic.leread.ca/silver/G1427,"[
  {
    ""id"": ""silver-G1427"",
    ""docType"": ""LEGISLATION"",
    ""path"": ""/synthetic/silver/G1427"",
    ""docTitle"": ""Order in Council PC Number 2019-0784"",
    ""autoCompletions"": ""[{\""type\"":\""MAIN_TITLE\"",\""text\"":\""Order in Council PC Number 2019-0784\""}]"",
    ""jurisdictionId"": ""unspecified"",
    ""citedCount"": 1
  }
]"
https://synthetic.leread.ca/silver/G1428,"[
  {
    ""id"": ""silver-G1428"",
    ""docType"": ""LEGISLATION"",
    ""path"": ""/synthetic/silver/G1428"",
    ""docTitle"": ""Project Conditions"",
    ""autoCompletions"": ""[{\""type\"":\""MAIN_TITLE\"",\""text\"":\""Project Conditions\""}]"",
    ""jurisdictionId"": ""unspecified"",
    ""citedCount"": 11
  }
]"
https://synthetic.leread.ca/silver/G1429,"[
  {
    ""id"": ""silver-G1429"",
    ""docType"": ""DECISION"",
    ""path"": ""/synthetic/silver/G1429"",
    ""docTitle"": ""R. v. Powley"",
    ""autoCompletions"": ""[{\""type\"":\""MAIN_TITLE\"",\""text\"":\""R. v. Powley\""},{\""type\"":\""DECISION_OTHER_REFERENCES\"",\""text\"":\""2003 SCC 43\""},{\""type\"":\""DECISION_OTHER_REFERENCES\"",\""text\"":\""[2003] 2 S.C.R. 207\""}]"",
    ""jurisdictionId"": ""unspecified"",
    ""citedCount"": 1
  }
]"
https://synthetic.leread.ca/silver/G1430,"[
  {
    ""id"": ""silver-G1430"",
    ""docType"": ""DECISION"",
    ""path"": ""/synthetic/silver/G1430"",
    ""docTitle"": ""R. v. R.E.M."",
    ""autoCompletions"": ""[{\""type\"":\""MAIN_TITLE\"",\""text\"":\""R. v. R.E.M.\""},{\""type\"":\""DECISION_ALTERNATE_TITLE\"",\""text\"":\""R.E.M.\""},{\""type\"":\""DECISION_OTHER_REFERENCES\"",\""text\"":\""2008 SCC 51\""},{\""type\"":\""DECISION_OTHER_REFERENCES\"",\""text\"":\""[2008] 3 S.C.R. 3\""}]"",
    ""jurisdictionId"": ""unspecified"",
    ""citedCount"": 3
  }
]"
https://synthetic.leread.ca/silver/G1432,"[
  {
    ""id"": ""silver-G1432"",
    ""docType"": ""DECISION"",
    ""path"": ""/synthetic/silver/G1432"",
    ""docTitle"": ""Rio Tinto Alcan Inc. v. Carrier Sekani Tribal Council"",
    ""autoCompletions"": ""[{\""type\"":\""MAIN_TITLE\"",\""text\"":\""Rio Tinto Alcan Inc. v. Carrier Sekani Tribal Council\""},{\""type\"":\""DECISION_OTHER_REFERENCES\"",\""text\"":\""2010 SCC 43\""},{\""type\"":\""DECISION_OTHER_REFERENCES\"",\""text\"":\""[2010] 2 S.C.R. 650\""}]"",
    ""jurisdictionId"": ""unspecified"",
    ""citedCount"": 1
  }
]"
https://synthetic.leread.ca/silver/G1433,"[
  {
    ""id"": ""silver-G1433"",
    ""docType"": ""LEGISLATION"",
    ""path"": ""/synthetic/silver/G1433"",
    ""docTitle"": ""Royal Proclamation of 1763"",
    ""autoCompletions"": ""[{\""type\"":\""MAIN_TITLE\"",\""text\"":\""Royal Proclamation of 1763\""},{\""type\"":\""LEGISLATION_ALTERNATE_TITLE\"",\""text\"":\""Royal Proclamation\""},{\""type\"":\""LEGISLATION_REFERENCE\"",\""text\"":\""1763\""}]"",
    ""jurisdictionId"": ""unspecified"",
    ""citedCount"": 1
  }
]"
https://synthetic.leread.ca/silver/G1434,"[
  {
    ""id"": ""silver-G1434"",
    ""docType"": ""DECISION"",
    ""path"": ""/synthetic/silver/G1434"",
    ""docTitle"": ""Simpson v. Canada (Attorney General)"",
    ""autoCompletions"": ""[{\""type\"":\""MAIN_TITLE\"",\""text\"":\""Simpson v. Canada (Attorney General)\""},{\""type\"":\""DECISION_OTHER_REFERENCES\"",\""text\"":\""2012 FCA 82\""},{\""type\"":\""DECISION_OTHER_REFERENCES\"",\""text\"":\""213 A.C.W.S. (3d) 223\""}]"",
    ""jurisdictionId"": ""unspecified"",
    ""citedCount"": 1
  }
]"
https://synthetic.leread.ca/silver/G1435,"[
  {
    ""id"": ""silver-G1435"",
    ""docType"": ""DECISION"",
    ""path"": ""/synthetic/silver/G1435"",
    ""docTitle"": ""Taku River Tlingit First Nation v. British Columbia (Project Assessment Director)"",
    ""autoCompletions"": ""[{\""type\"":\""MAIN_TITLE\"",\""text\"":\""Taku River Tlingit First Nation v. British Columbia (Project Assessment Director)\""},{\""type\"":\""DECISION_OTHER_REFERENCES\"",\""text\"":\""2004 SCC 74\""},{\""type\"":\""DECISION_OTHER_REFERENCES\"",\""text\"":\""[2004] 3 S.C.R. 550\""}]"",
    ""jurisdictionId"": ""unspecified"",
    ""citedCount"": 1
  }
]"
https://synthetic.leread.ca/silver/G1437,"[
  {
    ""id"": ""silver-G1437"",
    ""docType"": ""LEGISLATION"",
    ""path"": ""/synthetic/silver/G1437"",
    ""docTitle"": ""The Manitoba Hydro Act"",
    ""autoCompletions"": ""[{\""type\"":\""MAIN_TITLE\"",\""text\"":\""The Manitoba Hydro Act\""},{\""type\"":\""LEGISLATION_REFERENCE\"",\""text\"":\""C.C.S.M., c. H190\""}]"",
    ""jurisdictionId"": ""unspecified"",
    ""citedCount"": 1
  }
]"
https://synthetic.leread.ca/silver/G1438,"[
  {
    ""id"": ""silver-G1438"",
    ""docType"": ""LEGISLATION"",
    ""path"": ""/synthetic/silver/G1438"",
    ""docTitle"": ""The Public Utilities Act"",
    ""autoCompletions"": ""[{\""type\"":\""MAIN_TITLE\"",\""text\"":\""The Public Utilities Act\""},{\""type\"":\""LEGISLATION_ALTERNATE_TITLE\"",\""text\"":\""TPA\""}]"",
    ""jurisdictionId"": ""unspecified"",
    ""citedCount"": 2
  }
]"
https://synthetic.leread.ca/silver/G1439,"[
  {
    ""id"": ""silver-G1439"",
    ""docType"": ""DECISION"",
    ""path"": ""/synthetic/silver/G1439"",
    ""docTitle"": ""Tsleil-Waututh Nation v. Canada (Attorney General)"",
    ""autoCompletions"": ""[{\""type\"":\""MAIN_TITLE\"",\""text\"":\""Tsleil-Waututh Nation v. Canada (Attorney General)\""},{\""type\"":\""DECISION_ALTERNATE_TITLE\"",\""text\"":\""Tsleil-Waututh I\""},{\""type\"":\""DECISION_OTHER_REFERENCES\"",\""text\"":\""2018 FCA 153\""},{\""type\"":\""DECISION_OTHER_REFERENCES\"",\""text\"":\""[2019] 2 F.C.R. 3\""}]"",
    ""jurisdictionId"": ""unspecified"",
    ""citedCount"": 9
  }
]"
https://synthetic.leread.ca/silver/G1440,"[
  {
    ""id"": ""silver-G1440"",
    ""docType"": ""DECISION"",
    ""path"": ""/synthetic/silver/G1440"",
    ""docTitle"": ""Williams v. Canada (Public Safety and Emergency Preparedness)"",
    ""autoCompletions"": ""[{\""type\"":\""MAIN_TITLE\"",\""text\"":\""Williams v. Canada (Public Safety and Emergency Preparedness)\""},{\""type\"":\""DECISION_OTHER_REFERENCES\"",\""text\"":\""2017 FCA 252\""},{\""type\"":\""DECISION_OTHER_REFERENCES\"",\""text\"":\""[2018] 4 F.C.R. 174\""}]"",
    ""jurisdictionId"": ""unspecified"",
    ""citedCount"": 1
  }
]"
https://synthetic.leread.ca/silver/G1442,"[
  {
    ""id"": ""silver-G1442"",
    ""docType"": ""LEGISLATION"",
    ""path"": ""/synthetic/silver/G1442"",
    ""docTitle"": ""Companion Policy 31-103CP"",
    ""autoCompletions"": ""[{\""type\"":\""MAIN_TITLE\"",\""text\"":\""Companion Policy 31-103CP\""},{\""type\"":\""LEGISLATION_ALTERNATE_TITLE\"",\""text\"":\""Registration Requirements, Exemptions and Ongoing Registrant Obligations\""}]"",
    ""jurisdictionId"": ""unspecified"",
    ""citedCount"": 1
  }
]"
https://synthetic.leread.ca/silver/G1443,"[
  {
    ""id"": ""silver-G1443"",
    ""docType"": ""DECISION"",
    ""path"": ""/synthetic/silver/G1443"",
    ""docTitle"": ""Manticore Labs OÜ (Re)"",
    ""autoCompletions"": ""[{\""type\"":\""MAIN_TITLE\"",\""text\"":\""Manticore Labs OÜ (Re)\""},{\""type\"":\""DECISION_OTHER_REFERENCES\"",\""text\"":\""2024 ONCMT 19\""},{\""type\"":\""DECISION_OTHER_REFERENCES\"",\""text\"":\""47 OSCB 925\""}]"",
    ""jurisdictionId"": ""unspecified"",
    ""citedCount"": 2
  }
]"
https://synthetic.leread.ca/silver/G1447,"[
  {
    ""id"": ""silver-G1447"",
    ""docType"": ""DECISION"",
    ""path"": ""/synthetic/silver/G1447"",
    ""docTitle"": ""Nova Tech Ltd (Re)"",
    ""autoCompletions"": ""[{\""type\"":\""MAIN_TITLE\"",\""text\"":\""Nova Tech Ltd (Re)\""},{\""type\"":\""DECISION_ALTERNATE_TITLE\"",\""text\"":\""Nova Tech Litd (Re)\""},{\""type\"":\""DECISION_OTHER_REFERENCES\"",\""text\"":\""2024 ONCMT 18\""}]"",
    ""jurisdictionId"": ""unspecified"",
    ""citedCount"": 1
  }
]"
https://synthetic.leread.ca/silver/G1448,"[
  {
    ""id"": ""silver-G1448"",
    ""docType"": ""LEGISLATION"",
    ""path"": ""/synthetic/silver/G1448"",
    ""docTitle"": ""Ontario Securities Commission Rules of Procedure"",
    ""autoCompletions"": ""[{\""type\"":\""MAIN_TITLE\"",\""text\"":\""Ontario Securities Commission Rules of Procedure\""},{\""type\"":\""LEGISLATION_ALTERNATE_TITLE\"",\""text\"":\""Rules of Procedure\""}]"",
    ""jurisdictionId"": ""unspecified"",
    ""citedCount"": 2
  }
]"
https://synthetic.leread.ca/silver/G1451,"[
  {
    ""id"": ""silver-G1451"",
    ""docType"": ""DECISION"",
    ""path"": ""/synthetic/silver/G1451"",
    ""docTitle"": ""Re CTC Dealer Holdings Ltd et al and Ontario Securities Commission et al (1987)"",
    ""autoCompletions"": ""[{\""type\"":\""MAIN_TITLE\"",\""text\"":\""Re CTC Dealer Holdings Ltd et al and Ontario Securities Commission et al (1987)\""},{\""type\"":\""DECISION_OTHER_REFERENCES\"",\""text\"":\""1987 CanLII 4234 (ON SC)\""}]"",
    ""jurisdictionId"": ""unspecified"",
    ""citedCount"": 1
  }
]"
https://synthetic.leread.ca/silver/G1453,"[
  {
    ""id"": ""silver-G1453"",
    ""docType"": ""DOCTRINE"",
    ""path"": ""/synthetic/silver/G1453"",
    ""docTitle"": ""Staff Notice 21-329"",
    ""autoCompletions"": ""[{\""type\"":\""MAIN_TITLE\"",\""text\"":\""Staff Notice 21-329\""},{\""type\"":\""MAIN_TITLE\"",\""text\"":\""Guidance for Crypto-Asset Trading Platforms: Compliance with Regulatory Requirements\""}]"",
    ""jurisdictionId"": ""unspecified"",
    ""citedCount"": 1
  }
]"
https://synthetic.leread.ca/silver/G1454,"[
  {
    ""id"": ""silver-G1454"",
    ""docType"": ""DECISION"",
    ""path"": ""/synthetic/silver/G1454"",
    ""docTitle"": ""Biomedical Commercialization Canada Inc. v. Health Media Network Inc."",
    ""autoCompletions"": ""[{\""type\"":\""MAIN_TITLE\"",\""text\"":\""Biomedical Commercialization Canada Inc. v. Health Media Network Inc.\""},{\""type\"":\""DECISION_OTHER_REFERENCES\"",\""text\"":\""2018 MBQB 188\""}]"",
    ""jurisdictionId"": ""unspecified"",
    ""citedCount"": 1
  }
]"
https://synthetic.leread.ca/silver/G1455,"[
  {
    ""id"": ""silver-G1455"",
    ""docType"": ""DECISION"",
    ""path"": ""/synthetic/silver/G1455"",
    ""docTitle"": ""CI 19-01-23195"",
    ""autoCompletions"": ""[{\""type\"":\""MAIN_TITLE\"",\""text\"":\""CI 19-01-23195\""},{\""type\"":\""DECISION_OTHER_REFERENCES\"",\""text\"":\""CI 19-01-23195\""}]"",
    ""jurisdictionId"": ""unspecified"",
    ""citedCount"": 1
  }
]"
https://synthetic.leread.ca/silver/G1456,"[
  {
    ""id"": ""silver-G1456"",
    ""docType"": ""DECISION"",
    ""path"": ""/synthetic/silver/G1456"",
    ""docTitle"": ""Canadian Star Development Corp. v. 0712276 B.C. Ltd."",
    ""autoCompletions"": ""[{\""type\"":\""MAIN_TITLE\"",\""text\"":\""Canadian Star Development Corp. v. 0712276 B.C. Ltd.\""},{\""type\"":\""DECISION_OTHER_REFERENCES\"",\""text\"":\""2018 BCSC 871\""}]"",
    ""jurisdictionId"": ""unspecified"",
    ""citedCount"": 1
  }
]"
https://synthetic.leread.ca/silver/G1457,"[
  {
    ""id"": ""silver-G1457"",
    ""docType"": ""DECISION"",
    ""path"": ""/synthetic/silver/G1457"",
    ""docTitle"": ""Cobbe’s Plumbing & Heating Ltd. v. Westfair Properties Ltd."",
    ""autoCompletions"": ""[{\""type\"":\""MAIN_TITLE\"",\""text\"":\""Cobbe’s Plumbing & Heating Ltd. v. Westfair Properties Ltd.\""},{\""type\"":\""DECISION_ALTERNATE_TITLE\"",\""text\"":\""Cobbe\""},{\""type\"":\""DECISION_ALTERNATE_TITLE\"",\""text\"":\""Cobbe’s\""},{\""type\"":\""DECISION_ALTERNATE_TITLE\"",\""text\"":\""Cobbe’s Plumbing &amp; Heating Ltd. v. Westfair Properties Ltd.\""},{\""type\"":\""DECISION_OTHER_REFERENCES\"",\""text\"":\""2004 MBQB 31\""}]"",
    ""jurisdictionId"": ""unspecified"",
    ""citedCount"": 7
  }
]"
https://synthetic.leread.ca/silver/G1458,"[
  {
    ""id"": ""silver-G1458"",
    ""docType"": ""LEGISLATION"",
    ""path"": ""/synthetic/silver/G1458"",
    ""docTitle"": ""Competition Act"",
    ""autoCompletions"": ""[{\""type\"":\""MAIN_TITLE\"",\""text\"":\""Competition Act\""},{\""type\"":\""LEGISLATION_REFERENCE\"",\""text\"":\""R.S.C., 1985, c. C-34\""}]"",
    ""jurisdictionId"": ""unspecified"",
    ""citedCount"": 2
  }
]"
https://synthetic.leread.ca/silver/G1459,"[
  {
    ""id"": ""silver-G1459"",
    ""docType"": ""DECISION"",
    ""path"": ""/synthetic/silver/G1459"",
    ""docTitle"": ""Ed Bulley Ventures Ltd. v. The Pantry Hospitality Corporation"",
    ""autoCompletions"": ""[{\""type\"":\""MAIN_TITLE\"",\""text\"":\""Ed Bulley Ventures Ltd. v. The Pantry Hospitality Corporation\""},{\""type\"":\""DECISION_OTHER_REFERENCES\"",\""text\"":\""2014 BCCA 52\""}]"",
    ""jurisdictionId"": ""unspecified"",
    ""citedCount"": 2
  }
]"
https://synthetic.leread.ca/silver/G1460,"[
  {
    ""id"": ""silver-G1460"",
    ""docType"": ""DECISION"",
    ""path"": ""/synthetic/silver/G1460"",
    ""docTitle"": ""EllisDon Corporation v. Winnipeg Airports Authority Inc."",
    ""autoCompletions"": ""[{\""type\"":\""MAIN_TITLE\"",\""text\"":\""EllisDon Corporation v. Winnipeg Airports Authority Inc.\""},{\""type\"":\""DECISION_OTHER_REFERENCES\"",\""text\"":\""File No. CI 11-01-74938\""}]"",
    ""jurisdictionId"": ""unspecified"",
    ""citedCount"": 1
  }
]"
https://synthetic.leread.ca/silver/G1461,"[
  {
    ""id"": ""silver-G1461"",
    ""docType"": ""DECISION"",
    ""path"": ""/synthetic/silver/G1461"",
    ""docTitle"": ""Falcon Lumber Limited v. 2480375 Ontario Inc. (GN Mouldings and Doors)"",
    ""autoCompletions"": ""[{\""type\"":\""MAIN_TITLE\"",\""text\"":\""Falcon Lumber Limited v. 2480375 Ontario Inc. (GN Mouldings and Doors)\""},{\""type\"":\""DECISION_ALTERNATE_TITLE\"",\""text\"":\""Falcon Lumber\""},{\""type\"":\""DECISION_OTHER_REFERENCES\"",\""text\"":\""2020 ONCA 310\""}]"",
    ""jurisdictionId"": ""unspecified"",
    ""citedCount"": 4
  }
]"
https://synthetic.leread.ca/silver/G1462,"[
  {
    ""id"": ""silver-G1462"",
    ""docType"": ""DECISION"",
    ""path"": ""/synthetic/silver/G1462"",
    ""docTitle"": ""Hanson v Hildi Warkentin Tax Ltd et al"",
    ""autoCompletions"": ""[{\""type\"":\""MAIN_TITLE\"",\""text\"":\""Hanson v Hildi Warkentin Tax Ltd et al\""},{\""type\"":\""DECISION_ALTERNATE_TITLE\"",\""text\"":\""Hanson\""},{\""type\"":\""DECISION_OTHER_REFERENCES\"",\""text\"":\""2017 MBCA 99\""}]"",
    ""jurisdictionId"": ""unspecified"",
    ""citedCount"": 3
  }
]"
https://synthetic.leread.ca/silver/G1463,"[
  {
    ""id"": ""silver-G1463"",
    ""docType"": ""DECISION"",
    ""path"": ""/synthetic/silver/G1463"",
    ""docTitle"": ""National Concrete Accessories Canada Inc v AAA-Zaid"",
    ""autoCompletions"": ""[{\""type\"":\""MAIN_TITLE\"",\""text\"":\""National Concrete Accessories Canada Inc v AAA-Zaid\""},{\""type\"":\""DECISION_ALTERNATE_TITLE\"",\""text\"":\""National Concrete\""},{\""type\"":\""DECISION_OTHER_REFERENCES\"",\""text\"":\""2017 MBCA 28\""}]"",
    ""jurisdictionId"": ""unspecified"",
    ""citedCount"": 2
  }
]"
https://synthetic.leread.ca/silver/G1464,"[
  {
    ""id"": ""silver-G1464"",
    ""docType"": ""LEGISLATION"",
    ""path"": ""/synthetic/silver/G1464"",
    ""docTitle"": ""Rules of Court of King’s Bench of Manitoba"",
    ""autoCompletions"": ""[{\""type\"":\""MAIN_TITLE\"",\""text\"":\""Rules of Court of King’s Bench of Manitoba\""},{\""type\"":\""LEGISLATION_ALTERNATE_TITLE\"",\""text\"":\""Court of Queen's Bench Rules\""},{\""type\"":\""LEGISLATION_ALTERNATE_TITLE\"",\""text\"":\""Rule\""},{\""type\"":\""LEGISLATION_ALTERNATE_TITLE\"",\""text\"":\""Rule 30.08(2)\""},{\""type\"":\""LEGISLATION_ALTERNATE_TITLE\"",\""text\"":\""Rule 50.09(1)\""},{\""type\"":\""LEGISLATION_ALTERNATE_TITLE\"",\""text\"":\""Rule 35.04\""},{\""type\"":\""LEGISLATION_ALTERNATE_TITLE\"",\""text\"":\""Rule 53.03\""},{\""type\"":\""LEGISLATION_ALTERNATE_TITLE\"",\""text\"":\""Rules\""},{\""type\"":\""LEGISLATION_ALTERNATE_TITLE\"",\""text\"":\""Rules at Court of King’s Bench\""},{\""type\"":\""LEGISLATION_ALTERNATE_TITLE\"",\""text\"":\""Rules of civil procedure\""}]"",
    ""jurisdictionId"": ""unspecified"",
    ""citedCount"": 23
  }
]"
https://synthetic.leread.ca/silver/G1465,"[
  {
    ""id"": ""silver-G1465"",
    ""docType"": ""DECISION"",
    ""path"": ""/synthetic/silver/G1465"",
    ""docTitle"": ""The Bankruptcy of Galton Corporation"",
    ""autoCompletions"": ""[{\""type\"":\""MAIN_TITLE\"",\""text\"":\""The Bankruptcy of Galton Corporation\""},{\""type\"":\""DECISION_OTHER_REFERENCES\"",\""text\"":\""2025 MBKB 13\""}]"",
    ""jurisdictionId"": ""unspecified"",
    ""citedCount"": 1
  }
]"
https://synthetic.leread.ca/silver/G1466,"[
  {
    ""id"": ""silver-G1466"",
    ""docType"": ""LEGISLATION"",
    ""path"": ""/synthetic/silver/G1466"",
    ""docTitle"": ""Electricity Act"",
    ""autoCompletions"": ""[{\""type\"":\""MAIN_TITLE\"",\""text\"":\""Electricity Act\""},{\""type\"":\""LEGISLATION_ALTERNATE_TITLE\"",\""text\"":\""Electricity\""}]"",
    ""jurisdictionId"": ""unspecified"",
    ""citedCount"": 2
  }
]"
https://synthetic.leread.ca/silver/G1467,"[
  {
    ""id"": ""silver-G1467"",
    ""docType"": ""DECISION"",
    ""path"": ""/synthetic/silver/G1467"",
    ""docTitle"": ""Matter 552"",
    ""autoCompletions"": ""[{\""type\"":\""MAIN_TITLE\"",\""text\"":\""Matter 552\""}]"",
    ""jurisdictionId"": ""unspecified"",
    ""citedCount"": 2
  }
]"
https://synthetic.leread.ca/silver/G1468,"[
  {
    ""id"": ""silver-G1468"",
    ""docType"": ""DECISION"",
    ""path"": ""/synthetic/silver/G1468"",
    ""docTitle"": ""NB Power Corp. – 2025-2026 Variance Account Recovery (Re)"",
    ""autoCompletions"": ""[{\""type\"":\""MAIN_TITLE\"",\""text\"":\""NB Power Corp. – 2025-2026 Variance Account Recovery (Re)\""},{\""type\"":\""DECISION_OTHER_REFERENCES\"",\""text\"":\""2025 NBEUB 2\""}]"",
    ""jurisdictionId"": ""unspecified"",
    ""citedCount"": 1
  }
]"
https://synthetic.leread.ca/silver/G1469,"[
  {
    ""id"": ""silver-G1469"",
    ""docType"": ""LEGISLATION"",
    ""path"": ""/synthetic/silver/G1469"",
    ""docTitle"": ""Regulatory Variance Accounts and Deferral Account Regulation – Electricity Act"",
    ""autoCompletions"": ""[{\""type\"":\""MAIN_TITLE\"",\""text\"":\""Regulatory Variance Accounts and Deferral Account Regulation – Electricity Act\""},{\""type\"":\""LEGISLATION_ALTERNATE_TITLE\"",\""text\"":\""Regulation\""},{\""type\"":\""LEGISLATION_ALTERNATE_TITLE\"",\""text\"":\""regulation\""}]"",
    ""jurisdictionId"": ""unspecified"",
    ""citedCount"": 19
  }
]"
https://synthetic.leread.ca/silver/G1470,"[
  {
    ""id"": ""silver-G1470"",
    ""docType"": ""DOCTRINE"",
    ""path"": ""/synthetic/silver/G1470"",
    ""docTitle"": ""Board’s Policy and Procedure Manual"",
    ""autoCompletions"": ""[{\""type\"":\""MAIN_TITLE\"",\""text\"":\""Board’s Policy and Procedure Manual\""}]"",
    ""jurisdictionId"": ""unspecified"",
    ""citedCount"": 1
  }
]"
https://synthetic.leread.ca/silver/G1471,"[
  {
    ""id"": ""silver-G1471"",
    ""docType"": ""DECISION"",
    ""path"": ""/synthetic/silver/G1471"",
    ""docTitle"": ""Brown & Marshall Electric Ltd. v IBEW, Local 424"",
    ""autoCompletions"": ""[{\""type\"":\""MAIN_TITLE\"",\""text\"":\""Brown & Marshall Electric Ltd. v IBEW, Local 424\""},{\""type\"":\""DECISION_ALTERNATE_TITLE\"",\""text\"":\""Brown &amp; Marshall Electric Ltd. v IBEW, Local 424\""},{\""type\"":\""DECISION_OTHER_REFERENCES\"",\""text\"":\""[2001] Alta L.R.B.R. 492\""}]"",
    ""jurisdictionId"": ""unspecified"",
    ""citedCount"": 1
  }
]"
https://synthetic.leread.ca/silver/G1472,"[
  {
    ""id"": ""silver-G1472"",
    ""docType"": ""DECISION"",
    ""path"": ""/synthetic/silver/G1472"",
    ""docTitle"": ""Certain Employees of STARBUCKS COFFEE CANADA, INC. v United Steel, Paper and Forestry, Rubber, Manufacturing, Energy, Allied Industrial and Service Workers International Union (United Steelworkers), Local 1-207"",
    ""autoCompletions"": ""[{\""type\"":\""MAIN_TITLE\"",\""text\"":\""Certain Employees of STARBUCKS COFFEE CANADA, INC. v United Steel, Paper and Forestry, Rubber, Manufacturing, Energy, Allied Industrial and Service Workers International Union (United Steelworkers), Local 1-207\""},{\""type\"":\""DECISION_OTHER_REFERENCES\"",\""text\"":\""2026 ALRB 5\""}]"",
    ""jurisdictionId"": ""unspecified"",
    ""citedCount"": 1
  }
]"
https://synthetic.leread.ca/silver/G1473,"[
  {
    ""id"": ""silver-G1473"",
    ""docType"": ""DECISION"",
    ""path"": ""/synthetic/silver/G1473"",
    ""docTitle"": ""Certain Employees of the Royal Canadian Legion Calgary v. Unite Here Canada Local 47"",
    ""autoCompletions"": ""[{\""type\"":\""MAIN_TITLE\"",\""text\"":\""Certain Employees of the Royal Canadian Legion Calgary v. Unite Here Canada Local 47\""},{\""type\"":\""DECISION_OTHER_REFERENCES\"",\""text\"":\""[2007] Alta. L.R.B.R. LD-064\""}]"",
    ""jurisdictionId"": ""unspecified"",
    ""citedCount"": 1
  }
]"
https://synthetic.leread.ca/silver/G1474,"[
  {
    ""id"": ""silver-G1474"",
    ""docType"": ""DECISION"",
    ""path"": ""/synthetic/silver/G1474"",
    ""docTitle"": ""IABSRI, Local 725 v Quolus Construction Services Ltd."",
    ""autoCompletions"": ""[{\""type\"":\""MAIN_TITLE\"",\""text\"":\""IABSRI, Local 725 v Quolus Construction Services Ltd.\""},{\""type\"":\""DECISION_ALTERNATE_TITLE\"",\""text\"":\""Quolos\""},{\""type\"":\""DECISION_ALTERNATE_TITLE\"",\""text\"":\""Quolus\""},{\""type\"":\""DECISION_OTHER_REFERENCES\"",\""text\"":\""[2019] Alta. L.R.B.R. 236\""}]"",
    ""jurisdictionId"": ""unspecified"",
    ""citedCount"": 6
  }
]"
https://synthetic.leread.ca/silver/G1475,"[
  {
    ""id"": ""silver-G1475"",
    ""docType"": ""DECISION"",
    ""path"": ""/synthetic/silver/G1475"",
    ""docTitle"": ""Miscellaneous Employees, Teamsters Local No. 987 v. Brandt Tractor Ltd."",
    ""autoCompletions"": ""[{\""type\"":\""MAIN_TITLE\"",\""text\"":\""Miscellaneous Employees, Teamsters Local No. 987 v. Brandt Tractor Ltd.\""},{\""type\"":\""DECISION_ALTERNATE_TITLE\"",\""text\"":\""Brandt\""},{\""type\"":\""DECISION_OTHER_REFERENCES\"",\""text\"":\""[2010] Alta. L.R.B.R. 56\""}]"",
    ""jurisdictionId"": ""unspecified"",
    ""citedCount"": 4
  }
]"
https://synthetic.leread.ca/silver/G1476,"[
  {
    ""id"": ""silver-G1476"",
    ""docType"": ""DECISION"",
    ""path"": ""/synthetic/silver/G1476"",
    ""docTitle"": ""Telecommunications Workers Union (TWU), United Steelworkers Local Union 1944 v ADT Securities Services Canada, Inc."",
    ""autoCompletions"": ""[{\""type\"":\""MAIN_TITLE\"",\""text\"":\""Telecommunications Workers Union (TWU), United Steelworkers Local Union 1944 v ADT Securities Services Canada, Inc.\""},{\""type\"":\""DECISION_OTHER_REFERENCES\"",\""text\"":\""[2021] Alta. L.R.B.R. LD-055\""}]"",
    ""jurisdictionId"": ""unspecified"",
    ""citedCount"": 1
  }
]"
https://synthetic.leread.ca/silver/G1477,"[
  {
    ""id"": ""silver-G1477"",
    ""docType"": ""LEGISLATION"",
    ""path"": ""/synthetic/silver/G1477"",
    ""docTitle"": ""Voting Rules"",
    ""autoCompletions"": ""[{\""type\"":\""MAIN_TITLE\"",\""text\"":\""Voting Rules\""}]"",
    ""jurisdictionId"": ""unspecified"",
    ""citedCount"": 1
  }
]"
https://synthetic.leread.ca/silver/G1478,"[
  {
    ""id"": ""silver-G1478"",
    ""docType"": ""LEGISLATION"",
    ""path"": ""/synthetic/silver/G1478"",
    ""docTitle"": ""Workers’ Compensation Act (New Brunswick)"",
    ""autoCompletions"": ""[{\""type\"":\""MAIN_TITLE\"",\""text\"":\""Workers’ Compensation Act (New Brunswick)\""},{\""type\"":\""LEGISLATION_ALTERNATE_TITLE\"",\""text\"":\""Act\""},{\""type\"":\""LEGISLATION_ALTERNATE_TITLE\"",\""text\"":\""Loi sur les accidents du travail\""},{\""type\"":\""LEGISLATION_ALTERNATE_TITLE\"",\""text\"":\""WC Act\""},{\""type\"":\""LEGISLATION_ALTERNATE_TITLE\"",\""text\"":\""WCA\""},{\""type\"":\""LEGISLATION_ALTERNATE_TITLE\"",\""text\"":\""Worker's Compensation Act\""},{\""type\"":\""LEGISLATION_ALTERNATE_TITLE\"",\""text\"":\""Workers Compensation Act\""},{\""type\"":\""LEGISLATION_ALTERNATE_TITLE\"",\""text\"":\""Workers' Compensation Act\""},{\""type\"":\""LEGISLATION_ALTERNATE_TITLE\"",\""text\"":\""Workers’ Compensation Act\""},{\""type\"":\""LEGISLATION_ALTERNATE_TITLE\"",\""text\"":\""Workmen's Compensation Act\""},{\""type\"":\""LEGISLATION_REFERENCE\"",\""text\"":\""R.S.N.B. 1973, c. W-13\""}]"",
    ""jurisdictionId"": ""unspecified"",
    ""citedCount"": 94
  }
]"
https://synthetic.leread.ca/silver/G1481,"[
  {
    ""id"": ""silver-G1481"",
    ""docType"": ""LEGISLATION"",
    ""path"": ""/synthetic/silver/G1481"",
    ""docTitle"": ""Labour Relations Code (British Columbia)"",
    ""autoCompletions"": ""[{\""type\"":\""MAIN_TITLE\"",\""text\"":\""Labour Relations Code (British Columbia)\""},{\""type\"":\""LEGISLATION_ALTERNATE_TITLE\"",\""text\"":\""Labour Relations Code\""},{\""type\"":\""LEGISLATION_REFERENCE\"",\""text\"":\""R.S.B.C. 1996, c. 244\""}]"",
    ""jurisdictionId"": ""unspecified"",
    ""citedCount"": 5
  }
]"
https://synthetic.leread.ca/silver/G1482,"[
  {
    ""id"": ""silver-G1482"",
    ""docType"": ""LEGISLATION"",
    ""path"": ""/synthetic/silver/G1482"",
    ""docTitle"": ""Workers Compensation Act PEI"",
    ""autoCompletions"": ""[{\""type\"":\""MAIN_TITLE\"",\""text\"":\""Workers Compensation Act PEI\""},{\""type\"":\""LEGISLATION_ALTERNATE_TITLE\"",\""text\"":\""Workers Compensation Act\""},{\""type\"":\""LEGISLATION_REFERENCE\"",\""text\"":\""R.S.P.E.I. 1988, W-7.1\""}]"",
    ""jurisdictionId"": ""unspecified"",
    ""citedCount"": 1
  }
]"
